2026-04-23 16:41:47 [INFO] RemoteDatabaseManager: API mode enabled — connecting via http://222.127.90.218:5000
2026-04-23 16:42:35 [INFO] RemoteDatabaseManager: API mode enabled — connecting via http://222.127.90.218:5000
2026-04-23 16:42:36 [INFO] AutoUpdater: Silent updater: Checking for updates...
2026-04-23 16:42:36 [INFO] AutoUpdater: Silent update status: Checking for updates...
2026-04-23 16:42:37 [INFO] AutoUpdater: Silent updater: Already on latest version (1.0.0)
2026-04-23 16:42:37 [INFO] AutoUpdater: Silent update status: Already up to date
2026-04-23 16:42:51 [INFO] ping_monitor: PingMonitor started for CL-0074 (user)
2026-04-23 16:42:56 [INFO] login: Logout requested - returning to login screen
2026-04-23 16:42:56 [INFO] ping_monitor: PingMonitor stopped for CL-0074
2026-04-23 16:43:02 [ERROR] login: Error loading dashboard: expected an indented block after 'except' statement on line 141 (daily_transaction_page.py, line 142)
2026-04-23 16:43:03 [INFO] ping_monitor: PingMonitor started for test_admin_A (admin)
2026-04-23 16:43:06 [ERROR] login: Error loading AdminDashboard: expected an indented block after 'except' statement on line 141 (daily_transaction_page.py, line 142)
2026-04-23 16:43:44 [INFO] ping_monitor: PingMonitor stopped for test_admin_A
2026-04-23 16:43:46 [INFO] RemoteDatabaseManager: API mode enabled — connecting via http://222.127.90.218:5000
2026-04-23 16:43:47 [INFO] AutoUpdater: Silent updater: Checking for updates...
2026-04-23 16:43:47 [INFO] AutoUpdater: Silent update status: Checking for updates...
2026-04-23 16:43:48 [INFO] AutoUpdater: Silent updater: Already on latest version (1.0.0)
2026-04-23 16:43:48 [INFO] AutoUpdater: Silent update status: Already up to date
2026-04-23 16:43:59 [INFO] ping_monitor: PingMonitor started for test_admin_A (admin)
2026-04-23 16:44:02 [INFO] login: Logout requested - returning to login screen
2026-04-23 16:44:02 [INFO] ping_monitor: PingMonitor stopped for test_admin_A
2026-04-23 16:44:09 [INFO] ping_monitor: PingMonitor started for test_admin (admin)
2026-04-23 16:44:11 [INFO] login: Logout requested - returning to login screen
2026-04-23 16:44:11 [INFO] ping_monitor: PingMonitor stopped for test_admin
2026-04-23 16:44:19 [INFO] ping_monitor: PingMonitor started for CL-0074 (user)
2026-04-23 16:47:35 [INFO] Client.client_dashboard: daily_reports_brand_a verified: Debit=10053.59, Credit=39.00, Ending=10014.59
2026-04-23 16:47:35 [INFO] Client.client_dashboard: daily_reports verified: Debit=1029.06, Credit=24.00, Ending=1005.06
2026-04-23 16:47:35 [INFO] Client.client_dashboard: Palawan details saved to payable_tbl_brand_a for Brand A
2026-04-23 16:47:35 [INFO] Client.client_dashboard: Palawan details saved to payable_tbl for Brand B
2026-04-23 16:47:35 [INFO] Client.client_dashboard: Cash Float saved: 100.00
2026-04-24 08:27:32 [INFO] RemoteDatabaseManager: API mode enabled — connecting via http://222.127.90.218:5000
2026-04-24 08:27:33 [INFO] AutoUpdater: Silent updater: Checking for updates...
2026-04-24 08:27:33 [INFO] AutoUpdater: Silent update status: Checking for updates...
2026-04-24 08:27:34 [INFO] AutoUpdater: Silent updater: Already on latest version (1.0.0)
2026-04-24 08:27:34 [INFO] AutoUpdater: Silent update status: Already up to date
2026-04-24 08:27:41 [INFO] ping_monitor: PingMonitor started for CL-0074 (user)
2026-04-24 08:30:48 [INFO] Client.client_dashboard: daily_reports_brand_a verified: Debit=10068.18, Credit=49.00, Ending=10019.18
2026-04-24 08:30:48 [INFO] Client.client_dashboard: daily_reports verified: Debit=1034.12, Credit=24.00, Ending=1010.12
2026-04-24 08:30:48 [INFO] Client.client_dashboard: Palawan details saved to payable_tbl_brand_a for Brand A
2026-04-24 08:30:48 [INFO] Client.client_dashboard: Palawan details saved to payable_tbl for Brand B
2026-04-24 08:30:48 [INFO] Client.client_dashboard: Cash Float saved: 1000.00
2026-04-24 08:30:56 [INFO] login: Logout requested - returning to login screen
2026-04-24 08:30:56 [INFO] ping_monitor: PingMonitor stopped for CL-0074
2026-04-24 08:31:04 [INFO] ping_monitor: PingMonitor started for test_admin_A (admin)
2026-04-24 08:37:08 [INFO] RemoteDatabaseManager: API mode enabled — connecting via http://222.127.90.218:5000
2026-04-24 08:37:09 [INFO] AutoUpdater: Silent updater: Checking for updates...
2026-04-24 08:37:09 [INFO] AutoUpdater: Silent update status: Checking for updates...
2026-04-24 08:37:10 [INFO] AutoUpdater: Silent updater: Already on latest version (1.0.0)
2026-04-24 08:37:10 [INFO] AutoUpdater: Silent update status: Already up to date
2026-04-24 08:37:16 [INFO] ping_monitor: PingMonitor started for test_admin_A (admin)
2026-04-24 08:44:21 [CRITICAL] __main__: Uncaught exception:
Traceback (most recent call last):
  File "C:\Users\Admin\Operation-Report-System\daily_transaction_page.py", line 573, in paintSection
    def paintSection(self, painter, rect, logicalIndex):
    
KeyboardInterrupt

2026-04-24 08:44:26 [INFO] RemoteDatabaseManager: API mode enabled — connecting via http://222.127.90.218:5000
2026-04-24 08:44:27 [INFO] AutoUpdater: Silent updater: Checking for updates...
2026-04-24 08:44:27 [INFO] AutoUpdater: Silent update status: Checking for updates...
2026-04-24 08:44:27 [INFO] AutoUpdater: Silent updater: Already on latest version (1.0.0)
2026-04-24 08:44:27 [INFO] AutoUpdater: Silent update status: Already up to date
2026-04-24 08:44:35 [INFO] ping_monitor: PingMonitor started for test_admin_A (admin)
2026-04-24 08:53:06 [INFO] RemoteDatabaseManager: API mode enabled — connecting via http://222.127.90.218:5000
2026-04-24 08:53:08 [INFO] AutoUpdater: Silent updater: Checking for updates...
2026-04-24 08:53:08 [INFO] AutoUpdater: Silent update status: Checking for updates...
2026-04-24 08:53:08 [INFO] AutoUpdater: Silent updater: Already on latest version (1.0.0)
2026-04-24 08:53:08 [INFO] AutoUpdater: Silent update status: Already up to date
2026-04-24 08:53:16 [INFO] ping_monitor: PingMonitor started for test_admin_A (admin)
2026-04-24 08:54:49 [INFO] RemoteDatabaseManager: API mode enabled — connecting via http://222.127.90.218:5000
2026-04-24 08:54:49 [INFO] AutoUpdater: Silent updater: Checking for updates...
2026-04-24 08:54:50 [INFO] AutoUpdater: Silent update status: Checking for updates...
2026-04-24 08:54:50 [INFO] AutoUpdater: Silent updater: Already on latest version (1.0.0)
2026-04-24 08:54:50 [INFO] AutoUpdater: Silent update status: Already up to date
2026-04-24 08:54:57 [INFO] ping_monitor: PingMonitor started for test_admin_A (admin)
2026-04-24 08:58:16 [INFO] RemoteDatabaseManager: API mode enabled — connecting via http://222.127.90.218:5000
2026-04-24 08:58:17 [INFO] AutoUpdater: Silent updater: Checking for updates...
2026-04-24 08:58:17 [INFO] AutoUpdater: Silent update status: Checking for updates...
2026-04-24 08:58:18 [INFO] AutoUpdater: Silent updater: Already on latest version (1.0.0)
2026-04-24 08:58:18 [INFO] AutoUpdater: Silent update status: Already up to date
2026-04-24 08:58:27 [INFO] ping_monitor: PingMonitor started for test_admin_A (admin)
2026-04-24 09:05:02 [INFO] RemoteDatabaseManager: API mode enabled — connecting via http://222.127.90.218:5000
2026-04-24 09:05:03 [INFO] AutoUpdater: Silent updater: Checking for updates...
2026-04-24 09:05:03 [INFO] AutoUpdater: Silent update status: Checking for updates...
2026-04-24 09:05:04 [INFO] AutoUpdater: Silent updater: Already on latest version (1.0.0)
2026-04-24 09:05:04 [INFO] AutoUpdater: Silent update status: Already up to date
2026-04-24 09:05:11 [INFO] ping_monitor: PingMonitor started for test_admin_A (admin)
2026-04-24 09:07:48 [INFO] RemoteDatabaseManager: API mode enabled — connecting via http://222.127.90.218:5000
2026-04-24 09:07:49 [INFO] AutoUpdater: Silent updater: Checking for updates...
2026-04-24 09:07:49 [INFO] AutoUpdater: Silent update status: Checking for updates...
2026-04-24 09:07:49 [INFO] AutoUpdater: Silent updater: Already on latest version (1.0.0)
2026-04-24 09:07:49 [INFO] AutoUpdater: Silent update status: Already up to date
2026-04-24 09:07:56 [INFO] ping_monitor: PingMonitor started for test_admin (admin)
2026-04-24 09:13:58 [INFO] RemoteDatabaseManager: API mode enabled — connecting via http://222.127.90.218:5000
2026-04-24 09:13:59 [INFO] AutoUpdater: Silent updater: Checking for updates...
2026-04-24 09:13:59 [INFO] AutoUpdater: Silent update status: Checking for updates...
2026-04-24 09:14:00 [INFO] AutoUpdater: Silent updater: Already on latest version (1.0.0)
2026-04-24 09:14:00 [INFO] AutoUpdater: Silent update status: Already up to date
2026-04-24 09:14:03 [INFO] ping_monitor: PingMonitor started for test_admin (admin)
2026-04-24 09:15:58 [INFO] RemoteDatabaseManager: API mode enabled — connecting via http://222.127.90.218:5000
2026-04-24 09:15:59 [INFO] AutoUpdater: Silent updater: Checking for updates...
2026-04-24 09:15:59 [INFO] AutoUpdater: Silent update status: Checking for updates...
2026-04-24 09:16:00 [INFO] AutoUpdater: Silent updater: Already on latest version (1.0.0)
2026-04-24 09:16:00 [INFO] AutoUpdater: Silent update status: Already up to date
2026-04-24 09:16:03 [INFO] ping_monitor: PingMonitor started for test_admin (admin)
2026-04-24 09:24:25 [INFO] RemoteDatabaseManager: API mode enabled — connecting via http://222.127.90.218:5000
2026-04-24 09:24:26 [INFO] AutoUpdater: Silent updater: Checking for updates...
2026-04-24 09:24:26 [INFO] AutoUpdater: Silent update status: Checking for updates...
2026-04-24 09:24:27 [INFO] AutoUpdater: Silent updater: Already on latest version (1.0.0)
2026-04-24 09:24:27 [INFO] AutoUpdater: Silent update status: Already up to date
2026-04-24 09:24:29 [INFO] ping_monitor: PingMonitor started for test_admin (admin)
2026-04-24 09:28:35 [INFO] RemoteDatabaseManager: API mode enabled — connecting via http://222.127.90.218:5000
2026-04-24 09:28:36 [INFO] AutoUpdater: Silent updater: Checking for updates...
2026-04-24 09:28:36 [INFO] AutoUpdater: Silent update status: Checking for updates...
2026-04-24 09:28:36 [INFO] AutoUpdater: Silent updater: Already on latest version (1.0.0)
2026-04-24 09:28:36 [INFO] AutoUpdater: Silent update status: Already up to date
2026-04-24 09:28:39 [INFO] ping_monitor: PingMonitor started for test_admin (admin)
2026-04-24 09:48:41 [ERROR] RemoteDatabaseManager: execute_query error: HTTPConnectionPool(host='222.127.90.218', port=5000): Max retries exceeded with url: /api/exec (Caused by NewConnectionError("HTTPConnection(host='222.127.90.218', port=5000): Failed to establish a new connection: [WinError 10061] No connection could be made because the target machine actively refused it"))
2026-04-24 09:48:44 [ERROR] RemoteDatabaseManager: execute_query error: HTTPConnectionPool(host='222.127.90.218', port=5000): Max retries exceeded with url: /api/exec (Caused by NewConnectionError("HTTPConnection(host='222.127.90.218', port=5000): Failed to establish a new connection: [WinError 10061] No connection could be made because the target machine actively refused it"))
2026-04-24 09:54:54 [INFO] RemoteDatabaseManager: API mode enabled — connecting via http://222.127.90.218:5000
2026-04-24 09:54:56 [INFO] AutoUpdater: Silent updater: Checking for updates...
2026-04-24 09:54:56 [INFO] AutoUpdater: Silent update status: Checking for updates...
2026-04-24 09:54:56 [INFO] AutoUpdater: Silent updater: Already on latest version (1.0.0)
2026-04-24 09:54:56 [INFO] AutoUpdater: Silent update status: Already up to date
2026-04-24 09:54:58 [ERROR] RemoteDatabaseManager: Token refresh failed: 401 {"detail":"Invalid API key"}
2026-04-24 09:54:58 [ERROR] RemoteDatabaseManager: execute_query error: Could not obtain API token
2026-04-24 09:54:58 [ERROR] RemoteDatabaseManager: Token refresh failed: 401 {"detail":"Invalid API key"}
2026-04-24 09:54:58 [ERROR] RemoteDatabaseManager: execute_query error: Could not obtain API token
2026-04-24 09:54:58 [ERROR] RemoteDatabaseManager: Token refresh failed: 401 {"detail":"Invalid API key"}
2026-04-24 09:54:58 [ERROR] RemoteDatabaseManager: execute_query error: Could not obtain API token
2026-04-24 09:54:58 [ERROR] RemoteDatabaseManager: Token refresh failed: 401 {"detail":"Invalid API key"}
2026-04-24 09:54:58 [ERROR] RemoteDatabaseManager: execute_query error: Could not obtain API token
2026-04-24 09:59:12 [INFO] RemoteDatabaseManager: API mode enabled — connecting via http://222.127.90.218:5000
2026-04-24 09:59:13 [INFO] AutoUpdater: Silent updater: Checking for updates...
2026-04-24 09:59:13 [INFO] AutoUpdater: Silent update status: Checking for updates...
2026-04-24 09:59:13 [INFO] AutoUpdater: Silent updater: Already on latest version (1.0.0)
2026-04-24 09:59:13 [INFO] AutoUpdater: Silent update status: Already up to date
2026-04-24 09:59:17 [INFO] ping_monitor: PingMonitor started for test_admin (admin)
2026-04-24 10:00:23 [INFO] login: Logout requested - returning to login screen
2026-04-24 10:00:23 [INFO] ping_monitor: PingMonitor stopped for test_admin
2026-04-24 10:00:29 [INFO] ping_monitor: PingMonitor started for CL-0074 (user)
2026-04-24 10:00:33 [INFO] login: Logout requested - returning to login screen
2026-04-24 10:00:33 [INFO] ping_monitor: PingMonitor stopped for CL-0074
2026-04-24 10:00:39 [INFO] ping_monitor: PingMonitor started for test_admin_A (admin)
2026-04-24 10:02:17 [INFO] login: Logout requested - returning to login screen
2026-04-24 10:02:17 [INFO] ping_monitor: PingMonitor stopped for test_admin_A
2026-04-24 10:02:24 [INFO] ping_monitor: PingMonitor started for CL-0074 (user)
2026-04-24 10:03:11 [INFO] Client.client_dashboard: daily_reports_brand_a verified: Debit=10022.39, Credit=2.00, Ending=10020.39
2026-04-24 10:03:11 [INFO] Client.client_dashboard: daily_reports verified: Debit=1016.12, Credit=5.00, Ending=1011.12
2026-04-24 10:03:11 [INFO] Client.client_dashboard: Palawan details saved to payable_tbl_brand_a for Brand A
2026-04-24 10:03:11 [INFO] Client.client_dashboard: Palawan details saved to payable_tbl for Brand B
2026-04-24 10:03:11 [INFO] Client.client_dashboard: Cash Float saved: 10020.39
2026-04-24 10:03:14 [INFO] login: Logout requested - returning to login screen
2026-04-24 10:03:14 [INFO] ping_monitor: PingMonitor stopped for CL-0074
2026-04-24 10:03:23 [INFO] ping_monitor: PingMonitor started for test_admin_A (admin)
2026-04-24 10:04:41 [INFO] RemoteDatabaseManager: API mode enabled — connecting via http://222.127.90.218:5000
2026-04-24 10:04:42 [INFO] AutoUpdater: Silent updater: Checking for updates...
2026-04-24 10:04:42 [INFO] AutoUpdater: Silent update status: Checking for updates...
2026-04-24 10:04:43 [INFO] AutoUpdater: Silent updater: Already on latest version (1.0.0)
2026-04-24 10:04:43 [INFO] AutoUpdater: Silent update status: Already up to date
2026-04-24 10:04:45 [INFO] ping_monitor: PingMonitor started for test_admin_A (admin)
2026-04-24 10:13:05 [INFO] RemoteDatabaseManager: API mode enabled — connecting via http://222.127.90.218:5000
2026-04-24 10:13:07 [INFO] AutoUpdater: Silent updater: Checking for updates...
2026-04-24 10:13:07 [INFO] AutoUpdater: Silent update status: Checking for updates...
2026-04-24 10:13:08 [INFO] AutoUpdater: Silent updater: Already on latest version (1.0.0)
2026-04-24 10:13:08 [INFO] AutoUpdater: Silent update status: Already up to date
2026-04-24 10:13:11 [INFO] ping_monitor: PingMonitor started for test_admin_A (admin)
2026-04-24 10:13:13 [INFO] login: Logout requested - returning to login screen
2026-04-24 10:13:13 [INFO] ping_monitor: PingMonitor stopped for test_admin_A
2026-04-24 10:13:19 [INFO] ping_monitor: PingMonitor started for CL-0074 (user)
2026-04-24 10:18:21 [ERROR] RemoteDatabaseManager: execute_query error: HTTPConnectionPool(host='222.127.90.218', port=5000): Max retries exceeded with url: /api/exec (Caused by NewConnectionError("HTTPConnection(host='222.127.90.218', port=5000): Failed to establish a new connection: [WinError 10061] No connection could be made because the target machine actively refused it"))
2026-04-24 10:18:23 [ERROR] RemoteDatabaseManager: execute_query error: HTTPConnectionPool(host='222.127.90.218', port=5000): Max retries exceeded with url: /api/exec (Caused by NewConnectionError("HTTPConnection(host='222.127.90.218', port=5000): Failed to establish a new connection: [WinError 10061] No connection could be made because the target machine actively refused it"))
2026-04-24 10:19:19 [INFO] login: Logout requested - returning to login screen
2026-04-24 10:19:19 [INFO] ping_monitor: PingMonitor stopped for CL-0074
2026-04-24 10:19:22 [INFO] ping_monitor: PingMonitor started for CL-0074 (user)
2026-04-24 10:19:27 [INFO] RemoteDatabaseManager: API mode enabled — connecting via http://222.127.90.218:5000
2026-04-24 10:19:27 [INFO] AutoUpdater: Silent updater: Checking for updates...
2026-04-24 10:19:28 [INFO] AutoUpdater: Silent update status: Checking for updates...
2026-04-24 10:19:28 [INFO] AutoUpdater: Silent updater: Already on latest version (1.0.0)
2026-04-24 10:19:28 [INFO] AutoUpdater: Silent update status: Already up to date
2026-04-24 10:19:29 [INFO] ping_monitor: PingMonitor started for CL-0074 (user)
2026-04-24 10:33:39 [INFO] RemoteDatabaseManager: API mode enabled — connecting via http://222.127.90.218
2026-04-24 10:33:40 [INFO] AutoUpdater: Silent updater: Checking for updates...
2026-04-24 10:33:40 [INFO] AutoUpdater: Silent update status: Checking for updates...
2026-04-24 10:33:41 [INFO] AutoUpdater: Silent updater: Already on latest version (1.0.0)
2026-04-24 10:33:41 [INFO] AutoUpdater: Silent update status: Already up to date
2026-04-24 10:33:44 [INFO] ping_monitor: PingMonitor started for CL-0074 (user)
2026-04-24 10:41:59 [INFO] RemoteDatabaseManager: API mode enabled — connecting via http://222.127.90.218
2026-04-24 10:42:00 [INFO] AutoUpdater: Silent updater: Checking for updates...
2026-04-24 10:42:00 [INFO] AutoUpdater: Silent update status: Checking for updates...
2026-04-24 10:42:01 [INFO] AutoUpdater: Silent updater: Already on latest version (1.0.0)
2026-04-24 10:42:01 [INFO] AutoUpdater: Silent update status: Already up to date
2026-04-24 10:42:02 [INFO] ping_monitor: PingMonitor started for CL-0074 (user)
2026-04-24 11:01:51 [INFO] RemoteDatabaseManager: API mode enabled — connecting via http://222.127.90.218
2026-04-24 11:01:53 [INFO] AutoUpdater: Silent updater: Checking for updates...
2026-04-24 11:01:53 [INFO] AutoUpdater: Silent update status: Checking for updates...
2026-04-24 11:01:53 [INFO] AutoUpdater: Silent updater: Already on latest version (1.0.0)
2026-04-24 11:01:53 [INFO] AutoUpdater: Silent update status: Already up to date
2026-04-24 11:02:01 [INFO] ping_monitor: PingMonitor started for test_admin_A (admin)
2026-04-24 11:03:23 [INFO] RemoteDatabaseManager: API mode enabled — connecting via http://222.127.90.218
2026-04-24 11:03:24 [INFO] AutoUpdater: Silent updater: Checking for updates...
2026-04-24 11:03:24 [INFO] AutoUpdater: Silent update status: Checking for updates...
2026-04-24 11:03:24 [INFO] AutoUpdater: Silent updater: Already on latest version (1.0.0)
2026-04-24 11:03:24 [INFO] AutoUpdater: Silent update status: Already up to date
2026-04-24 11:24:51 [INFO] RemoteDatabaseManager: API mode enabled — connecting via http://222.127.90.218
2026-04-24 11:24:53 [INFO] AutoUpdater: Silent updater: Checking for updates...
2026-04-24 11:24:53 [INFO] AutoUpdater: Silent update status: Checking for updates...
2026-04-24 11:24:53 [INFO] AutoUpdater: Silent updater: Already on latest version (1.0.0)
2026-04-24 11:24:53 [INFO] AutoUpdater: Silent update status: Already up to date
2026-04-24 11:24:56 [INFO] ping_monitor: PingMonitor started for test_admin_A (admin)
2026-04-24 11:29:11 [INFO] RemoteDatabaseManager: API mode enabled — connecting via http://222.127.90.218
2026-04-24 11:29:13 [INFO] AutoUpdater: Silent updater: Checking for updates...
2026-04-24 11:29:13 [INFO] AutoUpdater: Silent update status: Checking for updates...
2026-04-24 11:29:13 [INFO] AutoUpdater: Silent updater: Already on latest version (1.0.0)
2026-04-24 11:29:14 [INFO] AutoUpdater: Silent update status: Already up to date
2026-04-24 11:29:15 [INFO] ping_monitor: PingMonitor started for test_admin_A (admin)
2026-04-24 11:32:12 [INFO] RemoteDatabaseManager: API mode enabled — connecting via http://222.127.90.218
2026-04-24 11:32:13 [INFO] AutoUpdater: Silent updater: Checking for updates...
2026-04-24 11:32:13 [INFO] AutoUpdater: Silent update status: Checking for updates...
2026-04-24 11:32:14 [INFO] AutoUpdater: Silent updater: Already on latest version (1.0.0)
2026-04-24 11:32:14 [INFO] AutoUpdater: Silent update status: Already up to date
2026-04-24 11:32:16 [INFO] ping_monitor: PingMonitor started for test_admin_A (admin)
2026-04-24 11:35:47 [INFO] RemoteDatabaseManager: API mode enabled — connecting via http://222.127.90.218
2026-04-24 11:35:48 [INFO] AutoUpdater: Silent updater: Checking for updates...
2026-04-24 11:35:48 [INFO] AutoUpdater: Silent update status: Checking for updates...
2026-04-24 11:35:49 [INFO] AutoUpdater: Silent updater: Already on latest version (1.0.0)
2026-04-24 11:35:49 [INFO] AutoUpdater: Silent update status: Already up to date
2026-04-24 11:35:51 [INFO] ping_monitor: PingMonitor started for test_admin_A (admin)
2026-04-24 11:41:03 [INFO] RemoteDatabaseManager: API mode enabled — connecting via http://222.127.90.218
2026-04-24 11:41:05 [INFO] AutoUpdater: Silent updater: Checking for updates...
2026-04-24 11:41:05 [INFO] AutoUpdater: Silent update status: Checking for updates...
2026-04-24 11:41:05 [INFO] AutoUpdater: Silent updater: Already on latest version (1.0.0)
2026-04-24 11:41:05 [INFO] AutoUpdater: Silent update status: Already up to date
2026-04-24 11:41:07 [INFO] ping_monitor: PingMonitor started for test_admin_A (admin)
2026-04-24 11:42:15 [INFO] RemoteDatabaseManager: API mode enabled — connecting via http://222.127.90.218
2026-04-24 11:42:16 [INFO] AutoUpdater: Silent updater: Checking for updates...
2026-04-24 11:42:16 [INFO] AutoUpdater: Silent update status: Checking for updates...
2026-04-24 11:42:16 [INFO] AutoUpdater: Silent updater: Already on latest version (1.0.0)
2026-04-24 11:42:16 [INFO] AutoUpdater: Silent update status: Already up to date
2026-04-24 11:51:27 [INFO] RemoteDatabaseManager: API mode enabled — connecting via http://222.127.90.218
2026-04-24 11:51:29 [INFO] AutoUpdater: Silent updater: Checking for updates...
2026-04-24 11:51:29 [INFO] AutoUpdater: Silent update status: Checking for updates...
2026-04-24 11:51:29 [INFO] AutoUpdater: Silent updater: Already on latest version (1.0.0)
2026-04-24 11:51:29 [INFO] AutoUpdater: Silent update status: Already up to date
2026-04-24 11:51:31 [INFO] ping_monitor: PingMonitor started for test_admin_A (admin)
2026-04-24 12:04:37 [INFO] RemoteDatabaseManager: API mode enabled — connecting via http://222.127.90.218
2026-04-24 12:04:38 [INFO] AutoUpdater: Silent updater: Checking for updates...
2026-04-24 12:04:38 [INFO] AutoUpdater: Silent update status: Checking for updates...
2026-04-24 12:04:39 [INFO] AutoUpdater: Silent updater: Already on latest version (1.0.0)
2026-04-24 12:04:39 [INFO] AutoUpdater: Silent update status: Already up to date
2026-04-24 12:04:42 [INFO] ping_monitor: PingMonitor started for test_admin_A (admin)
2026-04-24 12:06:26 [INFO] RemoteDatabaseManager: API mode enabled — connecting via http://222.127.90.218
2026-04-24 12:06:26 [INFO] AutoUpdater: Silent updater: Checking for updates...
2026-04-24 12:06:26 [INFO] AutoUpdater: Silent update status: Checking for updates...
2026-04-24 12:06:27 [INFO] AutoUpdater: Silent updater: Already on latest version (1.0.0)
2026-04-24 12:06:27 [INFO] AutoUpdater: Silent update status: Already up to date
2026-04-24 12:06:29 [INFO] ping_monitor: PingMonitor started for test_admin_A (admin)
2026-04-24 12:07:07 [INFO] login: Logout requested - returning to login screen
2026-04-24 12:07:07 [INFO] ping_monitor: PingMonitor stopped for test_admin_A
2026-04-24 12:07:11 [INFO] ping_monitor: PingMonitor started for test_admin_A (admin)
2026-04-24 12:07:28 [INFO] login: Logout requested - returning to login screen
2026-04-24 12:07:28 [INFO] ping_monitor: PingMonitor stopped for test_admin_A
2026-04-24 12:07:34 [INFO] ping_monitor: PingMonitor started for CL-0381 (user)
2026-04-24 15:07:05 [INFO] RemoteDatabaseManager: API mode enabled — connecting via http://222.127.90.218
2026-04-24 15:07:06 [INFO] AutoUpdater: Silent updater: Checking for updates...
2026-04-24 15:07:06 [INFO] AutoUpdater: Silent update status: Checking for updates...
2026-04-24 15:07:07 [INFO] AutoUpdater: Silent updater: Already on latest version (1.0.0)
2026-04-24 15:07:07 [INFO] AutoUpdater: Silent update status: Already up to date
2026-04-24 15:07:14 [INFO] ping_monitor: PingMonitor started for test_admin_A (admin)
2026-04-24 15:13:13 [CRITICAL] __main__: Uncaught exception:
Traceback (most recent call last):
  File "C:\Users\Admin\Operation-Report-System\admin_dashboard.py", line 712, in _check_session_timeout
    def _check_session_timeout(self):
    
KeyboardInterrupt

2026-04-24 15:14:06 [INFO] RemoteDatabaseManager: API mode enabled — connecting via http://222.127.90.218
2026-04-24 15:14:07 [INFO] AutoUpdater: Silent updater: Checking for updates...
2026-04-24 15:14:07 [INFO] AutoUpdater: Silent update status: Checking for updates...
2026-04-24 15:14:08 [INFO] AutoUpdater: Silent updater: Already on latest version (1.0.0)
2026-04-24 15:14:08 [INFO] AutoUpdater: Silent update status: Already up to date
2026-04-24 15:14:10 [INFO] ping_monitor: PingMonitor started for test_admin_A (admin)
2026-04-24 15:16:01 [INFO] RemoteDatabaseManager: API mode enabled — connecting via http://222.127.90.218
2026-04-24 15:16:02 [INFO] AutoUpdater: Silent updater: Checking for updates...
2026-04-24 15:16:02 [INFO] AutoUpdater: Silent update status: Checking for updates...
2026-04-24 15:16:03 [INFO] AutoUpdater: Silent updater: Already on latest version (1.0.0)
2026-04-24 15:16:03 [INFO] AutoUpdater: Silent update status: Already up to date
2026-04-24 15:16:05 [INFO] ping_monitor: PingMonitor started for test_admin_A (admin)
2026-04-24 15:24:40 [INFO] RemoteDatabaseManager: API mode enabled — connecting via http://222.127.90.218
2026-04-24 15:24:41 [INFO] AutoUpdater: Silent updater: Checking for updates...
2026-04-24 15:24:41 [INFO] AutoUpdater: Silent update status: Checking for updates...
2026-04-24 15:24:42 [INFO] AutoUpdater: Silent updater: Already on latest version (1.0.0)
2026-04-24 15:24:42 [INFO] AutoUpdater: Silent update status: Already up to date
2026-04-24 15:24:44 [INFO] ping_monitor: PingMonitor started for test_admin_A (admin)
2026-04-24 15:31:54 [INFO] RemoteDatabaseManager: API mode enabled — connecting via http://222.127.90.218
2026-04-24 15:31:55 [INFO] AutoUpdater: Silent updater: Checking for updates...
2026-04-24 15:31:55 [INFO] AutoUpdater: Silent update status: Checking for updates...
2026-04-24 15:31:56 [INFO] AutoUpdater: Silent updater: Already on latest version (1.0.0)
2026-04-24 15:31:56 [INFO] AutoUpdater: Silent update status: Already up to date
2026-04-24 15:32:00 [INFO] ping_monitor: PingMonitor started for test_admin_A (admin)
2026-04-24 15:32:13 [INFO] login: Logout requested - returning to login screen
2026-04-24 15:32:13 [INFO] ping_monitor: PingMonitor stopped for test_admin_A
2026-04-24 15:32:19 [INFO] ping_monitor: PingMonitor started for CL-0381 (user)
2026-04-24 15:37:19 [INFO] Client.client_dashboard: daily_reports_brand_a verified: Debit=10071.77, Credit=39.00, Ending=10032.77
2026-04-24 15:37:19 [ERROR] RemoteDatabaseManager: DB attempt 1: ('(pymysql.err.IntegrityError) (1062, "Duplicate entry \'2026-04-26-HEAD OFFICE-HEAD OFFICE-Brand A\' for key \'daily_reports.unique_date_branch_corp_brand\'")', '(pymysql.err.IntegrityError) (1062, "Duplicate entry \'2026-04-26-HEAD OFFICE-HEAD OFFICE-Brand A\' for key \'daily_reports.unique_date_branch_corp_brand\'")\n[SQL: INSERT INTO daily_reports (date, username, branch, corporation, beginning_balance, debit_total, credit_total, ending_balance, cash_count, cash_result, variance_status, is_locked, rescate_jewelry, rescate_jewelry_lotes, interest, interest_lotes, penalty, penalty_lotes, stamp, stamp_lotes, resguardo_affidavit, resguardo_affidavit_lotes, jew_ai, jew_ai_lotes, sc, sc_lotes, fund_transfer_from_branch, fund_transfer_from_branch_lotes, ppay_co_sc, ppay_co_sc_lotes, palawan_send_out, palawan_send_out_lotes, palawan_sc, palawan_sc_lotes, palawan_suki_card, palawan_suki_card_lotes, palawan_pay_cash_in_sc, palawan_pay_cash_in_sc_lotes, palawan_pay_bills_sc, palawan_pay_bills_sc_lotes, palawan_load, palawan_load_lotes, palawan_change_receiver, palawan_change_receiver_lotes, mc_in, mc_in_lotes, handling_fee, handling_fee_lotes, other_penalty, other_penalty_lotes, cash_overage, cash_overage_lotes, palawan_sendout_principal, palawan_sendout_sc, palawan_sendout_commission, palawan_sendout_regular_total, palawan_payout_principal, palawan_payout_sc, palawan_payout_commission, palawan_payout_regular_total, palawan_international_principal, palawan_international_sc, palawan_international_commission, palawan_international_regular_total, palawan_sendout_lotes_total, palawan_payout_lotes_total, palawan_international_lotes_total, palawan_pay_out_incentives, palawan_suki_discounts, palawan_suki_rebates, palawan_cancel, empeno_jew_new, empeno_jew_new_lotes, empeno_jew_renew, empeno_jew_renew_lotes, fund_transfer_to_head_office, fund_transfer_to_head_office_lotes, fund_transfer_to_branch, fund_transfer_to_branch_lotes, palawan_pay_out, palawan_pay_out_lotes, palawan_pay_out_incentives_lotes, palawan_pay_cash_out, palawan_pay_cash_out_lotes, pc_inc_emp, pc_inc_emp_lotes, pc_inc_suki_card, pc_inc_suki_card_lotes, pc_salary, pc_salary_lotes, pc_rental, pc_rental_lotes, pc_electric, pc_electric_lotes, pc_water, pc_water_lotes, pc_internet, pc_internet_lotes, pc_lbc_jrs_jnt, pc_lbc_jrs_jnt_lotes, pc_permits_bir_payments, pc_permits_bir_payments_lotes, pc_supplies_xerox_maintenance, pc_supplies_xerox_maintenance_lotes, pc_transpo, pc_transpo_lotes, palawan_cancel_lotes, palawan_suki_discounts_lotes, palawan_suki_rebates_lotes, mc_out, mc_out_lotes, others, others_lotes, cash_shortage, cash_shortage_lotes, empeno_motor_car_breakdown) VALUES (%(param0)s, %(param1)s, %(param2)s, %(param3)s, %(param4)s, %(param5)s, %(param6)s, %(param7)s, %(param8)s, %(param9)s, %(param10)s, %(param11)s, %(param12)s, %(param13)s, %(param14)s, %(param15)s, %(param16)s, %(param17)s, %(param18)s, %(param19)s, %(param20)s, %(param21)s, %(param22)s, %(param23)s, %(param24)s, %(param25)s, %(param26)s, %(param27)s, %(param28)s, %(param29)s, %(param30)s, %(param31)s, %(param32)s, %(param33)s, %(param34)s, %(param35)s, %(param36)s, %(param37)s, %(param38)s, %(param39)s, %(param40)s, %(param41)s, %(param42)s, %(param43)s, %(param44)s, %(param45)s, %(param46)s, %(param47)s, %(param48)s, %(param49)s, %(param50)s, %(param51)s, %(param52)s, %(param53)s, %(param54)s, %(param55)s, %(param56)s, %(param57)s, %(param58)s, %(param59)s, %(param60)s, %(param61)s, %(param62)s, %(param63)s, %(param64)s, %(param65)s, %(param66)s, %(param67)s, %(param68)s, %(param69)s, %(param70)s, %(param71)s, %(param72)s, %(param73)s, %(param74)s, %(param75)s, %(param76)s, %(param77)s, %(param78)s, %(param79)s, %(param80)s, %(param81)s, %(param82)s, %(param83)s, %(param84)s, %(param85)s, %(param86)s, %(param87)s, %(param88)s, %(param89)s, %(param90)s, %(param91)s, %(param92)s, %(param93)s, %(param94)s, %(param95)s, %(param96)s, %(param97)s, %(param98)s, %(param99)s, %(param100)s, %(param101)s, %(param102)s, %(param103)s, %(param104)s, %(param105)s, %(param106)s, %(param107)s, %(param108)s, %(param109)s, %(param110)s, %(param111)s, %(param112)s, %(param113)s, %(param114)s, %(param115)s)]\n[parameters: {\'param0\': \'2026-04-26\', \'param1\': \'CL-0381\', \'param2\': \'HEAD OFFICE\', \'param3\': \'HEAD OFFICE\', \'param4\': 1011.12, \'param5\': 1025.12, \'param6\': 4.0, \'param7\': 1021.1199999999999, \'param8\': 1021.12, \'param9\': 1.1368683772161603e-13, \'param10\': \'balanced\', \'param11\': 1, \'param12\': 1.0, \'param13\': 1, \'param14\': 1.0, \'param15\': 1, \'param16\': 1.0, \'param17\': 1, \'param18\': 1.0, \'param19\': 1, \'param20\': 0, \'param21\': 0, \'param22\': 0, \'param23\': 0, \'param24\': 10.0, \'param25\': 0, \'param26\': 0, \'param27\': 0, \'param28\': 0, \'param29\': 0, \'param30\': 0, \'param31\': 0, \'param32\': 0, \'param33\': 0, \'param34\': 0, \'param35\': 0, \'param36\': 0, \'param37\': 0, \'param38\': 0, \'param39\': 0, \'param40\': 0, \'param41\': 0, \'param42\': 0, \'param43\': 0, \'param44\': 0, \'param45\': 0, \'param46\': 0, \'param47\': 0, \'param48\': 0, \'param49\': 0 ... 16 parameters truncated ... \'param66\': 0, \'param67\': 0, \'param68\': 0, \'param69\': 0, \'param70\': 0, \'param71\': 1.0, \'param72\': 1, \'param73\': 1.0, \'param74\': 1, \'param75\': 0, \'param76\': 0, \'param77\': 0, \'param78\': 0, \'param79\': 0, \'param80\': 0, \'param81\': 0, \'param82\': 0, \'param83\': 0, \'param84\': 0, \'param85\': 0, \'param86\': 0, \'param87\': 0, \'param88\': 0, \'param89\': 0, \'param90\': 0, \'param91\': 0, \'param92\': 0, \'param93\': 0, \'param94\': 0, \'param95\': 0, \'param96\': 0, \'param97\': 0, \'param98\': 0, \'param99\': 0, \'param100\': 0, \'param101\': 0, \'param102\': 0, \'param103\': 0, \'param104\': 0, \'param105\': 0, \'param106\': 0, \'param107\': 0, \'param108\': 0, \'param109\': 0, \'param110\': 0, \'param111\': 1.0, \'param112\': 1, \'param113\': 1.0, \'param114\': 1, \'param115\': \'[["10.0%", 1.0]]\'}]\n(Background on this error at: https://sqlalche.me/e/20/gkpj)')
2026-04-24 15:38:13 [INFO] Client.client_dashboard: daily_reports_brand_a verified: Debit=10038.77, Credit=1.00, Ending=10037.77
2026-04-24 15:38:13 [ERROR] RemoteDatabaseManager: DB attempt 1: ('(pymysql.err.IntegrityError) (1062, "Duplicate entry \'2026-04-30-HEAD OFFICE-HEAD OFFICE-Brand A\' for key \'daily_reports.unique_date_branch_corp_brand\'")', '(pymysql.err.IntegrityError) (1062, "Duplicate entry \'2026-04-30-HEAD OFFICE-HEAD OFFICE-Brand A\' for key \'daily_reports.unique_date_branch_corp_brand\'")\n[SQL: INSERT INTO daily_reports (date, username, branch, corporation, beginning_balance, debit_total, credit_total, ending_balance, cash_count, cash_result, variance_status, is_locked, rescate_jewelry, rescate_jewelry_lotes, interest, interest_lotes, penalty, penalty_lotes, stamp, stamp_lotes, resguardo_affidavit, resguardo_affidavit_lotes, jew_ai, jew_ai_lotes, sc, sc_lotes, fund_transfer_from_branch, fund_transfer_from_branch_lotes, ppay_co_sc, ppay_co_sc_lotes, palawan_send_out, palawan_send_out_lotes, palawan_sc, palawan_sc_lotes, palawan_suki_card, palawan_suki_card_lotes, palawan_pay_cash_in_sc, palawan_pay_cash_in_sc_lotes, palawan_pay_bills_sc, palawan_pay_bills_sc_lotes, palawan_load, palawan_load_lotes, palawan_change_receiver, palawan_change_receiver_lotes, mc_in, mc_in_lotes, handling_fee, handling_fee_lotes, other_penalty, other_penalty_lotes, cash_overage, cash_overage_lotes, palawan_sendout_principal, palawan_sendout_sc, palawan_sendout_commission, palawan_sendout_regular_total, palawan_payout_principal, palawan_payout_sc, palawan_payout_commission, palawan_payout_regular_total, palawan_international_principal, palawan_international_sc, palawan_international_commission, palawan_international_regular_total, palawan_sendout_lotes_total, palawan_payout_lotes_total, palawan_international_lotes_total, palawan_pay_out_incentives, palawan_suki_discounts, palawan_suki_rebates, palawan_cancel, empeno_jew_new, empeno_jew_new_lotes, empeno_jew_renew, empeno_jew_renew_lotes, fund_transfer_to_head_office, fund_transfer_to_head_office_lotes, fund_transfer_to_branch, fund_transfer_to_branch_lotes, palawan_pay_out, palawan_pay_out_lotes, palawan_pay_out_incentives_lotes, palawan_pay_cash_out, palawan_pay_cash_out_lotes, pc_inc_emp, pc_inc_emp_lotes, pc_inc_suki_card, pc_inc_suki_card_lotes, pc_salary, pc_salary_lotes, pc_rental, pc_rental_lotes, pc_electric, pc_electric_lotes, pc_water, pc_water_lotes, pc_internet, pc_internet_lotes, pc_lbc_jrs_jnt, pc_lbc_jrs_jnt_lotes, pc_permits_bir_payments, pc_permits_bir_payments_lotes, pc_supplies_xerox_maintenance, pc_supplies_xerox_maintenance_lotes, pc_transpo, pc_transpo_lotes, palawan_cancel_lotes, palawan_suki_discounts_lotes, palawan_suki_rebates_lotes, mc_out, mc_out_lotes, others, others_lotes, cash_shortage, cash_shortage_lotes, empeno_motor_car_breakdown) VALUES (%(param0)s, %(param1)s, %(param2)s, %(param3)s, %(param4)s, %(param5)s, %(param6)s, %(param7)s, %(param8)s, %(param9)s, %(param10)s, %(param11)s, %(param12)s, %(param13)s, %(param14)s, %(param15)s, %(param16)s, %(param17)s, %(param18)s, %(param19)s, %(param20)s, %(param21)s, %(param22)s, %(param23)s, %(param24)s, %(param25)s, %(param26)s, %(param27)s, %(param28)s, %(param29)s, %(param30)s, %(param31)s, %(param32)s, %(param33)s, %(param34)s, %(param35)s, %(param36)s, %(param37)s, %(param38)s, %(param39)s, %(param40)s, %(param41)s, %(param42)s, %(param43)s, %(param44)s, %(param45)s, %(param46)s, %(param47)s, %(param48)s, %(param49)s, %(param50)s, %(param51)s, %(param52)s, %(param53)s, %(param54)s, %(param55)s, %(param56)s, %(param57)s, %(param58)s, %(param59)s, %(param60)s, %(param61)s, %(param62)s, %(param63)s, %(param64)s, %(param65)s, %(param66)s, %(param67)s, %(param68)s, %(param69)s, %(param70)s, %(param71)s, %(param72)s, %(param73)s, %(param74)s, %(param75)s, %(param76)s, %(param77)s, %(param78)s, %(param79)s, %(param80)s, %(param81)s, %(param82)s, %(param83)s, %(param84)s, %(param85)s, %(param86)s, %(param87)s, %(param88)s, %(param89)s, %(param90)s, %(param91)s, %(param92)s, %(param93)s, %(param94)s, %(param95)s, %(param96)s, %(param97)s, %(param98)s, %(param99)s, %(param100)s, %(param101)s, %(param102)s, %(param103)s, %(param104)s, %(param105)s, %(param106)s, %(param107)s, %(param108)s, %(param109)s, %(param110)s, %(param111)s, %(param112)s, %(param113)s, %(param114)s, %(param115)s)]\n[parameters: {\'param0\': \'2026-04-30\', \'param1\': \'CL-0381\', \'param2\': \'HEAD OFFICE\', \'param3\': \'HEAD OFFICE\', \'param4\': 1021.12, \'param5\': 1025.12, \'param6\': 2.0, \'param7\': 1023.1199999999999, \'param8\': 1023.12, \'param9\': 1.1368683772161603e-13, \'param10\': \'balanced\', \'param11\': 1, \'param12\': 1.0, \'param13\': 1, \'param14\': 1.0, \'param15\': 1, \'param16\': 1.0, \'param17\': 1, \'param18\': 1.0, \'param19\': 1, \'param20\': 0, \'param21\': 0, \'param22\': 0, \'param23\': 0, \'param24\': 0, \'param25\': 0, \'param26\': 0, \'param27\': 0, \'param28\': 0, \'param29\': 0, \'param30\': 0, \'param31\': 0, \'param32\': 0, \'param33\': 0, \'param34\': 0, \'param35\': 0, \'param36\': 0, \'param37\': 0, \'param38\': 0, \'param39\': 0, \'param40\': 0, \'param41\': 0, \'param42\': 0, \'param43\': 0, \'param44\': 0, \'param45\': 0, \'param46\': 0, \'param47\': 0, \'param48\': 0, \'param49\': 0 ... 16 parameters truncated ... \'param66\': 0, \'param67\': 0, \'param68\': 0, \'param69\': 0, \'param70\': 0, \'param71\': 0, \'param72\': 0, \'param73\': 0, \'param74\': 0, \'param75\': 0, \'param76\': 0, \'param77\': 0, \'param78\': 0, \'param79\': 0, \'param80\': 0, \'param81\': 0, \'param82\': 0, \'param83\': 0, \'param84\': 0, \'param85\': 0, \'param86\': 0, \'param87\': 0, \'param88\': 0, \'param89\': 0, \'param90\': 0, \'param91\': 0, \'param92\': 0, \'param93\': 0, \'param94\': 1.0, \'param95\': 0, \'param96\': 1.0, \'param97\': 0, \'param98\': 0, \'param99\': 0, \'param100\': 0, \'param101\': 0, \'param102\': 0, \'param103\': 0, \'param104\': 0, \'param105\': 0, \'param106\': 0, \'param107\': 0, \'param108\': 0, \'param109\': 0, \'param110\': 0, \'param111\': 0, \'param112\': 0, \'param113\': 0, \'param114\': 0, \'param115\': \'[["10.0%", 1.0]]\'}]\n(Background on this error at: https://sqlalche.me/e/20/gkpj)')
2026-04-24 15:42:27 [INFO] RemoteDatabaseManager: API mode enabled — connecting via http://222.127.90.218
2026-04-24 15:42:29 [INFO] AutoUpdater: Silent updater: Checking for updates...
2026-04-24 15:42:29 [INFO] AutoUpdater: Silent update status: Checking for updates...
2026-04-24 15:42:30 [INFO] AutoUpdater: Silent updater: Already on latest version (1.0.0)
2026-04-24 15:42:30 [INFO] AutoUpdater: Silent update status: Already up to date
2026-04-24 15:42:30 [INFO] ping_monitor: PingMonitor started for CL-0381 (user)
2026-04-24 15:43:15 [INFO] Client.client_dashboard: daily_reports_brand_a verified: Debit=10042.77, Credit=6.00, Ending=10036.77
2026-04-24 15:43:15 [ERROR] RemoteDatabaseManager: DB attempt 1: ('(pymysql.err.IntegrityError) (1062, "Duplicate entry \'2026-05-01-HEAD OFFICE-HEAD OFFICE-Brand A\' for key \'daily_reports.unique_date_branch_corp_brand\'")', '(pymysql.err.IntegrityError) (1062, "Duplicate entry \'2026-05-01-HEAD OFFICE-HEAD OFFICE-Brand A\' for key \'daily_reports.unique_date_branch_corp_brand\'")\n[SQL: INSERT INTO daily_reports (date, username, branch, corporation, beginning_balance, debit_total, credit_total, ending_balance, cash_count, cash_result, variance_status, is_locked, rescate_jewelry, rescate_jewelry_lotes, interest, interest_lotes, penalty, penalty_lotes, stamp, stamp_lotes, resguardo_affidavit, resguardo_affidavit_lotes, jew_ai, jew_ai_lotes, sc, sc_lotes, fund_transfer_from_branch, fund_transfer_from_branch_lotes, ppay_co_sc, ppay_co_sc_lotes, palawan_send_out, palawan_send_out_lotes, palawan_sc, palawan_sc_lotes, palawan_suki_card, palawan_suki_card_lotes, palawan_pay_cash_in_sc, palawan_pay_cash_in_sc_lotes, palawan_pay_bills_sc, palawan_pay_bills_sc_lotes, palawan_load, palawan_load_lotes, palawan_change_receiver, palawan_change_receiver_lotes, mc_in, mc_in_lotes, handling_fee, handling_fee_lotes, other_penalty, other_penalty_lotes, cash_overage, cash_overage_lotes, palawan_sendout_principal, palawan_sendout_sc, palawan_sendout_commission, palawan_sendout_regular_total, palawan_payout_principal, palawan_payout_sc, palawan_payout_commission, palawan_payout_regular_total, palawan_international_principal, palawan_international_sc, palawan_international_commission, palawan_international_regular_total, palawan_sendout_lotes_total, palawan_payout_lotes_total, palawan_international_lotes_total, palawan_pay_out_incentives, palawan_suki_discounts, palawan_suki_rebates, palawan_cancel, empeno_jew_new, empeno_jew_new_lotes, empeno_jew_renew, empeno_jew_renew_lotes, fund_transfer_to_head_office, fund_transfer_to_head_office_lotes, fund_transfer_to_branch, fund_transfer_to_branch_lotes, palawan_pay_out, palawan_pay_out_lotes, palawan_pay_out_incentives_lotes, palawan_pay_cash_out, palawan_pay_cash_out_lotes, pc_inc_emp, pc_inc_emp_lotes, pc_inc_suki_card, pc_inc_suki_card_lotes, pc_salary, pc_salary_lotes, pc_rental, pc_rental_lotes, pc_electric, pc_electric_lotes, pc_water, pc_water_lotes, pc_internet, pc_internet_lotes, pc_lbc_jrs_jnt, pc_lbc_jrs_jnt_lotes, pc_permits_bir_payments, pc_permits_bir_payments_lotes, pc_supplies_xerox_maintenance, pc_supplies_xerox_maintenance_lotes, pc_transpo, pc_transpo_lotes, palawan_cancel_lotes, palawan_suki_discounts_lotes, palawan_suki_rebates_lotes, mc_out, mc_out_lotes, others, others_lotes, cash_shortage, cash_shortage_lotes) VALUES (%(param0)s, %(param1)s, %(param2)s, %(param3)s, %(param4)s, %(param5)s, %(param6)s, %(param7)s, %(param8)s, %(param9)s, %(param10)s, %(param11)s, %(param12)s, %(param13)s, %(param14)s, %(param15)s, %(param16)s, %(param17)s, %(param18)s, %(param19)s, %(param20)s, %(param21)s, %(param22)s, %(param23)s, %(param24)s, %(param25)s, %(param26)s, %(param27)s, %(param28)s, %(param29)s, %(param30)s, %(param31)s, %(param32)s, %(param33)s, %(param34)s, %(param35)s, %(param36)s, %(param37)s, %(param38)s, %(param39)s, %(param40)s, %(param41)s, %(param42)s, %(param43)s, %(param44)s, %(param45)s, %(param46)s, %(param47)s, %(param48)s, %(param49)s, %(param50)s, %(param51)s, %(param52)s, %(param53)s, %(param54)s, %(param55)s, %(param56)s, %(param57)s, %(param58)s, %(param59)s, %(param60)s, %(param61)s, %(param62)s, %(param63)s, %(param64)s, %(param65)s, %(param66)s, %(param67)s, %(param68)s, %(param69)s, %(param70)s, %(param71)s, %(param72)s, %(param73)s, %(param74)s, %(param75)s, %(param76)s, %(param77)s, %(param78)s, %(param79)s, %(param80)s, %(param81)s, %(param82)s, %(param83)s, %(param84)s, %(param85)s, %(param86)s, %(param87)s, %(param88)s, %(param89)s, %(param90)s, %(param91)s, %(param92)s, %(param93)s, %(param94)s, %(param95)s, %(param96)s, %(param97)s, %(param98)s, %(param99)s, %(param100)s, %(param101)s, %(param102)s, %(param103)s, %(param104)s, %(param105)s, %(param106)s, %(param107)s, %(param108)s, %(param109)s, %(param110)s, %(param111)s, %(param112)s, %(param113)s, %(param114)s)]\n[parameters: {\'param0\': \'2026-05-01\', \'param1\': \'CL-0381\', \'param2\': \'HEAD OFFICE\', \'param3\': \'HEAD OFFICE\', \'param4\': 1023.12, \'param5\': 1030.12, \'param6\': 1.0, \'param7\': 1029.12, \'param8\': 1029.12, \'param9\': 0.0, \'param10\': \'balanced\', \'param11\': 1, \'param12\': 1.0, \'param13\': 1, \'param14\': 1.0, \'param15\': 1, \'param16\': 1.0, \'param17\': 1, \'param18\': 1.0, \'param19\': 1, \'param20\': 0, \'param21\': 0, \'param22\': 0, \'param23\': 0, \'param24\': 0, \'param25\': 0, \'param26\': 0, \'param27\': 0, \'param28\': 0, \'param29\': 0, \'param30\': 1.0, \'param31\': 0, \'param32\': 2.0, \'param33\': 0, \'param34\': 0, \'param35\': 0, \'param36\': 0, \'param37\': 0, \'param38\': 0, \'param39\': 0, \'param40\': 0, \'param41\': 0, \'param42\': 0, \'param43\': 0, \'param44\': 0, \'param45\': 0, \'param46\': 0, \'param47\': 0, \'param48\': 0, \'param49\': 0 ... 15 parameters truncated ... \'param65\': 0, \'param66\': 0, \'param67\': 0, \'param68\': 0, \'param69\': 0, \'param70\': 0, \'param71\': 0, \'param72\': 0, \'param73\': 0, \'param74\': 0, \'param75\': 0, \'param76\': 0, \'param77\': 0, \'param78\': 0, \'param79\': 1.0, \'param80\': 0, \'param81\': 0, \'param82\': 0, \'param83\': 0, \'param84\': 0, \'param85\': 0, \'param86\': 0, \'param87\': 0, \'param88\': 0, \'param89\': 0, \'param90\': 0, \'param91\': 0, \'param92\': 0, \'param93\': 0, \'param94\': 0, \'param95\': 0, \'param96\': 0, \'param97\': 0, \'param98\': 0, \'param99\': 0, \'param100\': 0, \'param101\': 0, \'param102\': 0, \'param103\': 0, \'param104\': 0, \'param105\': 0, \'param106\': 0, \'param107\': 0, \'param108\': 0, \'param109\': 0, \'param110\': 0, \'param111\': 0, \'param112\': 0, \'param113\': 0, \'param114\': 0}]\n(Background on this error at: https://sqlalche.me/e/20/gkpj)')
2026-04-24 16:05:48 [INFO] Client.client_dashboard: daily_reports_brand_a verified: Debit=10042.77, Credit=6.00, Ending=10036.77
2026-04-24 16:05:48 [ERROR] RemoteDatabaseManager: DB attempt 1: ('(pymysql.err.IntegrityError) (1062, "Duplicate entry \'2026-05-01-HEAD OFFICE-HEAD OFFICE-Brand A\' for key \'daily_reports.unique_date_branch_corp_brand\'")', '(pymysql.err.IntegrityError) (1062, "Duplicate entry \'2026-05-01-HEAD OFFICE-HEAD OFFICE-Brand A\' for key \'daily_reports.unique_date_branch_corp_brand\'")\n[SQL: INSERT INTO daily_reports (date, username, branch, corporation, beginning_balance, debit_total, credit_total, ending_balance, cash_count, cash_result, variance_status, is_locked, rescate_jewelry, rescate_jewelry_lotes, interest, interest_lotes, penalty, penalty_lotes, stamp, stamp_lotes, resguardo_affidavit, resguardo_affidavit_lotes, jew_ai, jew_ai_lotes, sc, sc_lotes, fund_transfer_from_branch, fund_transfer_from_branch_lotes, ppay_co_sc, ppay_co_sc_lotes, palawan_send_out, palawan_send_out_lotes, palawan_sc, palawan_sc_lotes, palawan_suki_card, palawan_suki_card_lotes, palawan_pay_cash_in_sc, palawan_pay_cash_in_sc_lotes, palawan_pay_bills_sc, palawan_pay_bills_sc_lotes, palawan_load, palawan_load_lotes, palawan_change_receiver, palawan_change_receiver_lotes, mc_in, mc_in_lotes, handling_fee, handling_fee_lotes, other_penalty, other_penalty_lotes, cash_overage, cash_overage_lotes, palawan_sendout_principal, palawan_sendout_sc, palawan_sendout_commission, palawan_sendout_regular_total, palawan_payout_principal, palawan_payout_sc, palawan_payout_commission, palawan_payout_regular_total, palawan_international_principal, palawan_international_sc, palawan_international_commission, palawan_international_regular_total, palawan_sendout_lotes_total, palawan_payout_lotes_total, palawan_international_lotes_total, palawan_pay_out_incentives, palawan_suki_discounts, palawan_suki_rebates, palawan_cancel, empeno_jew_new, empeno_jew_new_lotes, empeno_jew_renew, empeno_jew_renew_lotes, fund_transfer_to_head_office, fund_transfer_to_head_office_lotes, fund_transfer_to_branch, fund_transfer_to_branch_lotes, palawan_pay_out, palawan_pay_out_lotes, palawan_pay_out_incentives_lotes, palawan_pay_cash_out, palawan_pay_cash_out_lotes, pc_inc_emp, pc_inc_emp_lotes, pc_inc_suki_card, pc_inc_suki_card_lotes, pc_salary, pc_salary_lotes, pc_rental, pc_rental_lotes, pc_electric, pc_electric_lotes, pc_water, pc_water_lotes, pc_internet, pc_internet_lotes, pc_lbc_jrs_jnt, pc_lbc_jrs_jnt_lotes, pc_permits_bir_payments, pc_permits_bir_payments_lotes, pc_supplies_xerox_maintenance, pc_supplies_xerox_maintenance_lotes, pc_transpo, pc_transpo_lotes, palawan_cancel_lotes, palawan_suki_discounts_lotes, palawan_suki_rebates_lotes, mc_out, mc_out_lotes, others, others_lotes, cash_shortage, cash_shortage_lotes) VALUES (%(param0)s, %(param1)s, %(param2)s, %(param3)s, %(param4)s, %(param5)s, %(param6)s, %(param7)s, %(param8)s, %(param9)s, %(param10)s, %(param11)s, %(param12)s, %(param13)s, %(param14)s, %(param15)s, %(param16)s, %(param17)s, %(param18)s, %(param19)s, %(param20)s, %(param21)s, %(param22)s, %(param23)s, %(param24)s, %(param25)s, %(param26)s, %(param27)s, %(param28)s, %(param29)s, %(param30)s, %(param31)s, %(param32)s, %(param33)s, %(param34)s, %(param35)s, %(param36)s, %(param37)s, %(param38)s, %(param39)s, %(param40)s, %(param41)s, %(param42)s, %(param43)s, %(param44)s, %(param45)s, %(param46)s, %(param47)s, %(param48)s, %(param49)s, %(param50)s, %(param51)s, %(param52)s, %(param53)s, %(param54)s, %(param55)s, %(param56)s, %(param57)s, %(param58)s, %(param59)s, %(param60)s, %(param61)s, %(param62)s, %(param63)s, %(param64)s, %(param65)s, %(param66)s, %(param67)s, %(param68)s, %(param69)s, %(param70)s, %(param71)s, %(param72)s, %(param73)s, %(param74)s, %(param75)s, %(param76)s, %(param77)s, %(param78)s, %(param79)s, %(param80)s, %(param81)s, %(param82)s, %(param83)s, %(param84)s, %(param85)s, %(param86)s, %(param87)s, %(param88)s, %(param89)s, %(param90)s, %(param91)s, %(param92)s, %(param93)s, %(param94)s, %(param95)s, %(param96)s, %(param97)s, %(param98)s, %(param99)s, %(param100)s, %(param101)s, %(param102)s, %(param103)s, %(param104)s, %(param105)s, %(param106)s, %(param107)s, %(param108)s, %(param109)s, %(param110)s, %(param111)s, %(param112)s, %(param113)s, %(param114)s)]\n[parameters: {\'param0\': \'2026-05-01\', \'param1\': \'CL-0381\', \'param2\': \'HEAD OFFICE\', \'param3\': \'HEAD OFFICE\', \'param4\': 1023.12, \'param5\': 1030.12, \'param6\': 1.0, \'param7\': 1029.12, \'param8\': 1029.12, \'param9\': 0.0, \'param10\': \'balanced\', \'param11\': 1, \'param12\': 1.0, \'param13\': 1, \'param14\': 1.0, \'param15\': 1, \'param16\': 1.0, \'param17\': 1, \'param18\': 1.0, \'param19\': 1, \'param20\': 0, \'param21\': 0, \'param22\': 0, \'param23\': 0, \'param24\': 0, \'param25\': 0, \'param26\': 0, \'param27\': 0, \'param28\': 0, \'param29\': 0, \'param30\': 1.0, \'param31\': 0, \'param32\': 2.0, \'param33\': 0, \'param34\': 0, \'param35\': 0, \'param36\': 0, \'param37\': 0, \'param38\': 0, \'param39\': 0, \'param40\': 0, \'param41\': 0, \'param42\': 0, \'param43\': 0, \'param44\': 0, \'param45\': 0, \'param46\': 0, \'param47\': 0, \'param48\': 0, \'param49\': 0 ... 15 parameters truncated ... \'param65\': 0, \'param66\': 0, \'param67\': 0, \'param68\': 0, \'param69\': 0, \'param70\': 0, \'param71\': 0, \'param72\': 0, \'param73\': 0, \'param74\': 0, \'param75\': 0, \'param76\': 0, \'param77\': 0, \'param78\': 0, \'param79\': 1.0, \'param80\': 0, \'param81\': 0, \'param82\': 0, \'param83\': 0, \'param84\': 0, \'param85\': 0, \'param86\': 0, \'param87\': 0, \'param88\': 0, \'param89\': 0, \'param90\': 0, \'param91\': 0, \'param92\': 0, \'param93\': 0, \'param94\': 0, \'param95\': 0, \'param96\': 0, \'param97\': 0, \'param98\': 0, \'param99\': 0, \'param100\': 0, \'param101\': 0, \'param102\': 0, \'param103\': 0, \'param104\': 0, \'param105\': 0, \'param106\': 0, \'param107\': 0, \'param108\': 0, \'param109\': 0, \'param110\': 0, \'param111\': 0, \'param112\': 0, \'param113\': 0, \'param114\': 0}]\n(Background on this error at: https://sqlalche.me/e/20/gkpj)')
2026-04-24 16:05:58 [INFO] RemoteDatabaseManager: API mode enabled — connecting via http://222.127.90.218
2026-04-24 16:05:59 [INFO] AutoUpdater: Silent updater: Checking for updates...
2026-04-24 16:05:59 [INFO] AutoUpdater: Silent update status: Checking for updates...
2026-04-24 16:06:00 [INFO] AutoUpdater: Silent updater: Already on latest version (1.0.0)
2026-04-24 16:06:00 [INFO] AutoUpdater: Silent update status: Already up to date
2026-04-24 16:06:01 [INFO] ping_monitor: PingMonitor started for CL-0381 (user)
2026-04-24 16:06:40 [INFO] Client.client_dashboard: daily_reports_brand_a verified: Debit=10006.00, Credit=10.00, Ending=9996.00
2026-04-24 16:06:40 [ERROR] RemoteDatabaseManager: DB attempt 1: ('(pymysql.err.IntegrityError) (1062, "Duplicate entry \'2026-06-02-HEAD OFFICE-HEAD OFFICE-Brand A\' for key \'daily_reports.unique_date_branch_corp_brand\'")', '(pymysql.err.IntegrityError) (1062, "Duplicate entry \'2026-06-02-HEAD OFFICE-HEAD OFFICE-Brand A\' for key \'daily_reports.unique_date_branch_corp_brand\'")\n[SQL: INSERT INTO daily_reports (date, username, branch, corporation, beginning_balance, debit_total, credit_total, ending_balance, cash_count, cash_result, variance_status, is_locked, rescate_jewelry, rescate_jewelry_lotes, interest, interest_lotes, penalty, penalty_lotes, stamp, stamp_lotes, resguardo_affidavit, resguardo_affidavit_lotes, jew_ai, jew_ai_lotes, sc, sc_lotes, fund_transfer_from_branch, fund_transfer_from_branch_lotes, ppay_co_sc, ppay_co_sc_lotes, palawan_send_out, palawan_send_out_lotes, palawan_sc, palawan_sc_lotes, palawan_suki_card, palawan_suki_card_lotes, palawan_pay_cash_in_sc, palawan_pay_cash_in_sc_lotes, palawan_pay_bills_sc, palawan_pay_bills_sc_lotes, palawan_load, palawan_load_lotes, palawan_change_receiver, palawan_change_receiver_lotes, mc_in, mc_in_lotes, handling_fee, handling_fee_lotes, other_penalty, other_penalty_lotes, cash_overage, cash_overage_lotes, palawan_sendout_principal, palawan_sendout_sc, palawan_sendout_commission, palawan_sendout_regular_total, palawan_payout_principal, palawan_payout_sc, palawan_payout_commission, palawan_payout_regular_total, palawan_international_principal, palawan_international_sc, palawan_international_commission, palawan_international_regular_total, palawan_sendout_lotes_total, palawan_payout_lotes_total, palawan_international_lotes_total, palawan_pay_out_incentives, palawan_suki_discounts, palawan_suki_rebates, palawan_cancel, empeno_jew_new, empeno_jew_new_lotes, empeno_jew_renew, empeno_jew_renew_lotes, fund_transfer_to_head_office, fund_transfer_to_head_office_lotes, fund_transfer_to_branch, fund_transfer_to_branch_lotes, palawan_pay_out, palawan_pay_out_lotes, palawan_pay_out_incentives_lotes, palawan_pay_cash_out, palawan_pay_cash_out_lotes, pc_inc_emp, pc_inc_emp_lotes, pc_inc_suki_card, pc_inc_suki_card_lotes, pc_salary, pc_salary_lotes, pc_rental, pc_rental_lotes, pc_electric, pc_electric_lotes, pc_water, pc_water_lotes, pc_internet, pc_internet_lotes, pc_lbc_jrs_jnt, pc_lbc_jrs_jnt_lotes, pc_permits_bir_payments, pc_permits_bir_payments_lotes, pc_supplies_xerox_maintenance, pc_supplies_xerox_maintenance_lotes, pc_transpo, pc_transpo_lotes, palawan_cancel_lotes, palawan_suki_discounts_lotes, palawan_suki_rebates_lotes, mc_out, mc_out_lotes, others, others_lotes, cash_shortage, cash_shortage_lotes) VALUES (%(param0)s, %(param1)s, %(param2)s, %(param3)s, %(param4)s, %(param5)s, %(param6)s, %(param7)s, %(param8)s, %(param9)s, %(param10)s, %(param11)s, %(param12)s, %(param13)s, %(param14)s, %(param15)s, %(param16)s, %(param17)s, %(param18)s, %(param19)s, %(param20)s, %(param21)s, %(param22)s, %(param23)s, %(param24)s, %(param25)s, %(param26)s, %(param27)s, %(param28)s, %(param29)s, %(param30)s, %(param31)s, %(param32)s, %(param33)s, %(param34)s, %(param35)s, %(param36)s, %(param37)s, %(param38)s, %(param39)s, %(param40)s, %(param41)s, %(param42)s, %(param43)s, %(param44)s, %(param45)s, %(param46)s, %(param47)s, %(param48)s, %(param49)s, %(param50)s, %(param51)s, %(param52)s, %(param53)s, %(param54)s, %(param55)s, %(param56)s, %(param57)s, %(param58)s, %(param59)s, %(param60)s, %(param61)s, %(param62)s, %(param63)s, %(param64)s, %(param65)s, %(param66)s, %(param67)s, %(param68)s, %(param69)s, %(param70)s, %(param71)s, %(param72)s, %(param73)s, %(param74)s, %(param75)s, %(param76)s, %(param77)s, %(param78)s, %(param79)s, %(param80)s, %(param81)s, %(param82)s, %(param83)s, %(param84)s, %(param85)s, %(param86)s, %(param87)s, %(param88)s, %(param89)s, %(param90)s, %(param91)s, %(param92)s, %(param93)s, %(param94)s, %(param95)s, %(param96)s, %(param97)s, %(param98)s, %(param99)s, %(param100)s, %(param101)s, %(param102)s, %(param103)s, %(param104)s, %(param105)s, %(param106)s, %(param107)s, %(param108)s, %(param109)s, %(param110)s, %(param111)s, %(param112)s, %(param113)s, %(param114)s)]\n[parameters: {\'param0\': \'2026-06-02\', \'param1\': \'CL-0381\', \'param2\': \'HEAD OFFICE\', \'param3\': \'HEAD OFFICE\', \'param4\': 213123.0, \'param5\': 213127.0, \'param6\': 0, \'param7\': 213127.0, \'param8\': 213127.0, \'param9\': 0.0, \'param10\': \'balanced\', \'param11\': 1, \'param12\': 1.0, \'param13\': 1, \'param14\': 1.0, \'param15\': 1, \'param16\': 1.0, \'param17\': 1, \'param18\': 1.0, \'param19\': 1, \'param20\': 0, \'param21\': 0, \'param22\': 0, \'param23\': 0, \'param24\': 0, \'param25\': 0, \'param26\': 0, \'param27\': 0, \'param28\': 0, \'param29\': 0, \'param30\': 0, \'param31\': 0, \'param32\': 0, \'param33\': 0, \'param34\': 0, \'param35\': 0, \'param36\': 0, \'param37\': 0, \'param38\': 0, \'param39\': 0, \'param40\': 0, \'param41\': 0, \'param42\': 0, \'param43\': 0, \'param44\': 0, \'param45\': 0, \'param46\': 0, \'param47\': 0, \'param48\': 0, \'param49\': 0 ... 15 parameters truncated ... \'param65\': 0, \'param66\': 0, \'param67\': 0, \'param68\': 0, \'param69\': 0, \'param70\': 0, \'param71\': 0, \'param72\': 0, \'param73\': 0, \'param74\': 0, \'param75\': 0, \'param76\': 0, \'param77\': 0, \'param78\': 0, \'param79\': 0, \'param80\': 0, \'param81\': 0, \'param82\': 0, \'param83\': 0, \'param84\': 0, \'param85\': 0, \'param86\': 0, \'param87\': 0, \'param88\': 0, \'param89\': 0, \'param90\': 0, \'param91\': 0, \'param92\': 0, \'param93\': 0, \'param94\': 0, \'param95\': 0, \'param96\': 0, \'param97\': 0, \'param98\': 0, \'param99\': 0, \'param100\': 0, \'param101\': 0, \'param102\': 0, \'param103\': 0, \'param104\': 0, \'param105\': 0, \'param106\': 0, \'param107\': 0, \'param108\': 0, \'param109\': 0, \'param110\': 0, \'param111\': 0, \'param112\': 0, \'param113\': 0, \'param114\': 0}]\n(Background on this error at: https://sqlalche.me/e/20/gkpj)')
2026-04-24 16:07:04 [INFO] login: Logout requested - returning to login screen
2026-04-24 16:07:04 [INFO] ping_monitor: PingMonitor stopped for CL-0381
2026-04-24 16:07:13 [INFO] ping_monitor: PingMonitor started for test_admin_A (admin)
2026-04-24 16:10:49 [INFO] RemoteDatabaseManager: API mode enabled — connecting via http://222.127.90.218
2026-04-24 16:10:50 [INFO] AutoUpdater: Silent updater: Checking for updates...
2026-04-24 16:10:50 [INFO] AutoUpdater: Silent update status: Checking for updates...
2026-04-24 16:10:51 [INFO] AutoUpdater: Silent updater: Already on latest version (1.0.0)
2026-04-24 16:10:51 [INFO] AutoUpdater: Silent update status: Already up to date
2026-04-24 16:11:12 [INFO] ping_monitor: PingMonitor started for test_admin_A (admin)
2026-04-24 16:41:03 [INFO] RemoteDatabaseManager: API mode enabled — connecting via http://222.127.90.218
2026-04-24 16:41:05 [INFO] AutoUpdater: Silent updater: Checking for updates...
2026-04-24 16:41:05 [INFO] AutoUpdater: Silent update status: Checking for updates...
2026-04-24 16:41:05 [INFO] AutoUpdater: Silent updater: Already on latest version (1.0.0)
2026-04-24 16:41:05 [INFO] AutoUpdater: Silent update status: Already up to date
2026-04-24 16:41:19 [INFO] ping_monitor: PingMonitor started for test_admin_A (admin)
2026-04-25 08:20:19 [INFO] RemoteDatabaseManager: API mode enabled — connecting via http://222.127.90.218
2026-04-25 08:20:20 [INFO] AutoUpdater: Silent updater: Checking for updates...
2026-04-25 08:20:20 [INFO] AutoUpdater: Silent update status: Checking for updates...
2026-04-25 08:20:21 [INFO] AutoUpdater: Silent updater: Already on latest version (1.0.0)
2026-04-25 08:20:21 [INFO] AutoUpdater: Silent update status: Already up to date
2026-04-25 08:20:24 [INFO] ping_monitor: PingMonitor started for test_admin_A (admin)
2026-04-25 08:26:14 [INFO] RemoteDatabaseManager: API mode enabled — connecting via http://222.127.90.218
2026-04-25 08:26:15 [INFO] AutoUpdater: Silent updater: Checking for updates...
2026-04-25 08:26:15 [INFO] AutoUpdater: Silent update status: Checking for updates...
2026-04-25 08:26:16 [INFO] AutoUpdater: Silent updater: Already on latest version (1.0.0)
2026-04-25 08:26:16 [INFO] AutoUpdater: Silent update status: Already up to date
2026-04-25 08:26:24 [INFO] ping_monitor: PingMonitor started for test_admin_A (admin)
2026-04-25 08:34:16 [INFO] RemoteDatabaseManager: API mode enabled — connecting via http://222.127.90.218
2026-04-25 08:34:17 [INFO] AutoUpdater: Silent updater: Checking for updates...
2026-04-25 08:34:17 [INFO] AutoUpdater: Silent update status: Checking for updates...
2026-04-25 08:34:18 [INFO] AutoUpdater: Silent updater: Already on latest version (1.0.0)
2026-04-25 08:34:18 [INFO] AutoUpdater: Silent update status: Already up to date
2026-04-25 08:34:22 [INFO] ping_monitor: PingMonitor started for test_admin_A (admin)
2026-04-25 09:07:14 [INFO] login: Logout requested - returning to login screen
2026-04-25 09:07:14 [INFO] ping_monitor: PingMonitor stopped for test_admin_A
2026-04-25 09:07:21 [INFO] ping_monitor: PingMonitor started for CL-0381 (user)
2026-04-25 09:20:31 [INFO] login: Logout requested - returning to login screen
2026-04-25 09:20:31 [INFO] ping_monitor: PingMonitor stopped for CL-0381
2026-04-25 09:20:38 [INFO] ping_monitor: PingMonitor started for test_admin_A (admin)
2026-04-25 09:42:25 [INFO] RemoteDatabaseManager: API mode enabled — connecting via http://222.127.90.218
2026-04-25 09:42:27 [INFO] AutoUpdater: Silent updater: Checking for updates...
2026-04-25 09:42:27 [INFO] AutoUpdater: Silent update status: Checking for updates...
2026-04-25 09:42:28 [INFO] AutoUpdater: Silent updater: Already on latest version (1.0.0)
2026-04-25 09:42:28 [INFO] AutoUpdater: Silent update status: Already up to date
2026-04-25 09:42:31 [INFO] ping_monitor: PingMonitor started for test_admin_A (admin)
2026-04-25 09:43:29 [INFO] login: Logout requested - returning to login screen
2026-04-25 09:43:29 [INFO] ping_monitor: PingMonitor stopped for test_admin_A
2026-04-25 09:43:38 [INFO] ping_monitor: PingMonitor started for CL-0381 (user)
2026-04-25 09:45:21 [INFO] login: Logout requested - returning to login screen
2026-04-25 09:45:21 [INFO] ping_monitor: PingMonitor stopped for CL-0381
2026-04-25 09:45:32 [INFO] ping_monitor: PingMonitor started for test_admin_A (admin)
2026-04-25 09:47:36 [INFO] login: Logout requested - returning to login screen
2026-04-25 09:47:36 [INFO] ping_monitor: PingMonitor stopped for test_admin_A
2026-04-25 09:47:43 [INFO] ping_monitor: PingMonitor started for CL-0381 (user)
2026-04-25 09:48:03 [INFO] Client.palawan_payable_container: [PalawanPayable] saved for branch=HEAD OFFICE date=2026-04-25
2026-04-25 09:48:38 [INFO] Client.client_dashboard: daily_reports_brand_a verified: Debit=1005.21, Credit=2.00, Ending=1003.21
2026-04-25 09:48:38 [ERROR] RemoteDatabaseManager: DB attempt 1: ('(pymysql.err.IntegrityError) (1062, "Duplicate entry \'2026-04-25-HEAD OFFICE-HEAD OFFICE-Brand B\' for key \'daily_reports.unique_date_branch_corp_brand\'")', '(pymysql.err.IntegrityError) (1062, "Duplicate entry \'2026-04-25-HEAD OFFICE-HEAD OFFICE-Brand B\' for key \'daily_reports.unique_date_branch_corp_brand\'")\n[SQL: INSERT INTO daily_reports (date, username, branch, corporation, beginning_balance, debit_total, credit_total, ending_balance, cash_count, cash_result, variance_status, is_locked, brand, rescate_jewelry, rescate_jewelry_lotes, interest, interest_lotes, penalty, penalty_lotes, stamp, stamp_lotes, resguardo_affidavit, resguardo_affidavit_lotes, jew_ai, jew_ai_lotes, sc, sc_lotes, fund_transfer_from_branch, fund_transfer_from_branch_lotes, ppay_co_sc, ppay_co_sc_lotes, palawan_send_out, palawan_send_out_lotes, palawan_sc, palawan_sc_lotes, palawan_suki_card, palawan_suki_card_lotes, palawan_pay_cash_in_sc, palawan_pay_cash_in_sc_lotes, palawan_pay_bills_sc, palawan_pay_bills_sc_lotes, palawan_load, palawan_load_lotes, palawan_change_receiver, palawan_change_receiver_lotes, mc_in, mc_in_lotes, handling_fee, handling_fee_lotes, other_penalty, other_penalty_lotes, cash_overage, cash_overage_lotes, palawan_sendout_principal, palawan_sendout_sc, palawan_sendout_commission, palawan_sendout_regular_total, palawan_payout_principal, palawan_payout_sc, palawan_payout_commission, palawan_payout_regular_total, palawan_international_principal, palawan_international_sc, palawan_international_commission, palawan_international_regular_total, palawan_sendout_lotes_total, palawan_payout_lotes_total, palawan_international_lotes_total, palawan_pay_out_incentives, palawan_suki_discounts, palawan_suki_rebates, palawan_cancel, empeno_jew_new, empeno_jew_new_lotes, empeno_jew_renew, empeno_jew_renew_lotes, fund_transfer_to_head_office, fund_transfer_to_head_office_lotes, fund_transfer_to_branch, fund_transfer_to_branch_lotes, palawan_pay_out, palawan_pay_out_lotes, palawan_pay_out_incentives_lotes, palawan_pay_cash_out, palawan_pay_cash_out_lotes, pc_inc_emp, pc_inc_emp_lotes, pc_inc_suki_card, pc_inc_suki_card_lotes, pc_salary, pc_salary_lotes, pc_rental, pc_rental_lotes, pc_electric, pc_electric_lotes, pc_water, pc_water_lotes, pc_internet, pc_internet_lotes, pc_lbc_jrs_jnt, pc_lbc_jrs_jnt_lotes, pc_permits_bir_payments, pc_permits_bir_payments_lotes, pc_supplies_xerox_maintenance, pc_supplies_xerox_maintenance_lotes, pc_transpo, pc_transpo_lotes, palawan_cancel_lotes, palawan_suki_discounts_lotes, palawan_suki_rebates_lotes, mc_out, mc_out_lotes, others, others_lotes, cash_shortage, cash_shortage_lotes) VALUES (%(param0)s, %(param1)s, %(param2)s, %(param3)s, %(param4)s, %(param5)s, %(param6)s, %(param7)s, %(param8)s, %(param9)s, %(param10)s, %(param11)s, %(param12)s, %(param13)s, %(param14)s, %(param15)s, %(param16)s, %(param17)s, %(param18)s, %(param19)s, %(param20)s, %(param21)s, %(param22)s, %(param23)s, %(param24)s, %(param25)s, %(param26)s, %(param27)s, %(param28)s, %(param29)s, %(param30)s, %(param31)s, %(param32)s, %(param33)s, %(param34)s, %(param35)s, %(param36)s, %(param37)s, %(param38)s, %(param39)s, %(param40)s, %(param41)s, %(param42)s, %(param43)s, %(param44)s, %(param45)s, %(param46)s, %(param47)s, %(param48)s, %(param49)s, %(param50)s, %(param51)s, %(param52)s, %(param53)s, %(param54)s, %(param55)s, %(param56)s, %(param57)s, %(param58)s, %(param59)s, %(param60)s, %(param61)s, %(param62)s, %(param63)s, %(param64)s, %(param65)s, %(param66)s, %(param67)s, %(param68)s, %(param69)s, %(param70)s, %(param71)s, %(param72)s, %(param73)s, %(param74)s, %(param75)s, %(param76)s, %(param77)s, %(param78)s, %(param79)s, %(param80)s, %(param81)s, %(param82)s, %(param83)s, %(param84)s, %(param85)s, %(param86)s, %(param87)s, %(param88)s, %(param89)s, %(param90)s, %(param91)s, %(param92)s, %(param93)s, %(param94)s, %(param95)s, %(param96)s, %(param97)s, %(param98)s, %(param99)s, %(param100)s, %(param101)s, %(param102)s, %(param103)s, %(param104)s, %(param105)s, %(param106)s, %(param107)s, %(param108)s, %(param109)s, %(param110)s, %(param111)s, %(param112)s, %(param113)s, %(param114)s, %(param115)s)]\n[parameters: {\'param0\': \'2026-04-25\', \'param1\': \'CL-0381\', \'param2\': \'HEAD OFFICE\', \'param3\': \'HEAD OFFICE\', \'param4\': 100.0, \'param5\': 110.0, \'param6\': 10.0, \'param7\': 100.0, \'param8\': 100.0, \'param9\': 0.0, \'param10\': \'balanced\', \'param11\': 1, \'param12\': \'Brand B\', \'param13\': 1.0, \'param14\': 0, \'param15\': 1.0, \'param16\': 0, \'param17\': 1.0, \'param18\': 0, \'param19\': 1.0, \'param20\': 0, \'param21\': 0, \'param22\': 0, \'param23\': 0, \'param24\': 0, \'param25\': 0, \'param26\': 0, \'param27\': 0, \'param28\': 0, \'param29\': 0, \'param30\': 0, \'param31\': 2.0, \'param32\': 0, \'param33\': 4.0, \'param34\': 0, \'param35\': 0, \'param36\': 0, \'param37\': 0, \'param38\': 0, \'param39\': 0, \'param40\': 0, \'param41\': 0, \'param42\': 0, \'param43\': 0, \'param44\': 0, \'param45\': 0, \'param46\': 0, \'param47\': 0, \'param48\': 0, \'param49\': 0 ... 16 parameters truncated ... \'param66\': 2.0, \'param67\': 2.0, \'param68\': 2.0, \'param69\': 2.0, \'param70\': 2.0, \'param71\': 2.0, \'param72\': 0, \'param73\': 0, \'param74\': 0, \'param75\': 0, \'param76\': 0, \'param77\': 0, \'param78\': 0, \'param79\': 0, \'param80\': 2.0, \'param81\': 0, \'param82\': 0, \'param83\': 0, \'param84\': 0, \'param85\': 0, \'param86\': 0, \'param87\': 0, \'param88\': 0, \'param89\': 0, \'param90\': 0, \'param91\': 0, \'param92\': 0, \'param93\': 0, \'param94\': 0, \'param95\': 0, \'param96\': 0, \'param97\': 0, \'param98\': 0, \'param99\': 0, \'param100\': 0, \'param101\': 0, \'param102\': 0, \'param103\': 0, \'param104\': 0, \'param105\': 0, \'param106\': 0, \'param107\': 0, \'param108\': 0, \'param109\': 0, \'param110\': 0, \'param111\': 0, \'param112\': 0, \'param113\': 0, \'param114\': 0, \'param115\': 0}]\n(Background on this error at: https://sqlalche.me/e/20/gkpj)')
2026-04-25 09:49:15 [INFO] login: Logout requested - returning to login screen
2026-04-25 09:49:15 [INFO] ping_monitor: PingMonitor stopped for CL-0381
2026-04-25 09:49:21 [INFO] ping_monitor: PingMonitor started for test_admin_A (admin)
2026-04-25 10:05:04 [INFO] RemoteDatabaseManager: API mode enabled — connecting via http://222.127.90.218
2026-04-25 10:05:06 [INFO] AutoUpdater: Silent updater: Checking for updates...
2026-04-25 10:05:06 [INFO] AutoUpdater: Silent update status: Checking for updates...
2026-04-25 10:05:07 [INFO] AutoUpdater: Silent updater: Already on latest version (1.0.0)
2026-04-25 10:05:07 [INFO] AutoUpdater: Silent update status: Already up to date
2026-04-25 10:05:10 [INFO] ping_monitor: PingMonitor started for test_admin_A (admin)
2026-04-25 10:05:30 [INFO] login: Logout requested - returning to login screen
2026-04-25 10:05:30 [INFO] ping_monitor: PingMonitor stopped for test_admin_A
2026-04-25 10:05:37 [INFO] ping_monitor: PingMonitor started for CL-0381 (user)
2026-04-25 10:06:01 [INFO] Client.palawan_payable_container: [PalawanPayable] saved for branch=HEAD OFFICE date=2026-04-26
2026-04-25 10:06:58 [INFO] Client.palawan_payable_container: [PalawanPayable] saved for branch=HEAD OFFICE date=2026-04-26
2026-04-25 10:06:59 [INFO] Client.client_dashboard: daily_reports_brand_a verified: Debit=1006.21, Credit=6.00, Ending=1000.21
2026-04-25 10:07:00 [INFO] Client.client_dashboard: daily_reports verified: Debit=140.00, Credit=12.00, Ending=128.00
2026-04-25 10:07:00 [INFO] Client.client_dashboard: Palawan details saved to payable_tbl for Brand B
2026-04-25 10:07:00 [INFO] Client.client_dashboard: Cash Float saved: 0.00
2026-04-25 10:07:04 [INFO] login: Logout requested - returning to login screen
2026-04-25 10:07:04 [INFO] ping_monitor: PingMonitor stopped for CL-0381
2026-04-25 10:07:11 [INFO] ping_monitor: PingMonitor started for test_admin_A (admin)
2026-04-25 10:12:59 [INFO] login: Logout requested - returning to login screen
2026-04-25 10:13:00 [INFO] ping_monitor: PingMonitor stopped for test_admin_A
2026-04-25 10:13:04 [INFO] ping_monitor: PingMonitor started for test_admin_A (admin)
2026-04-25 10:18:16 [INFO] RemoteDatabaseManager: API mode enabled — connecting via http://222.127.90.218
2026-04-25 10:18:18 [INFO] AutoUpdater: Silent updater: Checking for updates...
2026-04-25 10:18:18 [INFO] AutoUpdater: Silent update status: Checking for updates...
2026-04-25 10:18:18 [INFO] AutoUpdater: Silent updater: Already on latest version (1.0.0)
2026-04-25 10:18:18 [INFO] AutoUpdater: Silent update status: Already up to date
2026-04-25 10:18:20 [INFO] ping_monitor: PingMonitor started for test_admin_A (admin)
2026-04-25 10:40:16 [INFO] RemoteDatabaseManager: API mode enabled — connecting via http://222.127.90.218
2026-04-25 10:40:18 [INFO] AutoUpdater: Silent updater: Checking for updates...
2026-04-25 10:40:18 [INFO] AutoUpdater: Silent update status: Checking for updates...
2026-04-25 10:40:18 [INFO] AutoUpdater: Silent updater: Already on latest version (1.0.0)
2026-04-25 10:40:18 [INFO] AutoUpdater: Silent update status: Already up to date
2026-04-25 10:40:22 [INFO] ping_monitor: PingMonitor started for test_admin_A (admin)
2026-04-25 10:54:42 [INFO] RemoteDatabaseManager: API mode enabled — connecting via http://222.127.90.218
2026-04-25 10:54:42 [INFO] AutoUpdater: Silent updater: Checking for updates...
2026-04-25 10:54:43 [INFO] AutoUpdater: Silent update status: Checking for updates...
2026-04-25 10:54:43 [INFO] AutoUpdater: Silent updater: Already on latest version (1.0.0)
2026-04-25 10:54:43 [INFO] AutoUpdater: Silent update status: Already up to date
2026-04-25 10:54:45 [INFO] ping_monitor: PingMonitor started for test_admin_A (admin)
2026-04-27 08:04:17 [INFO] RemoteDatabaseManager: API mode enabled — connecting via http://222.127.90.218
2026-04-27 08:04:18 [INFO] AutoUpdater: Silent updater: Checking for updates...
2026-04-27 08:04:18 [INFO] AutoUpdater: Silent update status: Checking for updates...
2026-04-27 08:04:19 [INFO] AutoUpdater: Silent updater: Already on latest version (1.0.0)
2026-04-27 08:04:19 [INFO] AutoUpdater: Silent update status: Already up to date
2026-04-27 08:04:21 [INFO] ping_monitor: PingMonitor started for test_admin_A (admin)
2026-04-27 08:04:52 [INFO] login: Logout requested - returning to login screen
2026-04-27 08:04:53 [INFO] ping_monitor: PingMonitor stopped for test_admin_A
2026-04-27 08:05:01 [INFO] ping_monitor: PingMonitor started for CL-0381 (user)
2026-04-27 08:06:22 [INFO] Client.client_dashboard: daily_reports_brand_a verified: Debit=1000.21, Credit=4.00, Ending=996.21
2026-04-27 08:06:22 [INFO] Client.client_dashboard: daily_reports verified: Debit=166.00, Credit=85.00, Ending=81.00
2026-04-27 08:06:22 [INFO] Client.client_dashboard: Palawan details saved to payable_tbl for Brand B
2026-04-27 08:06:23 [INFO] Client.client_dashboard: Cash Float saved: 0.00
2026-04-27 08:06:26 [INFO] login: Logout requested - returning to login screen
2026-04-27 08:06:26 [INFO] ping_monitor: PingMonitor stopped for CL-0381
2026-04-27 08:06:36 [INFO] ping_monitor: PingMonitor started for test_admin_A (admin)
2026-04-27 08:11:17 [INFO] RemoteDatabaseManager: API mode enabled — connecting via http://222.127.90.218
2026-04-27 08:11:18 [INFO] AutoUpdater: Silent updater: Checking for updates...
2026-04-27 08:11:18 [INFO] AutoUpdater: Silent update status: Checking for updates...
2026-04-27 08:11:18 [INFO] AutoUpdater: Silent updater: Already on latest version (1.0.0)
2026-04-27 08:11:18 [INFO] AutoUpdater: Silent update status: Already up to date
2026-04-27 08:11:20 [INFO] ping_monitor: PingMonitor started for test_admin_A (admin)
2026-04-27 08:11:56 [INFO] login: Logout requested - returning to login screen
2026-04-27 08:11:56 [INFO] ping_monitor: PingMonitor stopped for test_admin_A
2026-04-27 08:12:02 [INFO] ping_monitor: PingMonitor started for CL-0381 (user)
2026-04-27 08:12:51 [INFO] Client.client_dashboard: daily_reports_brand_a verified: Debit=996.21, Credit=15.00, Ending=981.21
2026-04-27 08:12:51 [INFO] Client.client_dashboard: daily_reports verified: Debit=90.00, Credit=15.00, Ending=75.00
2026-04-27 08:12:51 [INFO] Client.client_dashboard: Palawan details saved to payable_tbl for Brand B
2026-04-27 08:12:52 [INFO] Client.client_dashboard: Cash Float saved: 0.00
2026-04-27 08:12:56 [INFO] login: Logout requested - returning to login screen
2026-04-27 08:12:56 [INFO] ping_monitor: PingMonitor stopped for CL-0381
2026-04-27 08:13:02 [INFO] ping_monitor: PingMonitor started for test_admin_A (admin)
2026-04-27 08:29:16 [INFO] RemoteDatabaseManager: API mode enabled — connecting via http://222.127.90.218
2026-04-27 08:29:18 [INFO] AutoUpdater: Silent updater: Checking for updates...
2026-04-27 08:29:18 [INFO] AutoUpdater: Silent update status: Checking for updates...
2026-04-27 08:29:18 [INFO] AutoUpdater: Silent updater: Already on latest version (1.0.0)
2026-04-27 08:29:18 [INFO] AutoUpdater: Silent update status: Already up to date
2026-04-27 08:29:25 [INFO] ping_monitor: PingMonitor started for CL-0381 (user)
2026-04-27 08:30:45 [INFO] Client.client_dashboard: daily_reports_brand_a verified: Debit=981.21, Credit=40.00, Ending=941.21
2026-04-27 08:30:45 [INFO] Client.client_dashboard: daily_reports verified: Debit=1105.00, Credit=50.00, Ending=1055.00
2026-04-27 08:30:45 [INFO] Client.client_dashboard: Palawan details saved to payable_tbl_brand_a for Brand A
2026-04-27 08:30:45 [INFO] Client.client_dashboard: Palawan details saved to payable_tbl for Brand B
2026-04-27 08:30:46 [INFO] Client.client_dashboard: Cash Float saved: 0.00
2026-04-27 08:30:50 [INFO] login: Logout requested - returning to login screen
2026-04-27 08:30:50 [INFO] ping_monitor: PingMonitor stopped for CL-0381
2026-04-27 08:30:56 [INFO] ping_monitor: PingMonitor started for test_admin_A (admin)
2026-04-27 08:34:43 [INFO] RemoteDatabaseManager: API mode enabled — connecting via http://222.127.90.218
2026-04-27 08:34:43 [INFO] AutoUpdater: Silent updater: Checking for updates...
2026-04-27 08:34:43 [INFO] AutoUpdater: Silent update status: Checking for updates...
2026-04-27 08:34:44 [INFO] AutoUpdater: Silent updater: Already on latest version (1.0.0)
2026-04-27 08:34:44 [INFO] AutoUpdater: Silent update status: Already up to date
2026-04-27 08:34:46 [INFO] ping_monitor: PingMonitor started for test_admin_A (admin)
2026-04-27 08:38:51 [INFO] RemoteDatabaseManager: API mode enabled — connecting via http://222.127.90.218
2026-04-27 08:38:52 [INFO] AutoUpdater: Silent updater: Checking for updates...
2026-04-27 08:38:52 [INFO] AutoUpdater: Silent update status: Checking for updates...
2026-04-27 08:38:53 [INFO] AutoUpdater: Silent updater: Already on latest version (1.0.0)
2026-04-27 08:38:53 [INFO] AutoUpdater: Silent update status: Already up to date
2026-04-27 08:39:00 [INFO] ping_monitor: PingMonitor started for CL-0381 (user)
2026-04-27 08:39:47 [INFO] Client.client_dashboard: daily_reports_brand_a verified: Debit=941.21, Credit=4.00, Ending=937.21
2026-04-27 08:39:47 [INFO] Client.client_dashboard: daily_reports verified: Debit=1061.00, Credit=10.00, Ending=1051.00
2026-04-27 08:39:47 [INFO] Client.client_dashboard: Palawan details saved to payable_tbl_brand_a for Brand A
2026-04-27 08:39:47 [INFO] Client.client_dashboard: Palawan details saved to payable_tbl for Brand B
2026-04-27 08:39:48 [INFO] Client.client_dashboard: Cash Float saved: 0.00
2026-04-27 08:39:52 [INFO] login: Logout requested - returning to login screen
2026-04-27 08:39:52 [INFO] ping_monitor: PingMonitor stopped for CL-0381
2026-04-27 08:39:58 [INFO] ping_monitor: PingMonitor started for test_admin_A (admin)
2026-04-27 08:43:44 [INFO] RemoteDatabaseManager: API mode enabled — connecting via http://222.127.90.218
2026-04-27 08:43:45 [INFO] AutoUpdater: Silent updater: Checking for updates...
2026-04-27 08:43:45 [INFO] AutoUpdater: Silent update status: Checking for updates...
2026-04-27 08:43:46 [INFO] AutoUpdater: Silent updater: Already on latest version (1.0.0)
2026-04-27 08:43:46 [INFO] AutoUpdater: Silent update status: Already up to date
2026-04-27 08:43:49 [INFO] ping_monitor: PingMonitor started for test_admin_A (admin)
2026-04-27 08:48:06 [INFO] RemoteDatabaseManager: API mode enabled — connecting via http://222.127.90.218
2026-04-27 08:48:07 [INFO] AutoUpdater: Silent updater: Checking for updates...
2026-04-27 08:48:07 [INFO] AutoUpdater: Silent update status: Checking for updates...
2026-04-27 08:48:08 [INFO] AutoUpdater: Silent updater: Already on latest version (1.0.0)
2026-04-27 08:48:08 [INFO] AutoUpdater: Silent update status: Already up to date
2026-04-27 08:48:10 [INFO] ping_monitor: PingMonitor started for test_admin_A (admin)
2026-04-27 08:54:01 [INFO] RemoteDatabaseManager: API mode enabled — connecting via http://222.127.90.218
2026-04-27 08:54:02 [INFO] AutoUpdater: Silent updater: Checking for updates...
2026-04-27 08:54:02 [INFO] AutoUpdater: Silent update status: Checking for updates...
2026-04-27 08:54:02 [INFO] AutoUpdater: Silent updater: Already on latest version (1.0.0)
2026-04-27 08:54:02 [INFO] AutoUpdater: Silent update status: Already up to date
2026-04-27 08:54:05 [INFO] ping_monitor: PingMonitor started for test_admin_A (admin)
2026-04-27 09:09:09 [INFO] RemoteDatabaseManager: API mode enabled — connecting via http://222.127.90.218
2026-04-27 09:09:10 [INFO] AutoUpdater: Silent updater: Checking for updates...
2026-04-27 09:09:10 [INFO] AutoUpdater: Silent update status: Checking for updates...
2026-04-27 09:09:11 [INFO] AutoUpdater: Silent updater: Already on latest version (1.0.0)
2026-04-27 09:09:11 [INFO] AutoUpdater: Silent update status: Already up to date
2026-04-27 09:09:13 [INFO] ping_monitor: PingMonitor started for test_admin_A (admin)
2026-04-27 09:18:59 [INFO] RemoteDatabaseManager: API mode enabled — connecting via http://222.127.90.218
2026-04-27 09:19:00 [INFO] AutoUpdater: Silent updater: Checking for updates...
2026-04-27 09:19:00 [INFO] AutoUpdater: Silent update status: Checking for updates...
2026-04-27 09:19:01 [INFO] AutoUpdater: Silent updater: Already on latest version (1.0.0)
2026-04-27 09:19:01 [INFO] AutoUpdater: Silent update status: Already up to date
2026-04-27 09:19:06 [INFO] ping_monitor: PingMonitor started for CL-0381 (user)
2026-04-27 09:19:54 [INFO] Client.client_dashboard: daily_reports_brand_a verified: Debit=10159.77, Credit=300.00, Ending=9859.77
2026-04-27 09:19:54 [INFO] Client.client_dashboard: daily_reports verified: Debit=1029.12, Credit=0.00, Ending=1029.12
2026-04-27 09:19:54 [INFO] Client.client_dashboard: Palawan details saved to payable_tbl_brand_a for Brand A
2026-04-27 09:19:54 [INFO] Client.client_dashboard: Palawan details saved to payable_tbl for Brand B
2026-04-27 09:19:55 [INFO] Client.client_dashboard: Cash Float saved: 0.00
2026-04-27 09:19:59 [INFO] login: Logout requested - returning to login screen
2026-04-27 09:20:04 [INFO] ping_monitor: PingMonitor started for test_admin_A (admin)
2026-04-27 09:23:11 [INFO] login: Logout requested - returning to login screen
2026-04-27 09:23:11 [INFO] ping_monitor: PingMonitor stopped for test_admin_A
2026-04-27 09:24:26 [INFO] ping_monitor: PingMonitor started for test_admin_A (admin)
2026-04-27 09:24:42 [INFO] login: Logout requested - returning to login screen
2026-04-27 09:24:42 [INFO] ping_monitor: PingMonitor stopped for test_admin_A
2026-04-27 09:25:00 [INFO] ping_monitor: PingMonitor started for CL-0002 (user)
2026-04-27 09:35:20 [INFO] RemoteDatabaseManager: API mode enabled — connecting via http://222.127.90.218
2026-04-27 09:35:21 [INFO] AutoUpdater: Silent updater: Checking for updates...
2026-04-27 09:35:21 [INFO] AutoUpdater: Silent update status: Checking for updates...
2026-04-27 09:35:22 [INFO] AutoUpdater: Silent updater: Already on latest version (1.0.0)
2026-04-27 09:35:22 [INFO] AutoUpdater: Silent update status: Already up to date
2026-04-27 09:35:33 [INFO] ping_monitor: PingMonitor started for test_admin_A (admin)
2026-04-27 09:35:47 [INFO] RemoteDatabaseManager: API mode enabled — connecting via http://222.127.90.218
2026-04-27 09:35:48 [INFO] AutoUpdater: Silent updater: Checking for updates...
2026-04-27 09:35:48 [INFO] AutoUpdater: Silent update status: Checking for updates...
2026-04-27 09:35:48 [INFO] AutoUpdater: Silent updater: Already on latest version (1.0.0)
2026-04-27 09:35:48 [INFO] AutoUpdater: Silent update status: Already up to date
2026-04-27 09:36:00 [INFO] ping_monitor: PingMonitor started for test_admin_A (admin)
2026-04-27 09:37:15 [INFO] login: Logout requested - returning to login screen
2026-04-27 09:37:15 [INFO] ping_monitor: PingMonitor stopped for test_admin_A
2026-04-27 09:37:23 [INFO] ping_monitor: PingMonitor started for CL-0002 (user)
2026-04-27 09:39:04 [INFO] Client.client_dashboard: daily_reports_brand_a verified: Debit=37407.10, Credit=0.00, Ending=37407.10
2026-04-27 09:39:05 [ERROR] Client.client_dashboard: daily_reports Debit Total mismatch! Expected=0.00 Stored=175219.90 Diff=+175219.90
2026-04-27 09:39:05 [CRITICAL] Client.client_dashboard: Database validation failed for daily_reports! Removing record from database.
2026-04-27 09:39:05 [INFO] Client.client_dashboard: Reverted daily_reports record to unlocked state
2026-04-27 09:39:23 [INFO] Client.palawan_payable_tab: [PalawanPayableTab] saved for branch=20TH date=2026-03-19
2026-04-27 09:39:52 [INFO] login: Logout requested - returning to login screen
2026-04-27 09:39:52 [INFO] ping_monitor: PingMonitor stopped for CL-0002
2026-04-27 09:39:58 [INFO] ping_monitor: PingMonitor started for test_admin_A (admin)
2026-04-27 09:53:06 [INFO] login: Logout requested - returning to login screen
2026-04-27 09:53:06 [INFO] ping_monitor: PingMonitor stopped for test_admin_A
2026-04-27 09:53:17 [INFO] ping_monitor: PingMonitor started for test_admin_A (admin)
2026-04-27 09:53:31 [INFO] login: Logout requested - returning to login screen
2026-04-27 09:53:31 [INFO] ping_monitor: PingMonitor stopped for test_admin_A
2026-04-27 09:53:39 [INFO] ping_monitor: PingMonitor started for CL-0013 (user)
2026-04-27 09:54:03 [INFO] login: Logout requested - returning to login screen
2026-04-27 09:54:03 [INFO] ping_monitor: PingMonitor stopped for CL-0013
2026-04-27 09:54:09 [INFO] ping_monitor: PingMonitor started for test_admin_A (admin)
2026-04-27 09:54:23 [INFO] login: Logout requested - returning to login screen
2026-04-27 09:54:24 [INFO] ping_monitor: PingMonitor stopped for test_admin_A
2026-04-27 09:54:30 [INFO] ping_monitor: PingMonitor started for CL-0013 (user)
2026-04-27 09:58:24 [INFO] RemoteDatabaseManager: API mode enabled — connecting via http://222.127.90.218
2026-04-27 09:58:25 [INFO] AutoUpdater: Silent updater: Checking for updates...
2026-04-27 09:58:25 [INFO] AutoUpdater: Silent update status: Checking for updates...
2026-04-27 09:58:26 [INFO] AutoUpdater: Silent updater: Already on latest version (1.0.0)
2026-04-27 09:58:26 [INFO] AutoUpdater: Silent update status: Already up to date
2026-04-27 09:58:33 [INFO] ping_monitor: PingMonitor started for test_admin_A (admin)
2026-04-27 09:58:51 [INFO] login: Logout requested - returning to login screen
2026-04-27 09:58:51 [INFO] ping_monitor: PingMonitor stopped for test_admin_A
2026-04-27 09:58:57 [INFO] ping_monitor: PingMonitor started for CL-0013 (user)
2026-04-27 10:00:58 [INFO] Client.palawan_payable_tab: [PalawanPayableTab] saved for branch=AMORANTO date=2026-03-19
2026-04-27 10:00:58 [INFO] Client.client_dashboard: daily_reports_brand_a verified: Debit=408550.11, Credit=295741.00, Ending=112809.11
2026-04-27 10:00:59 [ERROR] Client.client_dashboard: daily_reports Debit Total mismatch! Expected=0.00 Stored=236362.78 Diff=+236362.78
2026-04-27 10:00:59 [CRITICAL] Client.client_dashboard: Database validation failed for daily_reports! Removing record from database.
2026-04-27 10:00:59 [INFO] Client.client_dashboard: Reverted daily_reports record to unlocked state
2026-04-27 10:01:03 [INFO] login: Logout requested - returning to login screen
2026-04-27 10:01:03 [INFO] ping_monitor: PingMonitor stopped for CL-0013
2026-04-27 10:01:10 [INFO] ping_monitor: PingMonitor started for test_admin_A (admin)
2026-04-27 10:11:57 [INFO] RemoteDatabaseManager: API mode enabled — connecting via http://222.127.90.218
2026-04-27 10:11:58 [INFO] AutoUpdater: Silent updater: Checking for updates...
2026-04-27 10:11:58 [INFO] AutoUpdater: Silent update status: Checking for updates...
2026-04-27 10:11:59 [INFO] AutoUpdater: Silent updater: Already on latest version (1.0.0)
2026-04-27 10:11:59 [INFO] AutoUpdater: Silent update status: Already up to date
2026-04-27 10:12:02 [INFO] ping_monitor: PingMonitor started for test_admin_A (admin)
2026-04-27 10:17:29 [INFO] RemoteDatabaseManager: API mode enabled — connecting via http://222.127.90.218
2026-04-27 10:17:30 [INFO] AutoUpdater: Silent updater: Checking for updates...
2026-04-27 10:17:30 [INFO] AutoUpdater: Silent update status: Checking for updates...
2026-04-27 10:17:30 [INFO] AutoUpdater: Silent updater: Already on latest version (1.0.0)
2026-04-27 10:17:30 [INFO] AutoUpdater: Silent update status: Already up to date
2026-04-27 10:17:44 [INFO] ping_monitor: PingMonitor started for test_admin_A (admin)
2026-04-27 10:28:16 [INFO] RemoteDatabaseManager: API mode enabled — connecting via http://222.127.90.218
2026-04-27 10:28:17 [INFO] AutoUpdater: Silent updater: Checking for updates...
2026-04-27 10:28:17 [INFO] AutoUpdater: Silent update status: Checking for updates...
2026-04-27 10:28:18 [INFO] AutoUpdater: Silent updater: Already on latest version (1.0.0)
2026-04-27 10:28:18 [INFO] AutoUpdater: Silent update status: Already up to date
2026-04-27 10:28:20 [INFO] ping_monitor: PingMonitor started for test_admin_A (admin)
2026-04-27 10:33:20 [INFO] RemoteDatabaseManager: API mode enabled — connecting via http://222.127.90.218
2026-04-27 10:33:22 [INFO] AutoUpdater: Silent updater: Checking for updates...
2026-04-27 10:33:22 [INFO] AutoUpdater: Silent update status: Checking for updates...
2026-04-27 10:33:22 [INFO] AutoUpdater: Silent updater: Already on latest version (1.0.0)
2026-04-27 10:33:22 [INFO] AutoUpdater: Silent update status: Already up to date
2026-04-27 10:33:24 [INFO] ping_monitor: PingMonitor started for test_admin_A (admin)
2026-04-27 10:37:28 [INFO] RemoteDatabaseManager: API mode enabled — connecting via http://222.127.90.218
2026-04-27 10:37:29 [INFO] AutoUpdater: Silent updater: Checking for updates...
2026-04-27 10:37:29 [INFO] AutoUpdater: Silent update status: Checking for updates...
2026-04-27 10:37:29 [INFO] AutoUpdater: Silent updater: Already on latest version (1.0.0)
2026-04-27 10:37:29 [INFO] AutoUpdater: Silent update status: Already up to date
2026-04-27 10:37:31 [INFO] ping_monitor: PingMonitor started for test_admin_A (admin)
2026-04-27 10:39:13 [INFO] login: Logout requested - returning to login screen
2026-04-27 10:39:13 [INFO] ping_monitor: PingMonitor stopped for test_admin_A
2026-04-27 10:39:21 [INFO] ping_monitor: PingMonitor started for test_admin_A (admin)
2026-04-27 10:39:35 [INFO] login: Logout requested - returning to login screen
2026-04-27 10:39:35 [INFO] ping_monitor: PingMonitor stopped for test_admin_A
2026-04-27 10:39:45 [INFO] ping_monitor: PingMonitor started for CL-0014 (user)
2026-04-27 10:55:42 [INFO] RemoteDatabaseManager: API mode enabled — connecting via http://222.127.90.218
2026-04-27 10:55:43 [INFO] AutoUpdater: Silent updater: Checking for updates...
2026-04-27 10:55:43 [INFO] AutoUpdater: Silent update status: Checking for updates...
2026-04-27 10:55:43 [INFO] AutoUpdater: Silent updater: Already on latest version (1.0.0)
2026-04-27 10:55:43 [INFO] AutoUpdater: Silent update status: Already up to date
2026-04-27 10:55:44 [INFO] ping_monitor: PingMonitor started for CL-0014 (user)
2026-04-27 10:56:10 [INFO] RemoteDatabaseManager: API mode enabled — connecting via http://222.127.90.218
2026-04-27 10:56:11 [INFO] AutoUpdater: Silent updater: Checking for updates...
2026-04-27 10:56:11 [INFO] AutoUpdater: Silent update status: Checking for updates...
2026-04-27 10:56:11 [INFO] AutoUpdater: Silent updater: Already on latest version (1.0.0)
2026-04-27 10:56:11 [INFO] AutoUpdater: Silent update status: Already up to date
2026-04-27 10:56:18 [INFO] ping_monitor: PingMonitor started for test_admin_A (admin)
2026-04-27 10:56:31 [INFO] login: Logout requested - returning to login screen
2026-04-27 10:56:31 [INFO] ping_monitor: PingMonitor stopped for test_admin_A
2026-04-27 10:56:38 [INFO] ping_monitor: PingMonitor started for CL-0014 (user)
2026-04-27 10:57:34 [INFO] Client.palawan_payable_tab: [PalawanPayableTab] saved for branch=ANONAS date=2026-03-19
2026-04-27 10:57:36 [INFO] login: Logout requested - returning to login screen
2026-04-27 10:57:36 [INFO] ping_monitor: PingMonitor stopped for CL-0014
2026-04-27 10:57:42 [INFO] ping_monitor: PingMonitor started for test_admin_A (admin)
2026-04-27 10:58:09 [INFO] login: Logout requested - returning to login screen
2026-04-27 10:58:09 [INFO] ping_monitor: PingMonitor stopped for test_admin_A
2026-04-27 10:58:19 [INFO] ping_monitor: PingMonitor started for CL-0015 (user)
2026-04-27 11:06:41 [INFO] RemoteDatabaseManager: API mode enabled — connecting via http://222.127.90.218
2026-04-27 11:06:42 [INFO] AutoUpdater: Silent updater: Checking for updates...
2026-04-27 11:06:42 [INFO] AutoUpdater: Silent update status: Checking for updates...
2026-04-27 11:06:43 [INFO] AutoUpdater: Silent updater: Already on latest version (1.0.0)
2026-04-27 11:06:43 [INFO] AutoUpdater: Silent update status: Already up to date
2026-04-27 11:06:44 [INFO] ping_monitor: PingMonitor started for CL-0015 (user)
2026-04-27 11:20:26 [INFO] RemoteDatabaseManager: API mode enabled — connecting via http://222.127.90.218
2026-04-27 11:20:27 [INFO] AutoUpdater: Silent updater: Checking for updates...
2026-04-27 11:20:27 [INFO] AutoUpdater: Silent update status: Checking for updates...
2026-04-27 11:20:28 [INFO] AutoUpdater: Silent updater: Already on latest version (1.0.0)
2026-04-27 11:20:28 [INFO] AutoUpdater: Silent update status: Already up to date
2026-04-27 11:20:29 [INFO] ping_monitor: PingMonitor started for CL-0015 (user)
2026-04-27 11:21:14 [INFO] login: Logout requested - returning to login screen
2026-04-27 11:21:14 [INFO] ping_monitor: PingMonitor stopped for CL-0015
2026-04-27 11:21:21 [INFO] ping_monitor: PingMonitor started for test_admin_A (admin)
2026-04-27 13:14:00 [INFO] login: Logout requested - returning to login screen
2026-04-27 13:14:00 [INFO] ping_monitor: PingMonitor stopped for test_admin_A
2026-04-27 13:14:13 [INFO] RemoteDatabaseManager: API mode enabled — connecting via http://222.127.90.218
2026-04-27 13:14:15 [INFO] AutoUpdater: Silent updater: Checking for updates...
2026-04-27 13:14:15 [INFO] AutoUpdater: Silent update status: Checking for updates...
2026-04-27 13:14:15 [INFO] AutoUpdater: Silent updater: Already on latest version (1.0.0)
2026-04-27 13:14:15 [INFO] AutoUpdater: Silent update status: Already up to date
2026-04-27 13:14:23 [INFO] ping_monitor: PingMonitor started for CL-0015 (user)
2026-04-27 13:14:29 [WARNING] Client.client_dashboard: _load_brand_report_data: No row found for brand=Brand B branch=BAGBAG date=2026-03-19 corp=GOLDBARS PAWNSHOP INC.
2026-04-27 13:29:47 [INFO] RemoteDatabaseManager: API mode enabled — connecting via http://222.127.90.218
2026-04-27 13:29:48 [INFO] AutoUpdater: Silent updater: Checking for updates...
2026-04-27 13:29:48 [INFO] AutoUpdater: Silent update status: Checking for updates...
2026-04-27 13:29:49 [INFO] AutoUpdater: Silent updater: Already on latest version (1.0.0)
2026-04-27 13:29:49 [INFO] AutoUpdater: Silent update status: Already up to date
2026-04-27 13:29:51 [INFO] ping_monitor: PingMonitor started for CL-0015 (user)
2026-04-27 13:30:07 [INFO] login: Logout requested - returning to login screen
2026-04-27 13:30:13 [INFO] ping_monitor: PingMonitor started for test_admin_A (admin)
2026-04-27 13:30:37 [INFO] login: Logout requested - returning to login screen
2026-04-27 13:30:46 [INFO] ping_monitor: PingMonitor started for CL-0015 (user)
2026-04-27 13:33:10 [INFO] Client.palawan_payable_tab: [PalawanPayableTab] saved for branch=BAGBAG date=2026-03-19
2026-04-27 13:33:19 [INFO] Client.client_dashboard: daily_reports_brand_a verified: Debit=226280.00, Credit=160642.35, Ending=65637.65
2026-04-27 13:33:19 [INFO] Client.client_dashboard: daily_reports verified: Debit=283910.00, Credit=30466.35, Ending=253443.65
2026-04-27 13:33:19 [INFO] Client.client_dashboard: Palawan details saved to payable_tbl_brand_a for Brand A
2026-04-27 13:33:19 [INFO] Client.client_dashboard: Palawan details saved to payable_tbl for Brand B
2026-04-27 13:33:19 [INFO] Client.client_dashboard: Cash Float saved: 0.00
2026-04-27 13:33:24 [INFO] login: Logout requested - returning to login screen
2026-04-27 13:33:24 [INFO] ping_monitor: PingMonitor stopped for CL-0015
2026-04-27 13:33:32 [INFO] ping_monitor: PingMonitor started for test_admin_A (admin)
2026-04-27 13:42:45 [INFO] login: Logout requested - returning to login screen
2026-04-27 13:42:46 [INFO] ping_monitor: PingMonitor stopped for test_admin_A
2026-04-27 13:42:59 [INFO] ping_monitor: PingMonitor started for CL-0016 (user)
2026-04-27 13:44:05 [INFO] Client.palawan_payable_tab: [PalawanPayableTab] saved for branch=BANAWE date=2026-03-19
2026-04-27 13:44:12 [INFO] Client.client_dashboard: daily_reports_brand_a verified: Debit=421315.25, Credit=295168.00, Ending=126147.25
2026-04-27 13:44:12 [INFO] Client.client_dashboard: daily_reports verified: Debit=300287.25, Credit=19618.00, Ending=280669.25
2026-04-27 13:44:12 [INFO] Client.client_dashboard: Palawan details saved to payable_tbl_brand_a for Brand A
2026-04-27 13:44:12 [INFO] Client.client_dashboard: Palawan details saved to payable_tbl for Brand B
2026-04-27 13:44:12 [INFO] Client.client_dashboard: Cash Float saved: 0.00
2026-04-27 13:44:16 [INFO] login: Logout requested - returning to login screen
2026-04-27 13:44:16 [INFO] ping_monitor: PingMonitor stopped for CL-0016
2026-04-27 13:44:27 [INFO] ping_monitor: PingMonitor started for CL-0020 (user)
2026-04-27 13:45:23 [INFO] Client.palawan_payable_tab: [PalawanPayableTab] saved for branch=BUNGAD date=2026-03-19
2026-04-27 13:45:25 [INFO] Client.client_dashboard: daily_reports_brand_a verified: Debit=729131.97, Credit=606783.00, Ending=122348.97
2026-04-27 13:45:25 [INFO] Client.client_dashboard: daily_reports verified: Debit=567814.17, Credit=456783.00, Ending=111031.17
2026-04-27 13:45:25 [INFO] Client.client_dashboard: Palawan details saved to payable_tbl_brand_a for Brand A
2026-04-27 13:45:25 [INFO] Client.client_dashboard: Palawan details saved to payable_tbl for Brand B
2026-04-27 13:45:25 [INFO] Client.client_dashboard: Cash Float saved: 0.00
2026-04-27 13:45:29 [INFO] login: Logout requested - returning to login screen
2026-04-27 13:45:29 [INFO] ping_monitor: PingMonitor stopped for CL-0020
2026-04-27 13:45:35 [INFO] ping_monitor: PingMonitor started for test_admin_A (admin)
2026-04-27 13:46:37 [INFO] login: Logout requested - returning to login screen
2026-04-27 13:46:38 [INFO] ping_monitor: PingMonitor stopped for test_admin_A
2026-04-27 13:46:48 [INFO] ping_monitor: PingMonitor started for CL-0021 (user)
2026-04-27 13:48:00 [INFO] Client.client_dashboard: daily_reports_brand_a verified: Debit=290964.25, Credit=172264.75, Ending=118699.50
2026-04-27 13:48:01 [INFO] Client.client_dashboard: daily_reports verified: Debit=307213.60, Credit=12114.75, Ending=295098.85
2026-04-27 13:48:01 [INFO] Client.client_dashboard: Palawan details saved to payable_tbl_brand_a for Brand A
2026-04-27 13:48:01 [INFO] Client.client_dashboard: Palawan details saved to payable_tbl for Brand B
2026-04-27 13:48:01 [INFO] Client.client_dashboard: Cash Float saved: 0.00
2026-04-27 13:48:06 [INFO] Client.palawan_payable_tab: [PalawanPayableTab] saved for branch=CANONADE date=2026-03-19
2026-04-27 13:48:07 [INFO] login: Logout requested - returning to login screen
2026-04-27 13:48:07 [INFO] ping_monitor: PingMonitor stopped for CL-0021
2026-04-27 13:48:20 [INFO] ping_monitor: PingMonitor started for CL-0023 (user)
2026-04-27 13:49:13 [INFO] Client.palawan_payable_tab: [PalawanPayableTab] saved for branch=CITYHALL date=2026-03-19
2026-04-27 13:49:15 [INFO] Client.client_dashboard: daily_reports_brand_a verified: Debit=343043.00, Credit=79900.00, Ending=263143.00
2026-04-27 13:49:15 [INFO] Client.client_dashboard: daily_reports verified: Debit=353012.08, Credit=283900.00, Ending=69112.08
2026-04-27 13:49:15 [INFO] Client.client_dashboard: Palawan details saved to payable_tbl_brand_a for Brand A
2026-04-27 13:49:15 [INFO] Client.client_dashboard: Palawan details saved to payable_tbl for Brand B
2026-04-27 13:49:16 [INFO] Client.client_dashboard: Cash Float saved: 0.00
2026-04-27 13:49:20 [INFO] login: Logout requested - returning to login screen
2026-04-27 13:49:30 [INFO] ping_monitor: PingMonitor started for CL-0024 (user)
2026-04-27 13:50:05 [INFO] Client.palawan_payable_tab: [PalawanPayableTab] saved for branch=COLT date=2026-03-19
2026-04-27 13:50:06 [INFO] Client.client_dashboard: daily_reports_brand_a verified: Debit=206604.24, Credit=164.00, Ending=206440.24
2026-04-27 13:50:06 [INFO] Client.client_dashboard: daily_reports verified: Debit=216730.89, Credit=164.00, Ending=216566.89
2026-04-27 13:50:06 [INFO] Client.client_dashboard: Palawan details saved to payable_tbl_brand_a for Brand A
2026-04-27 13:50:06 [INFO] Client.client_dashboard: Palawan details saved to payable_tbl for Brand B
2026-04-27 13:50:06 [INFO] Client.client_dashboard: Cash Float saved: 0.00
2026-04-27 13:50:10 [INFO] login: Logout requested - returning to login screen
2026-04-27 13:50:10 [INFO] ping_monitor: PingMonitor stopped for CL-0024
2026-04-27 13:50:17 [INFO] ping_monitor: PingMonitor started for CL-0026 (user)
2026-04-27 13:51:11 [INFO] Client.palawan_payable_tab: [PalawanPayableTab] saved for branch=DAHLIA date=2026-03-19
2026-04-27 13:51:12 [INFO] Client.client_dashboard: daily_reports_brand_a verified: Debit=431655.50, Credit=213970.00, Ending=217685.50
2026-04-27 13:51:12 [INFO] Client.client_dashboard: daily_reports verified: Debit=294174.50, Credit=141123.00, Ending=153051.50
2026-04-27 13:51:12 [INFO] Client.client_dashboard: Palawan details saved to payable_tbl_brand_a for Brand A
2026-04-27 13:51:12 [INFO] Client.client_dashboard: Palawan details saved to payable_tbl for Brand B
2026-04-27 13:51:12 [INFO] Client.client_dashboard: Cash Float saved: 0.00
2026-04-27 13:51:17 [INFO] login: Logout requested - returning to login screen
2026-04-27 13:51:17 [INFO] ping_monitor: PingMonitor stopped for CL-0026
2026-04-27 13:51:28 [INFO] ping_monitor: PingMonitor started for CL-0027 (user)
2026-04-27 13:52:29 [INFO] Client.palawan_payable_tab: [PalawanPayableTab] saved for branch=DOMAIN date=2026-03-19
2026-04-27 13:52:31 [INFO] Client.client_dashboard: daily_reports_brand_a verified: Debit=1028604.36, Credit=786690.81, Ending=241913.55
2026-04-27 13:52:31 [INFO] Client.client_dashboard: daily_reports verified: Debit=543756.21, Credit=480408.21, Ending=63348.00
2026-04-27 13:52:31 [INFO] Client.client_dashboard: Palawan details saved to payable_tbl_brand_a for Brand A
2026-04-27 13:52:31 [INFO] Client.client_dashboard: Palawan details saved to payable_tbl for Brand B
2026-04-27 13:52:31 [INFO] Client.client_dashboard: Cash Float saved: 0.00
2026-04-27 13:52:35 [INFO] login: Logout requested - returning to login screen
2026-04-27 13:52:35 [INFO] ping_monitor: PingMonitor stopped for CL-0027
2026-04-27 13:52:44 [INFO] ping_monitor: PingMonitor started for CL-0034 (user)
2026-04-27 13:53:15 [INFO] Client.palawan_payable_tab: [PalawanPayableTab] saved for branch=EXCOM date=2026-03-19
2026-04-27 13:53:16 [INFO] Client.client_dashboard: daily_reports_brand_a verified: Debit=144838.00, Credit=10537.25, Ending=134300.75
2026-04-27 13:53:16 [INFO] Client.client_dashboard: daily_reports verified: Debit=84857.00, Credit=10537.25, Ending=74319.75
2026-04-27 13:53:16 [INFO] Client.client_dashboard: Palawan details saved to payable_tbl_brand_a for Brand A
2026-04-27 13:53:16 [INFO] Client.client_dashboard: Palawan details saved to payable_tbl for Brand B
2026-04-27 13:53:16 [INFO] Client.client_dashboard: Cash Float saved: 0.00
2026-04-27 13:53:19 [INFO] login: Logout requested - returning to login screen
2026-04-27 13:53:19 [INFO] ping_monitor: PingMonitor stopped for CL-0034
2026-04-27 13:53:38 [INFO] ping_monitor: PingMonitor started for CL-0036 (user)
2026-04-27 13:54:18 [INFO] Client.palawan_payable_tab: [PalawanPayableTab] saved for branch=FRISCO date=2026-03-19
2026-04-27 13:54:18 [INFO] Client.client_dashboard: daily_reports_brand_a verified: Debit=74588.25, Credit=4735.00, Ending=69853.25
2026-04-27 13:54:19 [INFO] Client.client_dashboard: daily_reports verified: Debit=99176.55, Credit=4735.00, Ending=94441.55
2026-04-27 13:54:19 [INFO] Client.client_dashboard: Palawan details saved to payable_tbl_brand_a for Brand A
2026-04-27 13:54:19 [INFO] Client.client_dashboard: Palawan details saved to payable_tbl for Brand B
2026-04-27 13:54:19 [INFO] Client.client_dashboard: Cash Float saved: 0.00
2026-04-27 13:54:22 [INFO] login: Logout requested - returning to login screen
2026-04-27 13:54:22 [INFO] ping_monitor: PingMonitor stopped for CL-0036
2026-04-27 13:54:34 [INFO] ping_monitor: PingMonitor started for CL-0038 (user)
2026-04-27 13:55:43 [INFO] Client.palawan_payable_tab: [PalawanPayableTab] saved for branch=GEN LUIS date=2026-03-19
2026-04-27 13:55:44 [INFO] Client.client_dashboard: daily_reports_brand_a verified: Debit=276275.17, Credit=77225.00, Ending=199050.17
2026-04-27 13:55:44 [INFO] Client.client_dashboard: daily_reports verified: Debit=258693.05, Credit=32421.00, Ending=226272.05
2026-04-27 13:55:44 [INFO] Client.client_dashboard: Palawan details saved to payable_tbl_brand_a for Brand A
2026-04-27 13:55:44 [INFO] Client.client_dashboard: Palawan details saved to payable_tbl for Brand B
2026-04-27 13:55:44 [INFO] Client.client_dashboard: Cash Float saved: 0.00
2026-04-27 13:55:47 [INFO] login: Logout requested - returning to login screen
2026-04-27 13:55:48 [INFO] ping_monitor: PingMonitor stopped for CL-0038
2026-04-27 13:55:58 [INFO] ping_monitor: PingMonitor started for CL-0040 (user)
2026-04-27 13:56:40 [INFO] Client.palawan_payable_tab: [PalawanPayableTab] saved for branch=GERONIMO date=2026-03-19
2026-04-27 13:56:42 [INFO] Client.client_dashboard: daily_reports_brand_a verified: Debit=229707.00, Credit=33719.00, Ending=195988.00
2026-04-27 13:56:43 [INFO] Client.client_dashboard: daily_reports verified: Debit=443186.00, Credit=33719.00, Ending=409467.00
2026-04-27 13:56:43 [INFO] Client.client_dashboard: Palawan details saved to payable_tbl_brand_a for Brand A
2026-04-27 13:56:43 [INFO] Client.client_dashboard: Palawan details saved to payable_tbl for Brand B
2026-04-27 13:56:43 [INFO] Client.client_dashboard: Cash Float saved: 0.00
2026-04-27 13:56:46 [INFO] login: Logout requested - returning to login screen
2026-04-27 13:56:46 [INFO] ping_monitor: PingMonitor stopped for CL-0040
2026-04-27 13:56:55 [INFO] ping_monitor: PingMonitor started for CL-0042 (user)
2026-04-27 13:57:19 [INFO] Client.palawan_payable_tab: [PalawanPayableTab] saved for branch=KRUS NA LIGAS date=2026-03-19
2026-04-27 13:59:31 [ERROR] RemoteDatabaseManager: execute_query error: ('Connection aborted.', ConnectionResetError(10054, 'An existing connection was forcibly closed by the remote host', None, 10054, None))
2026-04-27 13:59:32 [INFO] Client.client_dashboard: daily_reports_brand_a verified: Debit=98898.95, Credit=32982.00, Ending=65916.95
2026-04-27 13:59:32 [INFO] Client.client_dashboard: daily_reports verified: Debit=152.00, Credit=0.00, Ending=152.00
2026-04-27 13:59:32 [INFO] Client.client_dashboard: Palawan details saved to payable_tbl_brand_a for Brand A
2026-04-27 13:59:32 [INFO] Client.client_dashboard: Palawan details saved to payable_tbl for Brand B
2026-04-27 13:59:32 [INFO] Client.client_dashboard: Cash Float saved: 0.00
2026-04-27 13:59:37 [INFO] login: Logout requested - returning to login screen
2026-04-27 13:59:37 [INFO] ping_monitor: PingMonitor stopped for CL-0042
2026-04-27 13:59:51 [INFO] ping_monitor: PingMonitor started for CL-0044 (user)
2026-04-27 14:00:51 [INFO] Client.palawan_payable_tab: [PalawanPayableTab] saved for branch=LUZON date=2026-03-19
2026-04-27 14:00:57 [INFO] Client.client_dashboard: daily_reports_brand_a verified: Debit=234251.88, Credit=27308.88, Ending=206943.00
2026-04-27 14:00:58 [INFO] Client.client_dashboard: daily_reports verified: Debit=149744.00, Credit=19530.65, Ending=130213.35
2026-04-27 14:00:58 [INFO] Client.client_dashboard: Palawan details saved to payable_tbl_brand_a for Brand A
2026-04-27 14:00:58 [INFO] Client.client_dashboard: Palawan details saved to payable_tbl for Brand B
2026-04-27 14:00:58 [INFO] Client.client_dashboard: Cash Float saved: 0.00
2026-04-27 14:01:03 [INFO] login: Logout requested - returning to login screen
2026-04-27 14:01:03 [INFO] ping_monitor: PingMonitor stopped for CL-0044
2026-04-27 14:01:16 [INFO] ping_monitor: PingMonitor started for CL-0046 (user)
2026-04-27 14:03:12 [INFO] Client.palawan_payable_tab: [PalawanPayableTab] saved for branch=MATALINO date=2026-03-19
2026-04-27 14:03:15 [INFO] Client.client_dashboard: daily_reports_brand_a verified: Debit=160705.26, Credit=65243.26, Ending=95462.00
2026-04-27 14:03:15 [INFO] Client.client_dashboard: daily_reports verified: Debit=255747.60, Credit=65091.26, Ending=190656.34
2026-04-27 14:03:15 [INFO] Client.client_dashboard: Palawan details saved to payable_tbl_brand_a for Brand A
2026-04-27 14:03:16 [INFO] Client.client_dashboard: Palawan details saved to payable_tbl for Brand B
2026-04-27 14:03:16 [INFO] Client.client_dashboard: Cash Float saved: 0.00
2026-04-27 14:03:19 [INFO] login: Logout requested - returning to login screen
2026-04-27 14:03:19 [INFO] ping_monitor: PingMonitor stopped for CL-0046
2026-04-27 14:03:33 [INFO] ping_monitor: PingMonitor started for CL-0048 (user)
2026-04-27 14:04:58 [INFO] Client.palawan_payable_tab: [PalawanPayableTab] saved for branch=MAYON date=2026-03-19
2026-04-27 14:05:17 [INFO] Client.client_dashboard: daily_reports_brand_a verified: Debit=187609.50, Credit=64674.64, Ending=122934.86
2026-04-27 14:05:17 [INFO] Client.client_dashboard: daily_reports verified: Debit=334840.25, Credit=42074.64, Ending=292765.61
2026-04-27 14:05:17 [INFO] Client.client_dashboard: Palawan details saved to payable_tbl_brand_a for Brand A
2026-04-27 14:05:17 [INFO] Client.client_dashboard: Palawan details saved to payable_tbl for Brand B
2026-04-27 14:05:17 [INFO] Client.client_dashboard: Cash Float saved: 0.00
2026-04-27 14:05:21 [INFO] login: Logout requested - returning to login screen
2026-04-27 14:05:21 [INFO] ping_monitor: PingMonitor stopped for CL-0048
2026-04-27 14:05:32 [INFO] ping_monitor: PingMonitor started for CL-0051 (user)
2026-04-27 14:06:43 [INFO] Client.palawan_payable_tab: [PalawanPayableTab] saved for branch=MINDANAO AVE date=2026-03-19
2026-04-27 14:06:45 [INFO] Client.client_dashboard: daily_reports_brand_a verified: Debit=514234.00, Credit=294465.50, Ending=219768.50
2026-04-27 14:06:45 [INFO] Client.client_dashboard: daily_reports verified: Debit=491710.00, Credit=294465.50, Ending=197244.50
2026-04-27 14:06:45 [INFO] Client.client_dashboard: Palawan details saved to payable_tbl_brand_a for Brand A
2026-04-27 14:06:45 [INFO] Client.client_dashboard: Palawan details saved to payable_tbl for Brand B
2026-04-27 14:06:45 [INFO] Client.client_dashboard: Cash Float saved: 0.00
2026-04-27 14:06:51 [INFO] login: Logout requested - returning to login screen
2026-04-27 14:06:51 [INFO] ping_monitor: PingMonitor stopped for CL-0051
2026-04-27 14:07:06 [INFO] ping_monitor: PingMonitor started for CL-0053 (user)
2026-04-27 14:09:27 [INFO] Client.palawan_payable_tab: [PalawanPayableTab] saved for branch=MUÑOZ date=2026-03-19
2026-04-27 14:09:29 [INFO] Client.client_dashboard: daily_reports_brand_a verified: Debit=461840.94, Credit=394717.94, Ending=67123.00
2026-04-27 14:09:29 [INFO] Client.client_dashboard: daily_reports verified: Debit=393966.00, Credit=236349.94, Ending=157616.06
2026-04-27 14:09:29 [INFO] Client.client_dashboard: Palawan details saved to payable_tbl_brand_a for Brand A
2026-04-27 14:09:29 [INFO] Client.client_dashboard: Palawan details saved to payable_tbl for Brand B
2026-04-27 14:09:29 [INFO] Client.client_dashboard: Cash Float saved: 0.00
2026-04-27 14:09:33 [INFO] login: Logout requested - returning to login screen
2026-04-27 14:09:33 [INFO] ping_monitor: PingMonitor stopped for CL-0053
2026-04-27 14:09:45 [INFO] ping_monitor: PingMonitor started for CL-0056 (user)
2026-04-27 14:12:20 [INFO] Client.palawan_payable_tab: [PalawanPayableTab] saved for branch=NARRAQUE date=2026-03-19
2026-04-27 14:12:22 [INFO] Client.client_dashboard: daily_reports_brand_a verified: Debit=191858.00, Credit=15392.25, Ending=176465.75
2026-04-27 14:12:22 [INFO] Client.client_dashboard: daily_reports verified: Debit=92882.00, Credit=5594.00, Ending=87288.00
2026-04-27 14:12:22 [INFO] Client.client_dashboard: Palawan details saved to payable_tbl_brand_a for Brand A
2026-04-27 14:12:22 [INFO] Client.client_dashboard: Palawan details saved to payable_tbl for Brand B
2026-04-27 14:12:22 [INFO] Client.client_dashboard: Cash Float saved: 0.00
2026-04-27 14:12:26 [INFO] login: Logout requested - returning to login screen
2026-04-27 14:12:26 [INFO] ping_monitor: PingMonitor stopped for CL-0056
2026-04-27 14:12:37 [INFO] ping_monitor: PingMonitor started for CL-0058 (user)
2026-04-27 14:13:27 [INFO] Client.palawan_payable_tab: [PalawanPayableTab] saved for branch=NOVASORA date=2026-03-19
2026-04-27 14:13:28 [INFO] Client.client_dashboard: daily_reports_brand_a verified: Debit=555991.50, Credit=242873.00, Ending=313118.50
2026-04-27 14:13:28 [INFO] Client.client_dashboard: daily_reports verified: Debit=671330.00, Credit=162932.00, Ending=508398.00
2026-04-27 14:13:28 [INFO] Client.client_dashboard: Palawan details saved to payable_tbl_brand_a for Brand A
2026-04-27 14:13:28 [INFO] Client.client_dashboard: Palawan details saved to payable_tbl for Brand B
2026-04-27 14:13:28 [INFO] Client.client_dashboard: Cash Float saved: 0.00
2026-04-27 14:13:31 [INFO] login: Logout requested - returning to login screen
2026-04-27 14:13:31 [INFO] ping_monitor: PingMonitor stopped for CL-0058
2026-04-27 14:13:43 [INFO] ping_monitor: PingMonitor started for CL-0060 (user)
2026-04-27 14:14:32 [INFO] Client.palawan_payable_tab: [PalawanPayableTab] saved for branch=PEARL DRIVE date=2026-03-19
2026-04-27 14:14:32 [INFO] Client.client_dashboard: daily_reports_brand_a verified: Debit=137371.00, Credit=350.00, Ending=137021.00
2026-04-27 14:14:32 [INFO] Client.client_dashboard: daily_reports verified: Debit=92418.50, Credit=0.00, Ending=92418.50
2026-04-27 14:14:33 [INFO] Client.client_dashboard: Palawan details saved to payable_tbl_brand_a for Brand A
2026-04-27 14:14:33 [INFO] Client.client_dashboard: Palawan details saved to payable_tbl for Brand B
2026-04-27 14:14:33 [INFO] Client.client_dashboard: Cash Float saved: 0.00
2026-04-27 14:14:36 [INFO] login: Logout requested - returning to login screen
2026-04-27 14:14:36 [INFO] ping_monitor: PingMonitor stopped for CL-0060
2026-04-27 14:14:46 [INFO] ping_monitor: PingMonitor started for CL-0062 (user)
2026-04-27 14:15:19 [INFO] Client.palawan_payable_tab: [PalawanPayableTab] saved for branch=PESETA date=2026-03-19
2026-04-27 14:15:20 [INFO] Client.client_dashboard: daily_reports_brand_a verified: Debit=113354.50, Credit=30615.00, Ending=82739.50
2026-04-27 14:15:20 [INFO] Client.client_dashboard: daily_reports verified: Debit=265643.25, Credit=29115.00, Ending=236528.25
2026-04-27 14:15:20 [INFO] Client.client_dashboard: Palawan details saved to payable_tbl_brand_a for Brand A
2026-04-27 14:15:20 [INFO] Client.client_dashboard: Palawan details saved to payable_tbl for Brand B
2026-04-27 14:15:20 [INFO] Client.client_dashboard: Cash Float saved: 0.00
2026-04-27 14:15:23 [INFO] login: Logout requested - returning to login screen
2026-04-27 14:15:23 [INFO] ping_monitor: PingMonitor stopped for CL-0062
2026-04-27 14:15:32 [INFO] ping_monitor: PingMonitor started for CL-0064 (user)
2026-04-27 14:16:20 [INFO] Client.palawan_payable_tab: [PalawanPayableTab] saved for branch=QUIRINO H-WAY date=2026-03-19
2026-04-27 14:16:22 [INFO] Client.client_dashboard: daily_reports_brand_a verified: Debit=281023.00, Credit=27750.00, Ending=253273.00
2026-04-27 14:16:22 [INFO] Client.client_dashboard: daily_reports verified: Debit=194271.09, Credit=27750.00, Ending=166521.09
2026-04-27 14:16:22 [INFO] Client.client_dashboard: Palawan details saved to payable_tbl_brand_a for Brand A
2026-04-27 14:16:22 [INFO] Client.client_dashboard: Palawan details saved to payable_tbl for Brand B
2026-04-27 14:16:22 [INFO] Client.client_dashboard: Cash Float saved: 0.00
2026-04-27 14:16:25 [INFO] login: Logout requested - returning to login screen
2026-04-27 14:16:25 [INFO] ping_monitor: PingMonitor stopped for CL-0064
2026-04-27 14:16:36 [INFO] ping_monitor: PingMonitor started for CL-0065 (user)
2026-04-27 14:17:28 [INFO] Client.palawan_payable_tab: [PalawanPayableTab] saved for branch=QUIRINO JOYAS date=2026-03-19
2026-04-27 14:17:31 [INFO] Client.client_dashboard: daily_reports_brand_a verified: Debit=276950.60, Credit=166375.88, Ending=110574.72
2026-04-27 14:17:31 [INFO] Client.client_dashboard: daily_reports verified: Debit=197930.05, Credit=99691.00, Ending=98239.05
2026-04-27 14:17:31 [INFO] Client.client_dashboard: Palawan details saved to payable_tbl_brand_a for Brand A
2026-04-27 14:17:31 [INFO] Client.client_dashboard: Palawan details saved to payable_tbl for Brand B
2026-04-27 14:17:31 [INFO] Client.client_dashboard: Cash Float saved: 0.00
2026-04-27 14:17:34 [INFO] login: Logout requested - returning to login screen
2026-04-27 14:17:34 [INFO] ping_monitor: PingMonitor stopped for CL-0065
2026-04-27 14:17:42 [INFO] ping_monitor: PingMonitor started for CL-0067 (user)
2026-04-27 14:18:43 [INFO] Client.palawan_payable_tab: [PalawanPayableTab] saved for branch=REGALADO date=2026-03-19
2026-04-27 14:18:44 [INFO] Client.client_dashboard: daily_reports_brand_a verified: Debit=290441.00, Credit=189151.26, Ending=101289.74
2026-04-27 14:18:44 [INFO] Client.client_dashboard: daily_reports verified: Debit=464363.35, Credit=187851.26, Ending=276512.09
2026-04-27 14:18:44 [INFO] Client.client_dashboard: Palawan details saved to payable_tbl_brand_a for Brand A
2026-04-27 14:18:45 [INFO] Client.client_dashboard: Palawan details saved to payable_tbl for Brand B
2026-04-27 14:18:45 [INFO] Client.client_dashboard: Cash Float saved: 0.00
2026-04-27 14:18:48 [INFO] login: Logout requested - returning to login screen
2026-04-27 14:18:48 [INFO] ping_monitor: PingMonitor stopped for CL-0067
2026-04-27 14:18:57 [INFO] ping_monitor: PingMonitor started for CL-0069 (user)
2026-04-27 14:20:16 [INFO] Client.palawan_payable_tab: [PalawanPayableTab] saved for branch=RETIRO date=2026-03-19
2026-04-27 14:20:18 [INFO] Client.client_dashboard: daily_reports_brand_a verified: Debit=846253.00, Credit=525911.29, Ending=320341.71
2026-04-27 14:20:19 [INFO] Client.client_dashboard: daily_reports verified: Debit=647236.25, Credit=525860.94, Ending=121375.31
2026-04-27 14:20:19 [INFO] Client.client_dashboard: Palawan details saved to payable_tbl_brand_a for Brand A
2026-04-27 14:20:19 [INFO] Client.client_dashboard: Palawan details saved to payable_tbl for Brand B
2026-04-27 14:20:19 [INFO] Client.client_dashboard: Cash Float saved: 0.00
2026-04-27 14:20:22 [INFO] login: Logout requested - returning to login screen
2026-04-27 14:20:23 [INFO] ping_monitor: PingMonitor stopped for CL-0069
2026-04-27 14:20:32 [INFO] ping_monitor: PingMonitor started for CL-0070 (user)
2026-04-27 14:21:47 [INFO] Client.palawan_payable_tab: [PalawanPayableTab] saved for branch=SCABO NEW date=2026-03-19
2026-04-27 14:21:48 [INFO] Client.client_dashboard: daily_reports_brand_a verified: Debit=1754583.07, Credit=664008.57, Ending=1090574.50
2026-04-27 14:21:48 [INFO] Client.client_dashboard: daily_reports verified: Debit=734580.50, Credit=657862.00, Ending=76718.50
2026-04-27 14:21:48 [INFO] Client.client_dashboard: Palawan details saved to payable_tbl_brand_a for Brand A
2026-04-27 14:21:48 [INFO] Client.client_dashboard: Palawan details saved to payable_tbl for Brand B
2026-04-27 14:21:48 [INFO] Client.client_dashboard: Cash Float saved: 0.00
2026-04-27 14:21:52 [INFO] login: Logout requested - returning to login screen
2026-04-27 14:21:52 [INFO] ping_monitor: PingMonitor stopped for CL-0070
2026-04-27 14:22:03 [INFO] ping_monitor: PingMonitor started for CL-0071 (user)
2026-04-27 14:22:51 [INFO] Client.palawan_payable_tab: [PalawanPayableTab] saved for branch=SHORTHORN date=2026-03-19
2026-04-27 14:22:53 [INFO] Client.client_dashboard: daily_reports_brand_a verified: Debit=233461.75, Credit=8808.00, Ending=224653.75
2026-04-27 14:22:54 [INFO] Client.client_dashboard: daily_reports verified: Debit=260992.00, Credit=8808.00, Ending=252184.00
2026-04-27 14:22:54 [INFO] Client.client_dashboard: Palawan details saved to payable_tbl_brand_a for Brand A
2026-04-27 14:22:54 [INFO] Client.client_dashboard: Palawan details saved to payable_tbl for Brand B
2026-04-27 14:22:54 [INFO] Client.client_dashboard: Cash Float saved: 0.00
2026-04-27 14:22:57 [INFO] login: Logout requested - returning to login screen
2026-04-27 14:22:57 [INFO] ping_monitor: PingMonitor stopped for CL-0071
2026-04-27 14:23:12 [INFO] ping_monitor: PingMonitor started for CL-0073 (user)
2026-04-27 14:24:12 [INFO] Client.palawan_payable_tab: [PalawanPayableTab] saved for branch=SPARK date=2026-03-19
2026-04-27 14:24:13 [INFO] Client.client_dashboard: daily_reports_brand_a verified: Debit=147694.70, Credit=20854.00, Ending=126840.70
2026-04-27 14:24:13 [INFO] Client.client_dashboard: daily_reports verified: Debit=351245.60, Credit=20854.00, Ending=330391.60
2026-04-27 14:24:13 [INFO] Client.client_dashboard: Palawan details saved to payable_tbl_brand_a for Brand A
2026-04-27 14:24:13 [INFO] Client.client_dashboard: Palawan details saved to payable_tbl for Brand B
2026-04-27 14:24:13 [INFO] Client.client_dashboard: Cash Float saved: 0.00
2026-04-27 14:24:16 [INFO] login: Logout requested - returning to login screen
2026-04-27 14:24:16 [INFO] ping_monitor: PingMonitor stopped for CL-0073
2026-04-27 14:24:24 [INFO] ping_monitor: PingMonitor started for CL-0075 (user)
2026-04-27 14:25:31 [INFO] Client.palawan_payable_tab: [PalawanPayableTab] saved for branch=STA QUITERIA date=2026-03-19
2026-04-27 14:25:32 [INFO] Client.client_dashboard: daily_reports_brand_a verified: Debit=243293.75, Credit=88636.00, Ending=154657.75
2026-04-27 14:25:32 [INFO] Client.client_dashboard: daily_reports verified: Debit=169801.14, Credit=61031.00, Ending=108770.14
2026-04-27 14:25:32 [INFO] Client.client_dashboard: Palawan details saved to payable_tbl_brand_a for Brand A
2026-04-27 14:25:32 [INFO] Client.client_dashboard: Palawan details saved to payable_tbl for Brand B
2026-04-27 14:25:32 [INFO] Client.client_dashboard: Cash Float saved: 0.00
2026-04-27 14:25:36 [INFO] login: Logout requested - returning to login screen
2026-04-27 14:25:36 [INFO] ping_monitor: PingMonitor stopped for CL-0075
2026-04-27 14:25:46 [INFO] ping_monitor: PingMonitor started for CL-0003 (user)
2026-04-27 14:26:41 [INFO] Client.palawan_payable_tab: [PalawanPayableTab] saved for branch=TANDANG SORA date=2026-03-19
2026-04-27 14:26:42 [INFO] Client.client_dashboard: daily_reports_brand_a verified: Debit=313553.00, Credit=46490.00, Ending=267063.00
2026-04-27 14:26:42 [INFO] Client.client_dashboard: daily_reports verified: Debit=387337.50, Credit=10010.00, Ending=377327.50
2026-04-27 14:26:42 [INFO] Client.client_dashboard: Palawan details saved to payable_tbl_brand_a for Brand A
2026-04-27 14:26:42 [INFO] Client.client_dashboard: Palawan details saved to payable_tbl for Brand B
2026-04-27 14:26:43 [INFO] Client.client_dashboard: Cash Float saved: 0.00
2026-04-27 14:26:45 [INFO] login: Logout requested - returning to login screen
2026-04-27 14:26:45 [INFO] ping_monitor: PingMonitor stopped for CL-0003
2026-04-27 14:26:54 [INFO] ping_monitor: PingMonitor started for CL-0076 (user)
2026-04-27 14:28:06 [INFO] Client.palawan_payable_tab: [PalawanPayableTab] saved for branch=TIMOG date=2026-03-19
2026-04-27 14:28:08 [INFO] Client.client_dashboard: daily_reports_brand_a verified: Debit=412926.44, Credit=94576.25, Ending=318350.19
2026-04-27 14:28:08 [INFO] Client.client_dashboard: daily_reports verified: Debit=417959.14, Credit=94576.25, Ending=323382.89
2026-04-27 14:28:08 [INFO] Client.client_dashboard: Palawan details saved to payable_tbl_brand_a for Brand A
2026-04-27 14:28:08 [INFO] Client.client_dashboard: Palawan details saved to payable_tbl for Brand B
2026-04-27 14:28:08 [INFO] Client.client_dashboard: Cash Float saved: 0.00
2026-04-27 14:28:12 [INFO] login: Logout requested - returning to login screen
2026-04-27 14:28:12 [INFO] ping_monitor: PingMonitor stopped for CL-0076
2026-04-27 14:28:17 [INFO] ping_monitor: PingMonitor started for CL-0078 (user)
2026-04-27 14:29:05 [INFO] Client.palawan_payable_tab: [PalawanPayableTab] saved for branch=V-LUNA date=2026-03-19
2026-04-27 14:29:06 [INFO] Client.client_dashboard: daily_reports_brand_a verified: Debit=153332.00, Credit=13853.00, Ending=139479.00
2026-04-27 14:29:06 [INFO] Client.client_dashboard: daily_reports verified: Debit=223217.00, Credit=13813.00, Ending=209404.00
2026-04-27 14:29:06 [INFO] Client.client_dashboard: Palawan details saved to payable_tbl_brand_a for Brand A
2026-04-27 14:29:06 [INFO] Client.client_dashboard: Palawan details saved to payable_tbl for Brand B
2026-04-27 14:29:06 [INFO] Client.client_dashboard: Cash Float saved: 0.00
2026-04-27 14:29:09 [INFO] login: Logout requested - returning to login screen
2026-04-27 14:29:09 [INFO] ping_monitor: PingMonitor stopped for CL-0078
2026-04-27 14:29:17 [INFO] ping_monitor: PingMonitor started for CL-0079 (user)
2026-04-27 14:30:16 [INFO] Client.palawan_payable_tab: [PalawanPayableTab] saved for branch=VISPAC date=2026-03-19
2026-04-27 14:30:17 [INFO] Client.client_dashboard: daily_reports_brand_a verified: Debit=222346.05, Credit=58552.97, Ending=163793.08
2026-04-27 14:30:17 [INFO] Client.client_dashboard: daily_reports verified: Debit=215141.60, Credit=24998.00, Ending=190143.60
2026-04-27 14:30:17 [INFO] Client.client_dashboard: Palawan details saved to payable_tbl_brand_a for Brand A
2026-04-27 14:30:17 [INFO] Client.client_dashboard: Palawan details saved to payable_tbl for Brand B
2026-04-27 14:30:18 [INFO] Client.client_dashboard: Cash Float saved: 0.00
2026-04-27 14:30:21 [INFO] login: Logout requested - returning to login screen
2026-04-27 14:30:21 [INFO] ping_monitor: PingMonitor stopped for CL-0079
2026-04-27 14:30:29 [INFO] ping_monitor: PingMonitor started for CL-0080 (user)
2026-04-27 14:31:37 [INFO] Client.palawan_payable_tab: [PalawanPayableTab] saved for branch=WESTAF date=2026-03-19
2026-04-27 14:31:41 [INFO] Client.client_dashboard: daily_reports_brand_a verified: Debit=285720.00, Credit=194061.00, Ending=91659.00
2026-04-27 14:31:41 [INFO] Client.client_dashboard: daily_reports verified: Debit=147303.68, Credit=4011.00, Ending=143292.68
2026-04-27 14:31:41 [INFO] Client.client_dashboard: Palawan details saved to payable_tbl_brand_a for Brand A
2026-04-27 14:31:41 [INFO] Client.client_dashboard: Palawan details saved to payable_tbl for Brand B
2026-04-27 14:31:41 [INFO] Client.client_dashboard: Cash Float saved: 0.00
2026-04-27 14:31:44 [INFO] login: Logout requested - returning to login screen
2026-04-27 14:31:44 [INFO] ping_monitor: PingMonitor stopped for CL-0080
2026-04-27 14:31:57 [INFO] ping_monitor: PingMonitor started for CL-0086 (user)
2026-04-27 14:32:07 [INFO] login: Logout requested - returning to login screen
2026-04-27 14:32:07 [INFO] ping_monitor: PingMonitor stopped for CL-0086
2026-04-27 14:32:14 [INFO] ping_monitor: PingMonitor started for test_admin_A (admin)
2026-04-27 14:32:28 [INFO] login: Logout requested - returning to login screen
2026-04-27 14:32:28 [INFO] ping_monitor: PingMonitor stopped for test_admin_A
2026-04-27 14:32:37 [INFO] ping_monitor: PingMonitor started for CL-0086 (user)
2026-04-27 14:33:37 [INFO] Client.palawan_payable_tab: [PalawanPayableTab] saved for branch=ANNAPOLIS date=2026-03-19
2026-04-27 14:33:38 [INFO] Client.client_dashboard: daily_reports_brand_a verified: Debit=1094546.41, Credit=689646.75, Ending=404899.66
2026-04-27 14:33:38 [INFO] Client.client_dashboard: daily_reports verified: Debit=476175.27, Credit=382000.00, Ending=94175.27
2026-04-27 14:33:38 [INFO] Client.client_dashboard: Palawan details saved to payable_tbl_brand_a for Brand A
2026-04-27 14:33:38 [INFO] Client.client_dashboard: Palawan details saved to payable_tbl for Brand B
2026-04-27 14:33:39 [INFO] Client.client_dashboard: Cash Float saved: 0.00
2026-04-27 14:33:43 [INFO] login: Logout requested - returning to login screen
2026-04-27 14:33:43 [INFO] ping_monitor: PingMonitor stopped for CL-0086
2026-04-27 14:33:51 [INFO] ping_monitor: PingMonitor started for CL-0091 (user)
2026-04-27 14:34:35 [INFO] Client.palawan_payable_tab: [PalawanPayableTab] saved for branch=JULIA VARGAS date=2026-03-19
2026-04-27 14:34:36 [INFO] Client.client_dashboard: daily_reports_brand_a verified: Debit=367267.43, Credit=330000.00, Ending=37267.43
2026-04-27 14:34:36 [INFO] Client.client_dashboard: daily_reports verified: Debit=263296.95, Credit=230000.00, Ending=33296.95
2026-04-27 14:34:36 [INFO] Client.client_dashboard: Palawan details saved to payable_tbl_brand_a for Brand A
2026-04-27 14:34:36 [INFO] Client.client_dashboard: Palawan details saved to payable_tbl for Brand B
2026-04-27 14:34:37 [INFO] Client.client_dashboard: Cash Float saved: 0.00
2026-04-27 14:34:40 [INFO] login: Logout requested - returning to login screen
2026-04-27 14:34:40 [INFO] ping_monitor: PingMonitor stopped for CL-0091
2026-04-27 14:34:48 [INFO] ping_monitor: PingMonitor started for CL-0092 (user)
2026-04-27 14:35:44 [INFO] Client.palawan_payable_tab: [PalawanPayableTab] saved for branch=MARTINEZ date=2026-03-19
2026-04-27 14:35:45 [INFO] Client.client_dashboard: daily_reports_brand_a verified: Debit=269038.78, Credit=3480.00, Ending=265558.78
2026-04-27 14:35:45 [INFO] Client.client_dashboard: daily_reports verified: Debit=146670.10, Credit=3300.00, Ending=143370.10
2026-04-27 14:35:45 [INFO] Client.client_dashboard: Palawan details saved to payable_tbl_brand_a for Brand A
2026-04-27 14:35:45 [INFO] Client.client_dashboard: Palawan details saved to payable_tbl for Brand B
2026-04-27 14:35:45 [INFO] Client.client_dashboard: Cash Float saved: 0.00
2026-04-27 14:35:48 [INFO] login: Logout requested - returning to login screen
2026-04-27 14:35:48 [INFO] ping_monitor: PingMonitor stopped for CL-0092
2026-04-27 14:35:57 [INFO] ping_monitor: PingMonitor started for CL-0095 (user)
2026-04-27 14:36:57 [INFO] Client.palawan_payable_tab: [PalawanPayableTab] saved for branch=ORTIGAS date=2026-03-19
2026-04-27 14:36:58 [INFO] Client.client_dashboard: daily_reports_brand_a verified: Debit=218490.95, Credit=15000.00, Ending=203490.95
2026-04-27 14:36:58 [INFO] Client.client_dashboard: daily_reports verified: Debit=230465.17, Credit=15000.00, Ending=215465.17
2026-04-27 14:36:58 [INFO] Client.client_dashboard: Palawan details saved to payable_tbl_brand_a for Brand A
2026-04-27 14:36:58 [INFO] Client.client_dashboard: Palawan details saved to payable_tbl for Brand B
2026-04-27 14:36:58 [INFO] Client.client_dashboard: Cash Float saved: 0.00
2026-04-27 14:37:01 [INFO] login: Logout requested - returning to login screen
2026-04-27 14:37:01 [INFO] ping_monitor: PingMonitor stopped for CL-0095
2026-04-27 14:37:13 [INFO] ping_monitor: PingMonitor started for CL-0094 (user)
2026-04-27 14:37:56 [INFO] Client.palawan_payable_tab: [PalawanPayableTab] saved for branch=SAN JUAN date=2026-03-19
2026-04-27 14:37:57 [INFO] Client.client_dashboard: daily_reports_brand_a verified: Debit=44001.58, Credit=1500.00, Ending=42501.58
2026-04-27 14:37:57 [INFO] Client.client_dashboard: daily_reports verified: Debit=166702.12, Credit=1500.00, Ending=165202.12
2026-04-27 14:37:57 [INFO] Client.client_dashboard: Palawan details saved to payable_tbl_brand_a for Brand A
2026-04-27 14:37:57 [INFO] Client.client_dashboard: Palawan details saved to payable_tbl for Brand B
2026-04-27 14:37:57 [INFO] Client.client_dashboard: Cash Float saved: 0.00
2026-04-27 14:38:00 [INFO] login: Logout requested - returning to login screen
2026-04-27 14:38:01 [INFO] ping_monitor: PingMonitor stopped for CL-0094
2026-04-27 14:38:11 [INFO] ping_monitor: PingMonitor started for CL-0096 (user)
2026-04-27 14:39:08 [INFO] Client.palawan_payable_tab: [PalawanPayableTab] saved for branch=SIERRA MADRE date=2026-03-19
2026-04-27 14:39:10 [INFO] Client.palawan_payable_tab: [PalawanPayableTab] saved for branch=SIERRA MADRE date=2026-03-19
2026-04-27 14:39:11 [INFO] Client.client_dashboard: daily_reports_brand_a verified: Debit=108634.57, Credit=31695.00, Ending=76939.57
2026-04-27 14:39:12 [INFO] Client.client_dashboard: daily_reports verified: Debit=184793.80, Credit=31695.00, Ending=153098.80
2026-04-27 14:39:12 [INFO] Client.client_dashboard: Palawan details saved to payable_tbl_brand_a for Brand A
2026-04-27 14:39:12 [INFO] Client.client_dashboard: Palawan details saved to payable_tbl for Brand B
2026-04-27 14:39:12 [INFO] Client.client_dashboard: Cash Float saved: 0.00
2026-04-27 14:39:16 [INFO] login: Logout requested - returning to login screen
2026-04-27 14:39:16 [INFO] ping_monitor: PingMonitor stopped for CL-0096
2026-04-27 14:39:22 [INFO] ping_monitor: PingMonitor started for CL-0097 (user)
2026-04-27 14:40:02 [INFO] Client.palawan_payable_tab: [PalawanPayableTab] saved for branch=MARIWASA date=2026-03-19
2026-04-27 14:40:03 [INFO] Client.client_dashboard: daily_reports_brand_a verified: Debit=153812.00, Credit=6875.00, Ending=146937.00
2026-04-27 14:40:03 [INFO] Client.client_dashboard: daily_reports verified: Debit=170247.57, Credit=6875.00, Ending=163372.57
2026-04-27 14:40:03 [INFO] Client.client_dashboard: Palawan details saved to payable_tbl_brand_a for Brand A
2026-04-27 14:40:04 [INFO] Client.client_dashboard: Palawan details saved to payable_tbl for Brand B
2026-04-27 14:40:04 [INFO] Client.client_dashboard: Cash Float saved: 0.00
2026-04-27 14:40:07 [INFO] login: Logout requested - returning to login screen
2026-04-27 14:40:07 [INFO] ping_monitor: PingMonitor stopped for CL-0097
2026-04-27 14:40:13 [INFO] ping_monitor: PingMonitor started for CL-0098 (user)
2026-04-27 14:40:57 [INFO] Client.palawan_payable_tab: [PalawanPayableTab] saved for branch=PINAGBUHATAN date=2026-03-19
2026-04-27 14:40:57 [INFO] Client.client_dashboard: daily_reports_brand_a verified: Debit=328657.55, Credit=236396.00, Ending=92261.55
2026-04-27 14:40:57 [INFO] Client.client_dashboard: daily_reports verified: Debit=258323.95, Credit=36370.00, Ending=221953.95
2026-04-27 14:40:57 [INFO] Client.client_dashboard: Palawan details saved to payable_tbl_brand_a for Brand A
2026-04-27 14:40:57 [INFO] Client.client_dashboard: Palawan details saved to payable_tbl for Brand B
2026-04-27 14:40:58 [INFO] Client.client_dashboard: Cash Float saved: 0.00
2026-04-27 14:41:01 [INFO] login: Logout requested - returning to login screen
2026-04-27 14:41:01 [INFO] ping_monitor: PingMonitor stopped for CL-0098
2026-04-27 14:41:08 [INFO] ping_monitor: PingMonitor started for test_admin_A (admin)
2026-04-27 14:45:51 [INFO] login: Logout requested - returning to login screen
2026-04-27 14:45:51 [INFO] ping_monitor: PingMonitor stopped for test_admin_A
2026-04-27 14:46:00 [INFO] ping_monitor: PingMonitor started for CL-0071 (user)
2026-04-27 14:46:30 [INFO] login: Logout requested - returning to login screen
2026-04-27 14:46:30 [INFO] ping_monitor: PingMonitor stopped for CL-0071
2026-04-27 14:46:37 [INFO] ping_monitor: PingMonitor started for test_admin_A (admin)
2026-04-27 14:46:57 [INFO] login: Logout requested - returning to login screen
2026-04-27 14:46:57 [INFO] ping_monitor: PingMonitor stopped for test_admin_A
2026-04-27 14:47:08 [INFO] ping_monitor: PingMonitor started for CL-0071 (user)
2026-04-27 14:47:17 [INFO] Client.palawan_payable_tab: [PalawanPayableTab] saved for branch=SHORTHORN date=2026-03-19
2026-04-27 14:47:18 [INFO] Client.client_dashboard: daily_reports_brand_a verified: Debit=233461.75, Credit=8808.00, Ending=224653.75
2026-04-27 14:47:18 [INFO] Client.client_dashboard: daily_reports verified: Debit=260992.00, Credit=8808.00, Ending=252184.00
2026-04-27 14:47:18 [INFO] Client.client_dashboard: Palawan details saved to payable_tbl_brand_a for Brand A
2026-04-27 14:47:18 [INFO] Client.client_dashboard: Palawan details saved to payable_tbl for Brand B
2026-04-27 14:47:18 [INFO] Client.client_dashboard: Cash Float saved: 0.00
2026-04-27 14:47:21 [INFO] login: Logout requested - returning to login screen
2026-04-27 14:47:21 [INFO] ping_monitor: PingMonitor stopped for CL-0071
2026-04-27 14:48:11 [INFO] ping_monitor: PingMonitor started for test_admin_A (admin)
2026-04-27 14:55:36 [INFO] login: Logout requested - returning to login screen
2026-04-27 14:55:36 [INFO] ping_monitor: PingMonitor stopped for test_admin_A
2026-04-27 14:55:42 [INFO] ping_monitor: PingMonitor started for CL-0058 (user)
2026-04-27 14:56:08 [INFO] Client.palawan_payable_tab: [PalawanPayableTab] saved for branch=NOVASORA date=2026-03-19
2026-04-27 14:56:09 [INFO] Client.client_dashboard: daily_reports_brand_a verified: Debit=555991.50, Credit=242873.00, Ending=313118.50
2026-04-27 14:56:09 [INFO] Client.client_dashboard: daily_reports verified: Debit=671330.00, Credit=162932.00, Ending=508398.00
2026-04-27 14:56:09 [INFO] Client.client_dashboard: Palawan details saved to payable_tbl_brand_a for Brand A
2026-04-27 14:56:09 [INFO] Client.client_dashboard: Palawan details saved to payable_tbl for Brand B
2026-04-27 14:56:09 [INFO] Client.client_dashboard: Cash Float saved: 0.00
2026-04-27 14:56:13 [INFO] login: Logout requested - returning to login screen
2026-04-27 14:56:13 [INFO] ping_monitor: PingMonitor stopped for CL-0058
2026-04-27 14:56:19 [INFO] ping_monitor: PingMonitor started for test_admin_A (admin)
2026-04-27 15:23:21 [INFO] login: Logout requested - returning to login screen
2026-04-27 15:23:21 [INFO] ping_monitor: PingMonitor stopped for test_admin_A
2026-04-27 15:23:33 [INFO] ping_monitor: PingMonitor started for CL-0079 (user)
2026-04-27 15:23:42 [INFO] login: Logout requested - returning to login screen
2026-04-27 15:23:42 [INFO] ping_monitor: PingMonitor stopped for CL-0079
2026-04-27 15:23:50 [INFO] ping_monitor: PingMonitor started for test_admin_A (admin)
2026-04-27 15:24:04 [INFO] login: Logout requested - returning to login screen
2026-04-27 15:24:04 [INFO] ping_monitor: PingMonitor stopped for test_admin_A
2026-04-27 15:24:10 [INFO] ping_monitor: PingMonitor started for CL-0079 (user)
2026-04-27 15:24:50 [INFO] Client.palawan_payable_tab: [PalawanPayableTab] saved for branch=VISPAC date=2026-03-19
2026-04-27 15:24:51 [INFO] Client.client_dashboard: daily_reports_brand_a verified: Debit=222346.05, Credit=58552.97, Ending=163793.08
2026-04-27 15:24:51 [INFO] Client.client_dashboard: daily_reports verified: Debit=215141.60, Credit=24998.00, Ending=190143.60
2026-04-27 15:24:52 [INFO] Client.client_dashboard: Palawan details saved to payable_tbl_brand_a for Brand A
2026-04-27 15:24:52 [INFO] Client.client_dashboard: Palawan details saved to payable_tbl for Brand B
2026-04-27 15:24:52 [INFO] Client.client_dashboard: Cash Float saved: 0.00
2026-04-27 15:24:55 [INFO] login: Logout requested - returning to login screen
2026-04-27 15:24:56 [INFO] ping_monitor: PingMonitor stopped for CL-0079
2026-04-27 15:25:11 [INFO] ping_monitor: PingMonitor started for test_admin_A (admin)
2026-04-27 15:31:53 [INFO] login: Logout requested - returning to login screen
2026-04-27 15:31:53 [INFO] ping_monitor: PingMonitor stopped for test_admin_A
2026-04-27 15:32:01 [INFO] ping_monitor: PingMonitor started for CL-0013 (user)
2026-04-27 15:33:09 [INFO] Client.client_dashboard: daily_reports_brand_a verified: Debit=408550.11, Credit=295741.00, Ending=112809.11
2026-04-27 15:33:09 [INFO] Client.client_dashboard: daily_reports verified: Debit=236362.78, Credit=95715.00, Ending=140647.78
2026-04-27 15:33:09 [INFO] Client.client_dashboard: Palawan details saved to payable_tbl_brand_a for Brand A
2026-04-27 15:33:09 [INFO] Client.client_dashboard: Palawan details saved to payable_tbl for Brand B
2026-04-27 15:33:09 [INFO] Client.client_dashboard: Cash Float saved: 0.00
2026-04-27 15:33:12 [INFO] login: Logout requested - returning to login screen
2026-04-27 15:33:12 [INFO] ping_monitor: PingMonitor stopped for CL-0013
2026-04-27 15:33:22 [INFO] ping_monitor: PingMonitor started for test_admin_A (admin)
2026-04-27 15:54:52 [INFO] RemoteDatabaseManager: API mode enabled — connecting via http://222.127.90.218
2026-04-27 15:54:53 [INFO] AutoUpdater: Silent updater: Checking for updates...
2026-04-27 15:54:53 [INFO] AutoUpdater: Silent update status: Checking for updates...
2026-04-27 15:54:54 [INFO] AutoUpdater: Silent updater: Already on latest version (1.0.0)
2026-04-27 15:54:54 [INFO] AutoUpdater: Silent update status: Already up to date
2026-04-27 15:55:00 [INFO] ping_monitor: PingMonitor started for test_admin_A (admin)
2026-04-27 16:18:22 [INFO] RemoteDatabaseManager: API mode enabled — connecting via http://222.127.90.218
2026-04-27 16:18:23 [INFO] AutoUpdater: Silent updater: Checking for updates...
2026-04-27 16:18:23 [INFO] AutoUpdater: Silent update status: Checking for updates...
2026-04-27 16:18:24 [INFO] AutoUpdater: Silent updater: Already on latest version (1.0.0)
2026-04-27 16:18:24 [INFO] AutoUpdater: Silent update status: Already up to date
2026-04-27 16:18:32 [INFO] ping_monitor: PingMonitor started for test_admin_A (admin)
2026-04-27 16:24:17 [INFO] RemoteDatabaseManager: API mode enabled — connecting via http://222.127.90.218
2026-04-27 16:24:18 [INFO] AutoUpdater: Silent updater: Checking for updates...
2026-04-27 16:24:18 [INFO] AutoUpdater: Silent update status: Checking for updates...
2026-04-27 16:24:19 [INFO] AutoUpdater: Silent updater: Already on latest version (1.0.0)
2026-04-27 16:24:19 [INFO] AutoUpdater: Silent update status: Already up to date
2026-04-27 16:24:23 [INFO] ping_monitor: PingMonitor started for test_admin_A (admin)
2026-04-28 08:06:39 [INFO] RemoteDatabaseManager: API mode enabled — connecting via http://222.127.90.218
2026-04-28 08:06:40 [INFO] AutoUpdater: Silent updater: Checking for updates...
2026-04-28 08:06:40 [INFO] AutoUpdater: Silent update status: Checking for updates...
2026-04-28 08:06:41 [INFO] AutoUpdater: Silent updater: Already on latest version (1.0.0)
2026-04-28 08:06:41 [INFO] AutoUpdater: Silent update status: Already up to date
2026-04-28 08:17:37 [INFO] RemoteDatabaseManager: API mode enabled — connecting via http://222.127.90.218
2026-04-28 08:17:38 [INFO] AutoUpdater: Silent updater: Checking for updates...
2026-04-28 08:17:38 [INFO] AutoUpdater: Silent update status: Checking for updates...
2026-04-28 08:17:39 [INFO] AutoUpdater: Silent updater: Already on latest version (1.0.0)
2026-04-28 08:17:39 [INFO] AutoUpdater: Silent update status: Already up to date
2026-04-28 08:17:41 [INFO] ping_monitor: PingMonitor started for test_admin_A (admin)
2026-04-28 08:36:53 [INFO] RemoteDatabaseManager: API mode enabled — connecting via http://222.127.90.218
2026-04-28 08:36:54 [INFO] AutoUpdater: Silent updater: Checking for updates...
2026-04-28 08:36:54 [INFO] AutoUpdater: Silent update status: Checking for updates...
2026-04-28 08:36:55 [INFO] AutoUpdater: Silent updater: Already on latest version (1.0.0)
2026-04-28 08:36:55 [INFO] AutoUpdater: Silent update status: Already up to date
2026-04-28 08:36:58 [INFO] ping_monitor: PingMonitor started for test_admin_A (admin)
2026-04-28 09:13:30 [INFO] RemoteDatabaseManager: API mode enabled — connecting via http://222.127.90.218
2026-04-28 09:13:31 [INFO] AutoUpdater: Silent updater: Checking for updates...
2026-04-28 09:13:31 [INFO] AutoUpdater: Silent update status: Checking for updates...
2026-04-28 09:13:32 [INFO] AutoUpdater: Silent updater: Already on latest version (1.0.0)
2026-04-28 09:13:32 [INFO] AutoUpdater: Silent update status: Already up to date
2026-04-28 09:13:34 [INFO] ping_monitor: PingMonitor started for test_admin_A (admin)
2026-04-28 09:18:01 [INFO] RemoteDatabaseManager: API mode enabled — connecting via http://222.127.90.218
2026-04-28 09:18:02 [INFO] AutoUpdater: Silent updater: Checking for updates...
2026-04-28 09:18:02 [INFO] AutoUpdater: Silent update status: Checking for updates...
2026-04-28 09:18:03 [INFO] AutoUpdater: Silent updater: Already on latest version (1.0.0)
2026-04-28 09:18:03 [INFO] AutoUpdater: Silent update status: Already up to date
2026-04-28 09:18:05 [INFO] ping_monitor: PingMonitor started for test_admin_A (admin)
2026-04-28 09:25:17 [INFO] RemoteDatabaseManager: API mode enabled — connecting via http://222.127.90.218
2026-04-28 09:25:18 [INFO] AutoUpdater: Silent updater: Checking for updates...
2026-04-28 09:25:18 [INFO] AutoUpdater: Silent update status: Checking for updates...
2026-04-28 09:25:19 [INFO] AutoUpdater: Silent updater: Already on latest version (1.0.0)
2026-04-28 09:25:19 [INFO] AutoUpdater: Silent update status: Already up to date
2026-04-28 09:25:21 [INFO] ping_monitor: PingMonitor started for test_admin_A (admin)
2026-04-28 09:39:31 [INFO] login: Logout requested - returning to login screen
2026-04-28 09:39:51 [INFO] ping_monitor: PingMonitor started for CL-0381 (user)
2026-04-28 09:45:11 [INFO] RemoteDatabaseManager: API mode enabled — connecting via http://222.127.90.218
2026-04-28 09:45:12 [INFO] AutoUpdater: Silent updater: Checking for updates...
2026-04-28 09:45:12 [INFO] AutoUpdater: Silent update status: Checking for updates...
2026-04-28 09:45:13 [INFO] AutoUpdater: Silent updater: Already on latest version (1.0.0)
2026-04-28 09:45:13 [INFO] AutoUpdater: Silent update status: Already up to date
2026-04-28 09:45:23 [INFO] ping_monitor: PingMonitor started for test_admin_A (admin)
2026-04-28 09:47:26 [INFO] login: Logout requested - returning to login screen
2026-04-28 09:47:26 [INFO] ping_monitor: PingMonitor stopped for test_admin_A
2026-04-28 09:47:35 [INFO] ping_monitor: PingMonitor started for CL-0086 (user)
2026-04-28 09:47:41 [INFO] login: Logout requested - returning to login screen
2026-04-28 09:47:41 [INFO] ping_monitor: PingMonitor stopped for CL-0086
2026-04-28 09:47:47 [INFO] ping_monitor: PingMonitor started for test_admin_A (admin)
2026-04-28 09:55:34 [INFO] RemoteDatabaseManager: API mode enabled — connecting via http://222.127.90.218
2026-04-28 09:55:35 [INFO] AutoUpdater: Silent updater: Checking for updates...
2026-04-28 09:55:35 [INFO] AutoUpdater: Silent update status: Checking for updates...
2026-04-28 09:55:36 [INFO] AutoUpdater: Silent updater: Already on latest version (1.0.0)
2026-04-28 09:55:36 [INFO] AutoUpdater: Silent update status: Already up to date
2026-04-28 09:55:37 [INFO] ping_monitor: PingMonitor started for test_admin_A (admin)
2026-04-28 09:59:29 [INFO] RemoteDatabaseManager: API mode enabled — connecting via http://222.127.90.218
2026-04-28 09:59:30 [INFO] AutoUpdater: Silent updater: Checking for updates...
2026-04-28 09:59:30 [INFO] AutoUpdater: Silent update status: Checking for updates...
2026-04-28 09:59:30 [INFO] AutoUpdater: Silent updater: Already on latest version (1.0.0)
2026-04-28 09:59:30 [INFO] AutoUpdater: Silent update status: Already up to date
2026-04-28 09:59:32 [INFO] ping_monitor: PingMonitor started for test_admin_A (admin)
2026-04-28 10:46:49 [INFO] RemoteDatabaseManager: API mode enabled — connecting via http://222.127.90.218
2026-04-28 10:46:50 [INFO] AutoUpdater: Silent updater: Checking for updates...
2026-04-28 10:46:50 [INFO] AutoUpdater: Silent update status: Checking for updates...
2026-04-28 10:46:50 [INFO] AutoUpdater: Silent updater: Already on latest version (1.0.0)
2026-04-28 10:46:50 [INFO] AutoUpdater: Silent update status: Already up to date
2026-04-28 10:46:52 [INFO] ping_monitor: PingMonitor started for test_admin_A (admin)
2026-04-28 10:54:41 [INFO] RemoteDatabaseManager: API mode enabled — connecting via http://222.127.90.218
2026-04-28 10:54:42 [INFO] AutoUpdater: Silent updater: Checking for updates...
2026-04-28 10:54:42 [INFO] AutoUpdater: Silent update status: Checking for updates...
2026-04-28 10:54:43 [INFO] AutoUpdater: Silent updater: Already on latest version (1.0.0)
2026-04-28 10:54:43 [INFO] AutoUpdater: Silent update status: Already up to date
2026-04-28 10:54:47 [INFO] ping_monitor: PingMonitor started for test_admin_A (admin)
2026-04-28 11:11:37 [INFO] RemoteDatabaseManager: API mode enabled — connecting via http://222.127.90.218
2026-04-28 11:11:39 [INFO] AutoUpdater: Silent updater: Checking for updates...
2026-04-28 11:11:39 [INFO] AutoUpdater: Silent update status: Checking for updates...
2026-04-28 11:11:39 [INFO] AutoUpdater: Silent updater: Already on latest version (1.0.0)
2026-04-28 11:11:39 [INFO] AutoUpdater: Silent update status: Already up to date
2026-04-28 11:11:41 [INFO] ping_monitor: PingMonitor started for test_admin_A (admin)
2026-04-28 11:15:04 [INFO] RemoteDatabaseManager: API mode enabled — connecting via http://222.127.90.218
2026-04-28 11:15:05 [INFO] AutoUpdater: Silent updater: Checking for updates...
2026-04-28 11:15:05 [INFO] AutoUpdater: Silent update status: Checking for updates...
2026-04-28 11:15:06 [INFO] AutoUpdater: Silent updater: Already on latest version (1.0.0)
2026-04-28 11:15:06 [INFO] AutoUpdater: Silent update status: Already up to date
2026-04-28 11:15:10 [INFO] ping_monitor: PingMonitor started for test_admin_A (admin)
2026-04-28 11:20:16 [INFO] RemoteDatabaseManager: API mode enabled — connecting via http://222.127.90.218
2026-04-28 11:20:16 [INFO] AutoUpdater: Silent updater: Checking for updates...
2026-04-28 11:20:17 [INFO] AutoUpdater: Silent update status: Checking for updates...
2026-04-28 11:20:17 [INFO] AutoUpdater: Silent updater: Already on latest version (1.0.0)
2026-04-28 11:20:17 [INFO] AutoUpdater: Silent update status: Already up to date
2026-04-28 11:20:19 [INFO] ping_monitor: PingMonitor started for test_admin_A (admin)
2026-04-28 11:23:04 [INFO] RemoteDatabaseManager: API mode enabled — connecting via http://222.127.90.218
2026-04-28 11:23:05 [INFO] AutoUpdater: Silent updater: Checking for updates...
2026-04-28 11:23:05 [INFO] AutoUpdater: Silent update status: Checking for updates...
2026-04-28 11:23:06 [INFO] AutoUpdater: Silent updater: Already on latest version (1.0.0)
2026-04-28 11:23:06 [INFO] AutoUpdater: Silent update status: Already up to date
2026-04-28 11:23:08 [INFO] ping_monitor: PingMonitor started for test_admin_A (admin)
2026-04-28 11:26:49 [INFO] RemoteDatabaseManager: API mode enabled — connecting via http://222.127.90.218
2026-04-28 11:26:50 [INFO] AutoUpdater: Silent updater: Checking for updates...
2026-04-28 11:26:50 [INFO] AutoUpdater: Silent update status: Checking for updates...
2026-04-28 11:26:50 [INFO] AutoUpdater: Silent updater: Already on latest version (1.0.0)
2026-04-28 11:26:50 [INFO] AutoUpdater: Silent update status: Already up to date
2026-04-28 11:26:53 [INFO] ping_monitor: PingMonitor started for test_admin_A (admin)
2026-04-28 11:42:58 [INFO] RemoteDatabaseManager: API mode enabled — connecting via http://222.127.90.218
2026-04-28 11:42:59 [INFO] AutoUpdater: Silent updater: Checking for updates...
2026-04-28 11:42:59 [INFO] AutoUpdater: Silent update status: Checking for updates...
2026-04-28 11:43:00 [INFO] AutoUpdater: Silent updater: Already on latest version (1.0.0)
2026-04-28 11:43:00 [INFO] AutoUpdater: Silent update status: Already up to date
2026-04-28 11:43:08 [INFO] ping_monitor: PingMonitor started for CL-0381 (user)
2026-04-28 11:47:13 [INFO] login: Logout requested - returning to login screen
2026-04-28 11:47:13 [INFO] ping_monitor: PingMonitor stopped for CL-0381
2026-04-28 11:47:19 [INFO] ping_monitor: PingMonitor started for test_admin_A (admin)
2026-04-28 11:54:58 [INFO] RemoteDatabaseManager: API mode enabled — connecting via http://222.127.90.218
2026-04-28 11:54:59 [INFO] AutoUpdater: Silent updater: Checking for updates...
2026-04-28 11:54:59 [INFO] AutoUpdater: Silent update status: Checking for updates...
2026-04-28 11:55:00 [INFO] AutoUpdater: Silent updater: Already on latest version (1.0.0)
2026-04-28 11:55:00 [INFO] AutoUpdater: Silent update status: Already up to date
2026-04-28 11:55:02 [INFO] ping_monitor: PingMonitor started for test_admin_A (admin)
2026-04-28 11:56:22 [INFO] login: Logout requested - returning to login screen
2026-04-28 11:56:22 [INFO] ping_monitor: PingMonitor stopped for test_admin_A
2026-04-28 11:56:30 [INFO] ping_monitor: PingMonitor started for CL-0381 (user)
2026-04-28 11:58:30 [INFO] login: Logout requested - returning to login screen
2026-04-28 11:58:30 [INFO] ping_monitor: PingMonitor stopped for CL-0381
2026-04-28 11:58:37 [INFO] ping_monitor: PingMonitor started for test_admin_A (admin)
2026-04-28 12:00:09 [INFO] login: Logout requested - returning to login screen
2026-04-28 12:00:09 [INFO] ping_monitor: PingMonitor stopped for test_admin_A
2026-04-28 12:00:16 [INFO] ping_monitor: PingMonitor started for CL-0381 (user)
2026-04-28 12:04:50 [INFO] RemoteDatabaseManager: API mode enabled — connecting via http://222.127.90.218
2026-04-28 12:04:51 [INFO] AutoUpdater: Silent updater: Checking for updates...
2026-04-28 12:04:51 [INFO] AutoUpdater: Silent update status: Checking for updates...
2026-04-28 12:04:52 [INFO] AutoUpdater: Silent updater: Already on latest version (1.0.0)
2026-04-28 12:04:52 [INFO] AutoUpdater: Silent update status: Already up to date
2026-04-28 12:04:53 [INFO] ping_monitor: PingMonitor started for CL-0381 (user)
2026-04-28 12:05:39 [INFO] RemoteDatabaseManager: API mode enabled — connecting via http://222.127.90.218
2026-04-28 12:05:40 [INFO] AutoUpdater: Silent updater: Checking for updates...
2026-04-28 12:05:40 [INFO] AutoUpdater: Silent update status: Checking for updates...
2026-04-28 12:05:40 [INFO] AutoUpdater: Silent updater: Already on latest version (1.0.0)
2026-04-28 12:05:40 [INFO] AutoUpdater: Silent update status: Already up to date
2026-04-28 12:05:41 [INFO] ping_monitor: PingMonitor started for CL-0381 (user)
2026-04-28 12:08:40 [INFO] RemoteDatabaseManager: API mode enabled — connecting via http://222.127.90.218
2026-04-28 12:08:41 [INFO] AutoUpdater: Silent updater: Checking for updates...
2026-04-28 12:08:41 [INFO] AutoUpdater: Silent update status: Checking for updates...
2026-04-28 12:08:42 [INFO] AutoUpdater: Silent updater: Already on latest version (1.0.0)
2026-04-28 12:08:42 [INFO] AutoUpdater: Silent update status: Already up to date
2026-04-28 12:08:43 [INFO] ping_monitor: PingMonitor started for CL-0381 (user)
2026-04-28 12:13:47 [INFO] RemoteDatabaseManager: API mode enabled — connecting via http://222.127.90.218
2026-04-28 12:13:48 [INFO] AutoUpdater: Silent updater: Checking for updates...
2026-04-28 12:13:48 [INFO] AutoUpdater: Silent update status: Checking for updates...
2026-04-28 12:13:48 [INFO] AutoUpdater: Silent updater: Already on latest version (1.0.0)
2026-04-28 12:13:48 [INFO] AutoUpdater: Silent update status: Already up to date
2026-04-28 12:13:50 [INFO] ping_monitor: PingMonitor started for CL-0381 (user)
2026-04-28 12:15:05 [INFO] Client.client_dashboard: daily_reports_brand_a verified: Debit=10002.00, Credit=5.00, Ending=9997.00
2026-04-28 12:15:05 [INFO] Client.client_dashboard: daily_reports verified: Debit=1006.00, Credit=10.00, Ending=996.00
2026-04-28 12:15:05 [INFO] Client.client_dashboard: Palawan details saved to payable_tbl_brand_a for Brand A
2026-04-28 12:15:05 [INFO] Client.client_dashboard: Palawan details saved to payable_tbl for Brand B
2026-04-28 12:15:05 [INFO] Client.client_dashboard: Cash Float saved: 0.00
2026-04-28 12:15:09 [INFO] login: Logout requested - returning to login screen
2026-04-28 12:15:09 [INFO] ping_monitor: PingMonitor stopped for CL-0381
2026-04-28 12:15:16 [INFO] ping_monitor: PingMonitor started for test_admin_A (admin)
2026-04-28 12:24:49 [INFO] RemoteDatabaseManager: API mode enabled — connecting via http://222.127.90.218
2026-04-28 12:24:50 [INFO] AutoUpdater: Silent updater: Checking for updates...
2026-04-28 12:24:50 [INFO] AutoUpdater: Silent update status: Checking for updates...
2026-04-28 12:24:51 [INFO] AutoUpdater: Silent updater: Already on latest version (1.0.0)
2026-04-28 12:24:51 [INFO] AutoUpdater: Silent update status: Already up to date
2026-04-28 12:24:54 [INFO] ping_monitor: PingMonitor started for test_admin_A (admin)
2026-04-28 13:04:14 [INFO] login: Logout requested - returning to login screen
2026-04-28 13:04:14 [INFO] ping_monitor: PingMonitor stopped for test_admin_A
2026-04-28 13:25:55 [INFO] RemoteDatabaseManager: API mode enabled — connecting via http://222.127.90.218
2026-04-28 13:25:56 [INFO] AutoUpdater: Silent updater: Checking for updates...
2026-04-28 13:25:56 [INFO] AutoUpdater: Silent update status: Checking for updates...
2026-04-28 13:25:57 [INFO] AutoUpdater: Silent updater: Already on latest version (1.0.0)
2026-04-28 13:25:57 [INFO] AutoUpdater: Silent update status: Already up to date
2026-04-28 13:25:59 [INFO] ping_monitor: PingMonitor started for test_admin_A (admin)
2026-04-28 13:28:54 [INFO] RemoteDatabaseManager: API mode enabled — connecting via http://222.127.90.218
2026-04-28 13:28:55 [INFO] AutoUpdater: Silent updater: Checking for updates...
2026-04-28 13:28:55 [INFO] AutoUpdater: Silent update status: Checking for updates...
2026-04-28 13:28:56 [INFO] AutoUpdater: Silent updater: Already on latest version (1.0.0)
2026-04-28 13:28:56 [INFO] AutoUpdater: Silent update status: Already up to date
2026-04-28 13:28:58 [INFO] ping_monitor: PingMonitor started for test_admin_A (admin)
2026-04-28 13:32:49 [INFO] login: Logout requested - returning to login screen
2026-04-28 13:32:49 [INFO] ping_monitor: PingMonitor stopped for test_admin_A
2026-04-28 13:32:54 [INFO] ping_monitor: PingMonitor started for test_admin (admin)
2026-04-28 13:33:50 [INFO] login: Logout requested - returning to login screen
2026-04-28 13:33:50 [INFO] ping_monitor: PingMonitor stopped for test_admin
2026-04-28 13:33:55 [INFO] ping_monitor: PingMonitor started for test_admin_A (admin)
2026-04-28 13:38:19 [INFO] RemoteDatabaseManager: API mode enabled — connecting via http://222.127.90.218
2026-04-28 13:38:20 [INFO] AutoUpdater: Silent updater: Checking for updates...
2026-04-28 13:38:20 [INFO] AutoUpdater: Silent update status: Checking for updates...
2026-04-28 13:38:21 [INFO] AutoUpdater: Silent updater: Already on latest version (1.0.0)
2026-04-28 13:38:21 [INFO] AutoUpdater: Silent update status: Already up to date
2026-04-28 13:38:26 [INFO] ping_monitor: PingMonitor started for test_admin_A (admin)
2026-04-28 13:50:21 [INFO] RemoteDatabaseManager: API mode enabled — connecting via http://222.127.90.218
2026-04-28 13:50:22 [INFO] AutoUpdater: Silent updater: Checking for updates...
2026-04-28 13:50:22 [INFO] AutoUpdater: Silent update status: Checking for updates...
2026-04-28 13:50:23 [INFO] AutoUpdater: Silent updater: Already on latest version (1.0.0)
2026-04-28 13:50:23 [INFO] AutoUpdater: Silent update status: Already up to date
2026-04-28 13:50:25 [INFO] ping_monitor: PingMonitor started for test_admin_A (admin)
2026-04-28 14:03:17 [INFO] RemoteDatabaseManager: API mode enabled — connecting via http://222.127.90.218
2026-04-28 14:03:18 [INFO] AutoUpdater: Silent updater: Checking for updates...
2026-04-28 14:03:18 [INFO] AutoUpdater: Silent update status: Checking for updates...
2026-04-28 14:03:19 [INFO] AutoUpdater: Silent updater: Already on latest version (1.0.0)
2026-04-28 14:03:19 [INFO] AutoUpdater: Silent update status: Already up to date
2026-04-28 14:03:22 [INFO] ping_monitor: PingMonitor started for test_admin_A (admin)
2026-04-28 14:08:15 [INFO] RemoteDatabaseManager: API mode enabled — connecting via http://222.127.90.218
2026-04-28 14:08:16 [INFO] AutoUpdater: Silent updater: Checking for updates...
2026-04-28 14:08:16 [INFO] AutoUpdater: Silent update status: Checking for updates...
2026-04-28 14:08:17 [INFO] AutoUpdater: Silent updater: Already on latest version (1.0.0)
2026-04-28 14:08:17 [INFO] AutoUpdater: Silent update status: Already up to date
2026-04-28 14:08:18 [INFO] ping_monitor: PingMonitor started for test_admin_A (admin)
2026-04-28 14:10:07 [INFO] RemoteDatabaseManager: API mode enabled — connecting via http://222.127.90.218
2026-04-28 14:10:08 [INFO] AutoUpdater: Silent updater: Checking for updates...
2026-04-28 14:10:08 [INFO] AutoUpdater: Silent update status: Checking for updates...
2026-04-28 14:10:09 [INFO] AutoUpdater: Silent updater: Already on latest version (1.0.0)
2026-04-28 14:10:09 [INFO] AutoUpdater: Silent update status: Already up to date
2026-04-28 14:10:11 [INFO] ping_monitor: PingMonitor started for test_admin_A (admin)
2026-04-28 14:58:56 [INFO] RemoteDatabaseManager: API mode enabled — connecting via http://222.127.90.218
2026-04-28 14:58:58 [INFO] AutoUpdater: Silent updater: Checking for updates...
2026-04-28 14:58:58 [INFO] AutoUpdater: Silent update status: Checking for updates...
2026-04-28 14:58:58 [INFO] AutoUpdater: Silent updater: Already on latest version (1.0.0)
2026-04-28 14:58:58 [INFO] AutoUpdater: Silent update status: Already up to date
2026-04-28 14:59:04 [INFO] ping_monitor: PingMonitor started for test_admin (admin)
2026-04-28 14:59:36 [INFO] login: Logout requested - returning to login screen
2026-04-28 14:59:36 [INFO] ping_monitor: PingMonitor stopped for test_admin
2026-04-28 14:59:45 [INFO] ping_monitor: PingMonitor started for CL-0381 (user)
2026-04-28 15:02:32 [INFO] login: Logout requested - returning to login screen
2026-04-28 15:02:32 [INFO] ping_monitor: PingMonitor stopped for CL-0381
2026-04-28 15:02:38 [INFO] ping_monitor: PingMonitor started for test_admin (admin)
2026-04-28 15:09:41 [INFO] login: Logout requested - returning to login screen
2026-04-28 15:09:41 [INFO] ping_monitor: PingMonitor stopped for test_admin
2026-04-28 15:09:51 [INFO] ping_monitor: PingMonitor started for CL-0381 (user)
2026-04-28 15:15:03 [INFO] login: Logout requested - returning to login screen
2026-04-28 15:15:03 [INFO] ping_monitor: PingMonitor stopped for CL-0381
2026-04-28 15:15:08 [INFO] ping_monitor: PingMonitor started for test_admin (admin)
2026-04-28 15:19:45 [INFO] RemoteDatabaseManager: API mode enabled — connecting via http://222.127.90.218
2026-04-28 15:19:46 [INFO] AutoUpdater: Silent updater: Checking for updates...
2026-04-28 15:19:46 [INFO] AutoUpdater: Silent update status: Checking for updates...
2026-04-28 15:19:46 [INFO] AutoUpdater: Silent updater: Already on latest version (1.0.0)
2026-04-28 15:19:46 [INFO] AutoUpdater: Silent update status: Already up to date
2026-04-28 15:19:49 [INFO] ping_monitor: PingMonitor started for test_admin (admin)
2026-04-28 15:20:47 [INFO] login: Logout requested - returning to login screen
2026-04-28 15:20:47 [INFO] ping_monitor: PingMonitor stopped for test_admin
2026-04-28 15:20:52 [INFO] ping_monitor: PingMonitor started for test_admin_A (admin)
2026-04-28 15:55:35 [INFO] login: Logout requested - returning to login screen
2026-04-28 15:55:35 [INFO] ping_monitor: PingMonitor stopped for test_admin_A
2026-04-28 15:55:39 [INFO] RemoteDatabaseManager: API mode enabled — connecting via http://222.127.90.218
2026-04-28 15:55:40 [INFO] AutoUpdater: Silent updater: Checking for updates...
2026-04-28 15:55:40 [INFO] AutoUpdater: Silent update status: Checking for updates...
2026-04-28 15:55:41 [INFO] AutoUpdater: Silent updater: Already on latest version (1.0.0)
2026-04-28 15:55:41 [INFO] AutoUpdater: Silent update status: Already up to date
2026-04-28 15:55:45 [INFO] ping_monitor: PingMonitor started for CL-0381 (user)
2026-04-28 15:56:10 [INFO] login: Logout requested - returning to login screen
2026-04-28 15:56:10 [INFO] ping_monitor: PingMonitor stopped for CL-0381
2026-04-28 15:56:15 [INFO] ping_monitor: PingMonitor started for test_admin (admin)
2026-04-28 16:14:13 [INFO] RemoteDatabaseManager: API mode enabled — connecting via http://222.127.90.218
2026-04-28 16:14:14 [INFO] AutoUpdater: Silent updater: Checking for updates...
2026-04-28 16:14:15 [INFO] AutoUpdater: Silent update status: Checking for updates...
2026-04-28 16:14:15 [INFO] AutoUpdater: Silent updater: Already on latest version (1.0.0)
2026-04-28 16:14:15 [INFO] AutoUpdater: Silent update status: Already up to date
2026-04-28 16:14:19 [INFO] ping_monitor: PingMonitor started for test_admin (admin)
2026-04-28 16:29:32 [INFO] RemoteDatabaseManager: API mode enabled — connecting via http://222.127.90.218
2026-04-28 16:29:33 [INFO] AutoUpdater: Silent updater: Checking for updates...
2026-04-28 16:29:33 [INFO] AutoUpdater: Silent update status: Checking for updates...
2026-04-28 16:29:34 [INFO] AutoUpdater: Silent updater: Already on latest version (1.0.0)
2026-04-28 16:29:34 [INFO] AutoUpdater: Silent update status: Already up to date
2026-04-28 16:29:37 [INFO] ping_monitor: PingMonitor started for test_admin (admin)
2026-04-29 08:27:04 [INFO] RemoteDatabaseManager: API mode enabled — connecting via http://222.127.90.218
2026-04-29 08:27:06 [INFO] AutoUpdater: Silent updater: Checking for updates...
2026-04-29 08:27:06 [INFO] AutoUpdater: Silent update status: Checking for updates...
2026-04-29 08:27:06 [INFO] AutoUpdater: Silent updater: Already on latest version (1.0.0)
2026-04-29 08:27:06 [INFO] AutoUpdater: Silent update status: Already up to date
2026-04-29 08:27:17 [INFO] ping_monitor: PingMonitor started for CL-0381 (user)
2026-04-29 08:30:13 [INFO] Client.palawan_details_tab: [PalawanDetailsTab] saved for branch=HEAD OFFICE date=2026-03-02
2026-04-29 08:30:25 [INFO] Client.client_dashboard: daily_reports_brand_a verified: Debit=10050.59, Credit=39.00, Ending=10011.59
2026-04-29 08:30:26 [INFO] Client.client_dashboard: daily_reports verified: Debit=959.06, Credit=92.00, Ending=867.06
2026-04-29 08:30:26 [INFO] Client.client_dashboard: Palawan details saved to payable_tbl_brand_a for Brand A
2026-04-29 08:30:26 [INFO] Client.client_dashboard: Palawan details saved to payable_tbl_brand_a for Brand B
2026-04-29 08:30:26 [INFO] Client.client_dashboard: Cash Float saved: 12.00
2026-04-29 08:30:30 [INFO] login: Logout requested - returning to login screen
2026-04-29 08:30:30 [INFO] ping_monitor: PingMonitor stopped for CL-0381
2026-04-29 08:30:38 [INFO] ping_monitor: PingMonitor started for test_admin (admin)
2026-04-29 08:34:35 [INFO] RemoteDatabaseManager: API mode enabled — connecting via http://222.127.90.218
2026-04-29 08:34:36 [INFO] AutoUpdater: Silent updater: Checking for updates...
2026-04-29 08:34:36 [INFO] AutoUpdater: Silent update status: Checking for updates...
2026-04-29 08:34:37 [INFO] AutoUpdater: Silent updater: Already on latest version (1.0.0)
2026-04-29 08:34:37 [INFO] AutoUpdater: Silent update status: Already up to date
2026-04-29 08:34:40 [INFO] ping_monitor: PingMonitor started for test_admin (admin)
2026-04-29 08:39:24 [INFO] RemoteDatabaseManager: API mode enabled — connecting via http://222.127.90.218
2026-04-29 08:39:25 [INFO] AutoUpdater: Silent updater: Checking for updates...
2026-04-29 08:39:25 [INFO] AutoUpdater: Silent update status: Checking for updates...
2026-04-29 08:39:26 [INFO] AutoUpdater: Silent updater: Already on latest version (1.0.0)
2026-04-29 08:39:26 [INFO] AutoUpdater: Silent update status: Already up to date
2026-04-29 08:39:28 [INFO] ping_monitor: PingMonitor started for test_admin (admin)
2026-04-29 08:41:30 [INFO] login: Logout requested - returning to login screen
2026-04-29 08:41:36 [INFO] ping_monitor: PingMonitor started for test_admin_A (admin)
2026-04-29 09:00:04 [INFO] RemoteDatabaseManager: API mode enabled — connecting via http://222.127.90.218
2026-04-29 09:00:05 [INFO] AutoUpdater: Silent updater: Checking for updates...
2026-04-29 09:00:05 [INFO] AutoUpdater: Silent update status: Checking for updates...
2026-04-29 09:00:06 [INFO] AutoUpdater: Silent updater: Already on latest version (1.0.0)
2026-04-29 09:00:06 [INFO] AutoUpdater: Silent update status: Already up to date
2026-04-29 09:00:08 [INFO] ping_monitor: PingMonitor started for test_admin_A (admin)
2026-04-29 09:07:58 [INFO] RemoteDatabaseManager: API mode enabled — connecting via http://222.127.90.218
2026-04-29 09:07:59 [INFO] AutoUpdater: Silent updater: Checking for updates...
2026-04-29 09:07:59 [INFO] AutoUpdater: Silent update status: Checking for updates...
2026-04-29 09:08:00 [INFO] AutoUpdater: Silent updater: Already on latest version (1.0.0)
2026-04-29 09:08:00 [INFO] AutoUpdater: Silent update status: Already up to date
2026-04-29 09:08:02 [INFO] ping_monitor: PingMonitor started for test_admin_A (admin)
2026-04-29 09:08:20 [INFO] login: Logout requested - returning to login screen
2026-04-29 09:08:20 [INFO] ping_monitor: PingMonitor stopped for test_admin_A
2026-04-29 09:08:26 [INFO] ping_monitor: PingMonitor started for CL-0381 (user)
2026-04-29 09:11:13 [INFO] Client.palawan_details_tab: [PalawanDetailsTab] saved for branch=HEAD OFFICE date=2026-03-04
2026-04-29 09:11:19 [INFO] Client.client_dashboard: daily_reports_brand_a verified: Debit=10095.18, Credit=39.00, Ending=10056.18
2026-04-29 09:11:19 [INFO] Client.client_dashboard: daily_reports verified: Debit=913.12, Credit=38.00, Ending=875.12
2026-04-29 09:11:19 [INFO] Client.client_dashboard: Palawan details saved to payable_tbl_brand_a for Brand A
2026-04-29 09:11:19 [INFO] Client.client_dashboard: Palawan details saved to payable_tbl_brand_a for Brand B
2026-04-29 09:11:19 [INFO] Client.client_dashboard: Cash Float saved: 100.00
2026-04-29 09:11:40 [INFO] login: Logout requested - returning to login screen
2026-04-29 09:11:40 [INFO] ping_monitor: PingMonitor stopped for CL-0381
2026-04-29 09:11:53 [INFO] ping_monitor: PingMonitor started for test_admin_A (admin)
2026-04-29 09:12:57 [INFO] login: Logout requested - returning to login screen
2026-04-29 09:12:57 [INFO] ping_monitor: PingMonitor stopped for test_admin_A
2026-04-29 09:13:02 [INFO] ping_monitor: PingMonitor started for test_admin (admin)
2026-04-29 09:18:26 [INFO] RemoteDatabaseManager: API mode enabled — connecting via http://222.127.90.218
2026-04-29 09:18:27 [INFO] AutoUpdater: Silent updater: Checking for updates...
2026-04-29 09:18:27 [INFO] AutoUpdater: Silent update status: Checking for updates...
2026-04-29 09:18:28 [INFO] AutoUpdater: Silent updater: Already on latest version (1.0.0)
2026-04-29 09:18:28 [INFO] AutoUpdater: Silent update status: Already up to date
2026-04-29 09:18:30 [INFO] ping_monitor: PingMonitor started for test_admin (admin)
2026-04-29 09:20:52 [INFO] login: Logout requested - returning to login screen
2026-04-29 09:20:52 [INFO] ping_monitor: PingMonitor stopped for test_admin
2026-04-29 09:20:56 [INFO] ping_monitor: PingMonitor started for test_admin_A (admin)
2026-05-01 09:43:52 [INFO] RemoteDatabaseManager: API mode enabled — connecting via http://222.127.90.218
2026-05-01 09:43:54 [INFO] AutoUpdater: Silent updater: Checking for updates...
2026-05-01 09:43:54 [INFO] AutoUpdater: Silent update status: Checking for updates...
2026-05-01 09:43:55 [INFO] AutoUpdater: Silent updater: Already on latest version (1.0.0)
2026-05-01 09:43:55 [INFO] AutoUpdater: Silent update status: Already up to date
2026-05-01 09:51:26 [INFO] RemoteDatabaseManager: API mode enabled — connecting via http://222.127.90.218
2026-05-01 09:51:26 [INFO] AutoUpdater: Silent updater: Checking for updates...
2026-05-01 09:51:26 [INFO] AutoUpdater: Silent update status: Checking for updates...
2026-05-01 09:51:27 [INFO] AutoUpdater: Silent updater: Already on latest version (1.0.0)
2026-05-01 09:51:27 [INFO] AutoUpdater: Silent update status: Already up to date
2026-05-01 09:55:49 [INFO] RemoteDatabaseManager: API mode enabled — connecting via http://222.127.90.218
2026-05-01 09:55:50 [INFO] AutoUpdater: Silent updater: Checking for updates...
2026-05-01 09:55:50 [INFO] AutoUpdater: Silent update status: Checking for updates...
2026-05-01 09:55:51 [INFO] AutoUpdater: Silent updater: Already on latest version (1.0.0)
2026-05-01 09:55:51 [INFO] AutoUpdater: Silent update status: Already up to date
2026-05-01 10:00:29 [INFO] RemoteDatabaseManager: API mode enabled — connecting via http://222.127.90.218
2026-05-01 10:00:30 [INFO] AutoUpdater: Silent updater: Checking for updates...
2026-05-01 10:00:30 [INFO] AutoUpdater: Silent update status: Checking for updates...
2026-05-01 10:00:31 [INFO] AutoUpdater: Silent updater: Already on latest version (1.0.0)
2026-05-01 10:00:31 [INFO] AutoUpdater: Silent update status: Already up to date
2026-05-01 10:10:29 [INFO] RemoteDatabaseManager: API mode enabled — connecting via http://222.127.90.218
2026-05-01 10:10:30 [INFO] AutoUpdater: Silent updater: Checking for updates...
2026-05-01 10:10:30 [INFO] AutoUpdater: Silent update status: Checking for updates...
2026-05-01 10:10:31 [INFO] AutoUpdater: Silent updater: Already on latest version (1.0.0)
2026-05-01 10:10:31 [INFO] AutoUpdater: Silent update status: Already up to date
2026-05-01 10:10:34 [INFO] ping_monitor: PingMonitor started for test_admin_A (admin)
2026-05-01 11:00:27 [INFO] RemoteDatabaseManager: API mode enabled — connecting via http://222.127.90.218
2026-05-01 11:00:28 [INFO] AutoUpdater: Silent updater: Checking for updates...
2026-05-01 11:00:28 [INFO] AutoUpdater: Silent update status: Checking for updates...
2026-05-01 11:00:29 [INFO] AutoUpdater: Silent updater: Already on latest version (1.0.0)
2026-05-01 11:00:29 [INFO] AutoUpdater: Silent update status: Already up to date
2026-05-01 11:02:55 [INFO] ping_monitor: PingMonitor started for test_admin (admin)
2026-05-01 11:04:10 [INFO] login: Logout requested - returning to login screen
2026-05-01 11:04:17 [INFO] ping_monitor: PingMonitor started for test_admin (admin)
2026-05-01 11:04:37 [INFO] login: Logout requested - returning to login screen
2026-05-01 11:04:37 [INFO] ping_monitor: PingMonitor stopped for test_admin
2026-05-01 11:04:44 [INFO] ping_monitor: PingMonitor started for test_admin_A (admin)
2026-05-01 11:44:00 [INFO] login: Logout requested - returning to login screen
2026-05-01 11:44:00 [ERROR] RemoteDatabaseManager: Token refresh failed: 401 {"detail":"Invalid API key"}
2026-05-01 11:44:00 [INFO] ping_monitor: PingMonitor stopped for test_admin_A
2026-05-01 11:44:03 [ERROR] RemoteDatabaseManager: Token refresh failed: 401 {"detail":"Invalid API key"}
2026-05-01 11:44:03 [ERROR] RemoteDatabaseManager: execute_query error: Could not obtain API token
2026-05-01 11:44:03 [ERROR] RemoteDatabaseManager: Token refresh failed: 401 {"detail":"Invalid API key"}
2026-05-01 11:44:03 [ERROR] RemoteDatabaseManager: execute_query error: Could not obtain API token
2026-05-01 11:44:03 [ERROR] RemoteDatabaseManager: Token refresh failed: 401 {"detail":"Invalid API key"}
2026-05-01 11:44:03 [ERROR] RemoteDatabaseManager: execute_query error: Could not obtain API token
2026-05-01 11:44:06 [ERROR] RemoteDatabaseManager: Token refresh failed: 401 {"detail":"Invalid API key"}
2026-05-01 11:44:06 [ERROR] RemoteDatabaseManager: execute_query error: Could not obtain API token
2026-05-01 11:44:06 [ERROR] RemoteDatabaseManager: Token refresh failed: 401 {"detail":"Invalid API key"}
2026-05-01 11:44:06 [ERROR] RemoteDatabaseManager: execute_query error: Could not obtain API token
2026-05-01 11:44:06 [ERROR] RemoteDatabaseManager: Token refresh failed: 401 {"detail":"Invalid API key"}
2026-05-01 11:44:06 [ERROR] RemoteDatabaseManager: execute_query error: Could not obtain API token
2026-05-01 11:44:13 [INFO] RemoteDatabaseManager: API mode enabled — connecting via http://222.127.90.218
2026-05-01 11:44:14 [INFO] AutoUpdater: Silent updater: Checking for updates...
2026-05-01 11:44:14 [INFO] AutoUpdater: Silent update status: Checking for updates...
2026-05-01 11:44:15 [INFO] AutoUpdater: Silent updater: Already on latest version (1.0.0)
2026-05-01 11:44:15 [INFO] AutoUpdater: Silent update status: Already up to date
2026-05-01 11:44:16 [ERROR] RemoteDatabaseManager: Token refresh failed: 401 {"detail":"Invalid API key"}
2026-05-01 11:44:16 [ERROR] RemoteDatabaseManager: execute_query error: Could not obtain API token
2026-05-01 11:44:16 [ERROR] RemoteDatabaseManager: Token refresh failed: 401 {"detail":"Invalid API key"}
2026-05-01 11:44:16 [ERROR] RemoteDatabaseManager: execute_query error: Could not obtain API token
2026-05-01 11:44:16 [ERROR] RemoteDatabaseManager: Token refresh failed: 401 {"detail":"Invalid API key"}
2026-05-01 11:44:16 [ERROR] RemoteDatabaseManager: execute_query error: Could not obtain API token
2026-05-01 11:44:16 [ERROR] RemoteDatabaseManager: Token refresh failed: 401 {"detail":"Invalid API key"}
2026-05-01 11:44:16 [ERROR] RemoteDatabaseManager: execute_query error: Could not obtain API token
2026-05-01 11:44:31 [CRITICAL] __main__: Uncaught exception:
Traceback (most recent call last):
  File "C:\Users\Admin\Operation-Report-System\login.py", line 703, in closeEvent
    def closeEvent(self, event):
    
KeyboardInterrupt

2026-05-01 11:44:48 [INFO] RemoteDatabaseManager: API mode enabled — connecting via http://222.127.90.218
2026-05-01 11:44:49 [INFO] AutoUpdater: Silent updater: Checking for updates...
2026-05-01 11:44:49 [INFO] AutoUpdater: Silent update status: Checking for updates...
2026-05-01 11:44:49 [INFO] AutoUpdater: Silent updater: Already on latest version (1.0.0)
2026-05-01 11:44:49 [INFO] AutoUpdater: Silent update status: Already up to date
2026-05-01 11:44:52 [INFO] ping_monitor: PingMonitor started for test_admin_A (admin)
2026-05-01 11:48:39 [INFO] RemoteDatabaseManager: API mode enabled — connecting via http://222.127.90.218
2026-05-01 11:48:40 [INFO] AutoUpdater: Silent updater: Checking for updates...
2026-05-01 11:48:40 [INFO] AutoUpdater: Silent update status: Checking for updates...
2026-05-01 11:48:40 [INFO] AutoUpdater: Silent updater: Already on latest version (1.0.0)
2026-05-01 11:48:40 [INFO] AutoUpdater: Silent update status: Already up to date
2026-05-01 11:48:43 [INFO] ping_monitor: PingMonitor started for test_admin_A (admin)
2026-05-01 11:51:56 [INFO] RemoteDatabaseManager: API mode enabled — connecting via http://222.127.90.218
2026-05-01 11:51:57 [INFO] AutoUpdater: Silent updater: Checking for updates...
2026-05-01 11:51:57 [INFO] AutoUpdater: Silent update status: Checking for updates...
2026-05-01 11:51:57 [INFO] AutoUpdater: Silent updater: Already on latest version (1.0.0)
2026-05-01 11:51:57 [INFO] AutoUpdater: Silent update status: Already up to date
2026-05-01 11:51:59 [ERROR] RemoteDatabaseManager: Token refresh failed: 401 {"detail":"Invalid API key"}
2026-05-01 11:51:59 [ERROR] RemoteDatabaseManager: execute_query error: Could not obtain API token
2026-05-01 11:51:59 [ERROR] RemoteDatabaseManager: Token refresh failed: 401 {"detail":"Invalid API key"}
2026-05-01 11:51:59 [ERROR] RemoteDatabaseManager: execute_query error: Could not obtain API token
2026-05-01 11:51:59 [ERROR] RemoteDatabaseManager: Token refresh failed: 401 {"detail":"Invalid API key"}
2026-05-01 11:51:59 [ERROR] RemoteDatabaseManager: execute_query error: Could not obtain API token
2026-05-01 11:51:59 [ERROR] RemoteDatabaseManager: Token refresh failed: 401 {"detail":"Invalid API key"}
2026-05-01 11:51:59 [ERROR] RemoteDatabaseManager: execute_query error: Could not obtain API token
2026-05-01 11:54:03 [INFO] RemoteDatabaseManager: API mode enabled — connecting via http://222.127.90.218
2026-05-01 11:54:04 [INFO] AutoUpdater: Silent updater: Checking for updates...
2026-05-01 11:54:04 [INFO] AutoUpdater: Silent update status: Checking for updates...
2026-05-01 11:54:04 [INFO] AutoUpdater: Silent updater: Already on latest version (1.0.0)
2026-05-01 11:54:04 [INFO] AutoUpdater: Silent update status: Already up to date
2026-05-01 11:54:04 [ERROR] RemoteDatabaseManager: Token refresh failed: 401 {"detail":"Invalid API key"}
2026-05-01 11:54:04 [ERROR] RemoteDatabaseManager: execute_query error: Could not obtain API token
2026-05-01 11:54:05 [ERROR] RemoteDatabaseManager: Token refresh failed: 401 {"detail":"Invalid API key"}
2026-05-01 11:54:05 [ERROR] RemoteDatabaseManager: execute_query error: Could not obtain API token
2026-05-01 11:54:05 [ERROR] RemoteDatabaseManager: Token refresh failed: 401 {"detail":"Invalid API key"}
2026-05-01 11:54:05 [ERROR] RemoteDatabaseManager: execute_query error: Could not obtain API token
2026-05-01 11:54:05 [ERROR] RemoteDatabaseManager: Token refresh failed: 401 {"detail":"Invalid API key"}
2026-05-01 11:54:05 [ERROR] RemoteDatabaseManager: execute_query error: Could not obtain API token
2026-05-01 11:55:18 [CRITICAL] __main__: Uncaught exception:
Traceback (most recent call last):
  File "C:\Users\Admin\Operation-Report-System\login.py", line 703, in closeEvent
    def closeEvent(self, event):
    
KeyboardInterrupt

2026-05-01 11:55:22 [INFO] RemoteDatabaseManager: API mode enabled — connecting via http://222.127.90.218
2026-05-01 11:55:23 [INFO] AutoUpdater: Silent updater: Checking for updates...
2026-05-01 11:55:23 [INFO] AutoUpdater: Silent update status: Checking for updates...
2026-05-01 11:55:23 [INFO] AutoUpdater: Silent updater: Already on latest version (1.0.0)
2026-05-01 11:55:23 [INFO] AutoUpdater: Silent update status: Already up to date
2026-05-01 11:55:25 [INFO] ping_monitor: PingMonitor started for test_admin_A (admin)
2026-05-01 11:55:39 [INFO] RemoteDatabaseManager: API mode enabled — connecting via http://222.127.90.218
2026-05-01 11:55:40 [INFO] AutoUpdater: Silent updater: Checking for updates...
2026-05-01 11:55:40 [INFO] AutoUpdater: Silent update status: Checking for updates...
2026-05-01 11:55:40 [INFO] AutoUpdater: Silent updater: Already on latest version (1.0.0)
2026-05-01 11:55:40 [INFO] AutoUpdater: Silent update status: Already up to date
2026-05-01 11:56:00 [INFO] ping_monitor: PingMonitor started for CL-0381 (user)
2026-05-01 11:59:10 [INFO] login: Logout requested - returning to login screen
2026-05-01 11:59:10 [INFO] ping_monitor: PingMonitor stopped for CL-0381
2026-05-01 11:59:37 [INFO] RemoteDatabaseManager: API mode enabled — connecting via http://222.127.90.218
2026-05-01 11:59:38 [INFO] AutoUpdater: Silent updater: Checking for updates...
2026-05-01 11:59:38 [INFO] AutoUpdater: Silent update status: Checking for updates...
2026-05-01 11:59:39 [INFO] AutoUpdater: Silent updater: Already on latest version (1.0.0)
2026-05-01 11:59:39 [INFO] AutoUpdater: Silent update status: Already up to date
2026-05-01 11:59:43 [INFO] ping_monitor: PingMonitor started for CL-0381 (user)
2026-05-01 12:29:17 [INFO] RemoteDatabaseManager: API mode enabled — connecting via http://222.127.90.218
2026-05-01 12:29:18 [INFO] AutoUpdater: Silent updater: Checking for updates...
2026-05-01 12:29:18 [INFO] AutoUpdater: Silent update status: Checking for updates...
2026-05-01 12:29:19 [INFO] AutoUpdater: Silent updater: Already on latest version (1.0.0)
2026-05-01 12:29:19 [INFO] AutoUpdater: Silent update status: Already up to date
2026-05-04 08:19:10 [INFO] RemoteDatabaseManager: API mode enabled — connecting via http://222.127.90.218
2026-05-04 08:19:12 [INFO] AutoUpdater: Silent updater: Checking for updates...
2026-05-04 08:19:12 [INFO] AutoUpdater: Silent update status: Checking for updates...
2026-05-04 08:19:12 [INFO] AutoUpdater: Silent updater: Already on latest version (1.0.0)
2026-05-04 08:19:12 [INFO] AutoUpdater: Silent update status: Already up to date
2026-05-04 08:19:14 [INFO] ping_monitor: PingMonitor started for CL-0381 (user)
2026-05-04 08:25:42 [INFO] APIDbManager: API token obtained from http://222.127.90.218
2026-05-04 08:25:43 [INFO] RemoteDatabaseManager: API mode enabled — connecting via http://222.127.90.218
2026-05-04 08:25:43 [INFO] AutoUpdater: Silent updater: Checking for updates...
2026-05-04 08:25:43 [INFO] AutoUpdater: Silent update status: Checking for updates...
2026-05-04 08:25:44 [INFO] AutoUpdater: Silent updater: Already on latest version (1.0.0)
2026-05-04 08:25:44 [INFO] AutoUpdater: Silent update status: Already up to date
2026-05-04 08:25:44 [INFO] ping_monitor: PingMonitor started for CL-0381 (user)
2026-05-04 08:25:45 [INFO] APIDbManager: API token obtained from http://222.127.90.218
2026-05-04 08:26:10 [INFO] Client.client_dashboard: daily_reports_brand_a verified: Debit=9862.77, Credit=0.00, Ending=9862.77
2026-05-04 08:26:10 [INFO] Client.client_dashboard: daily_reports verified: Debit=1032.12, Credit=0.00, Ending=1032.12
2026-05-04 08:26:11 [INFO] Client.client_dashboard: Palawan details saved to payable_tbl_brand_a for Brand A
2026-05-04 08:26:11 [INFO] Client.client_dashboard: Palawan details saved to payable_tbl_brand_a for Brand B
2026-05-04 08:26:11 [INFO] Client.client_dashboard: Cash Float saved: 0.00
2026-05-04 08:48:06 [INFO] RemoteDatabaseManager: API mode enabled — connecting via http://222.127.90.218
2026-05-04 08:48:14 [INFO] RemoteDatabaseManager: API mode enabled — connecting via http://222.127.90.218
2026-05-04 08:48:14 [INFO] AutoUpdater: Silent updater: Checking for updates...
2026-05-04 08:48:14 [INFO] AutoUpdater: Silent update status: Checking for updates...
2026-05-04 08:48:15 [INFO] AutoUpdater: Silent updater: Already on latest version (1.0.0)
2026-05-04 08:48:15 [INFO] AutoUpdater: Silent update status: Already up to date
2026-05-04 08:48:16 [INFO] ping_monitor: PingMonitor started for CL-0381 (user)
2026-05-04 08:48:17 [INFO] APIDbManager: API token obtained from http://222.127.90.218
2026-05-04 08:48:45 [INFO] Client.client_dashboard: daily_reports_brand_a verified: Debit=9862.77, Credit=0.00, Ending=9862.77
2026-05-04 08:48:45 [INFO] Client.client_dashboard: daily_reports verified: Debit=1035.12, Credit=0.00, Ending=1035.12
2026-05-04 08:48:45 [INFO] Client.client_dashboard: Palawan details saved to payable_tbl_brand_a for Brand A
2026-05-04 08:48:45 [INFO] Client.client_dashboard: Palawan details saved to payable_tbl_brand_a for Brand B
2026-05-04 08:48:45 [INFO] Client.client_dashboard: Cash Float saved: 0.00
2026-05-04 09:02:17 [CRITICAL] __main__: Uncaught exception:
Traceback (most recent call last):
  File "C:\Users\Admin\Operation-Report-System\Client\client_dashboard.py", line 2060, in _check_session_timeout
    def _check_session_timeout(self):
    
KeyboardInterrupt

2026-05-04 09:02:53 [INFO] RemoteDatabaseManager: API mode enabled — connecting via http://222.127.90.218
2026-05-04 09:02:54 [INFO] AutoUpdater: Silent updater: Checking for updates...
2026-05-04 09:02:54 [INFO] AutoUpdater: Silent update status: Checking for updates...
2026-05-04 09:02:54 [INFO] AutoUpdater: Silent updater: Already on latest version (1.0.0)
2026-05-04 09:02:54 [INFO] AutoUpdater: Silent update status: Already up to date
2026-05-04 09:02:55 [ERROR] RemoteDatabaseManager: Token refresh failed: 422 {"detail":[{"type":"string_type","loc":["body","api_key"],"msg":"Input should be a valid string","input":null}]}
2026-05-04 09:02:55 [ERROR] RemoteDatabaseManager: execute_query error: Could not obtain API token
2026-05-04 09:02:55 [ERROR] RemoteDatabaseManager: Token refresh failed: 422 {"detail":[{"type":"string_type","loc":["body","api_key"],"msg":"Input should be a valid string","input":null}]}
2026-05-04 09:02:55 [ERROR] RemoteDatabaseManager: execute_query error: Could not obtain API token
2026-05-04 09:02:55 [ERROR] RemoteDatabaseManager: Token refresh failed: 422 {"detail":[{"type":"string_type","loc":["body","api_key"],"msg":"Input should be a valid string","input":null}]}
2026-05-04 09:02:55 [ERROR] RemoteDatabaseManager: execute_query error: Could not obtain API token
2026-05-04 09:02:55 [ERROR] RemoteDatabaseManager: Token refresh failed: 422 {"detail":[{"type":"string_type","loc":["body","api_key"],"msg":"Input should be a valid string","input":null}]}
2026-05-04 09:02:55 [ERROR] RemoteDatabaseManager: execute_query error: Could not obtain API token
2026-05-04 09:04:36 [INFO] RemoteDatabaseManager: API mode enabled — connecting via http://222.127.90.218
2026-05-04 09:04:36 [INFO] AutoUpdater: Silent updater: Checking for updates...
2026-05-04 09:04:36 [INFO] AutoUpdater: Silent update status: Checking for updates...
2026-05-04 09:04:37 [INFO] AutoUpdater: Silent updater: Already on latest version (1.0.0)
2026-05-04 09:04:37 [INFO] AutoUpdater: Silent update status: Already up to date
2026-05-04 09:04:38 [INFO] ping_monitor: PingMonitor started for CL-0381 (user)
2026-05-04 09:04:39 [INFO] APIDbManager: API token obtained from http://222.127.90.218
2026-05-04 09:04:47 [INFO] login: Logout requested - returning to login screen
2026-05-04 09:04:47 [INFO] ping_monitor: PingMonitor stopped for CL-0381
2026-05-04 09:04:54 [INFO] APIDbManager: API token obtained from http://222.127.90.218
2026-05-04 09:04:55 [INFO] ping_monitor: PingMonitor started for test_admin (admin)
2026-05-04 09:43:21 [INFO] login: Logout requested - returning to login screen
2026-05-04 09:43:21 [INFO] ping_monitor: PingMonitor stopped for test_admin
2026-05-04 14:31:21 [INFO] RemoteDatabaseManager: API mode enabled — connecting via http://222.127.90.218
2026-05-04 14:31:22 [INFO] AutoUpdater: Silent updater: Checking for updates...
2026-05-04 14:31:22 [INFO] AutoUpdater: Silent update status: Checking for updates...
2026-05-04 14:31:23 [INFO] AutoUpdater: Silent updater: Already on latest version (1.0.0)
2026-05-04 14:31:23 [INFO] AutoUpdater: Silent update status: Already up to date
2026-05-05 16:28:26 [INFO] RemoteDatabaseManager: API mode enabled — connecting via http://222.127.90.218
2026-05-05 16:28:32 [INFO] AutoUpdater: Silent updater: Checking for updates...
2026-05-05 16:28:32 [INFO] AutoUpdater: Silent update status: Checking for updates...
2026-05-05 16:28:33 [INFO] AutoUpdater: Silent updater: Already on latest version (1.0.0)
2026-05-05 16:28:33 [INFO] AutoUpdater: Silent update status: Already up to date
2026-05-05 16:34:52 [INFO] RemoteDatabaseManager: API mode enabled — connecting via http://222.127.90.218
2026-05-05 16:34:57 [INFO] AutoUpdater: Silent updater: Checking for updates...
2026-05-05 16:34:57 [INFO] AutoUpdater: Silent update status: Checking for updates...
2026-05-05 16:34:58 [INFO] AutoUpdater: Silent updater: Already on latest version (1.0.0)
2026-05-05 16:34:58 [INFO] AutoUpdater: Silent update status: Already up to date
2026-05-06 14:09:17 [INFO] RemoteDatabaseManager: API mode enabled — connecting via http://222.127.90.218
2026-05-06 14:09:18 [INFO] AutoUpdater: Silent updater: Checking for updates...
2026-05-06 14:09:18 [INFO] AutoUpdater: Silent update status: Checking for updates...
2026-05-06 14:09:18 [INFO] AutoUpdater: Silent updater: Already on latest version (1.0.0)
2026-05-06 14:09:18 [INFO] AutoUpdater: Silent update status: Already up to date
2026-05-06 14:10:11 [INFO] RemoteDatabaseManager: API mode enabled — connecting via http://222.127.90.218
2026-05-06 14:10:11 [INFO] AutoUpdater: Silent updater: Checking for updates...
2026-05-06 14:10:11 [INFO] AutoUpdater: Silent update status: Checking for updates...
2026-05-06 14:10:12 [INFO] AutoUpdater: Silent updater: Already on latest version (1.0.0)
2026-05-06 14:10:12 [INFO] AutoUpdater: Silent update status: Already up to date
2026-05-06 15:07:48 [INFO] RemoteDatabaseManager: API mode enabled — connecting via http://222.127.90.218
2026-05-06 15:07:49 [INFO] AutoUpdater: Silent updater: Checking for updates...
2026-05-06 15:07:49 [INFO] AutoUpdater: Silent update status: Checking for updates...
2026-05-06 15:07:50 [INFO] AutoUpdater: Silent updater: Already on latest version (1.0.0)
2026-05-06 15:07:50 [INFO] AutoUpdater: Silent update status: Already up to date
2026-05-06 15:07:50 [ERROR] RemoteDatabaseManager: Token refresh failed: 401 {"detail":"Invalid API key"}
2026-05-06 15:07:50 [ERROR] RemoteDatabaseManager: execute_query error: Could not obtain API token
2026-05-06 15:07:50 [ERROR] RemoteDatabaseManager: Token refresh failed: 401 {"detail":"Invalid API key"}
2026-05-06 15:07:50 [ERROR] RemoteDatabaseManager: execute_query error: Could not obtain API token
2026-05-06 15:07:50 [ERROR] RemoteDatabaseManager: Token refresh failed: 401 {"detail":"Invalid API key"}
2026-05-06 15:07:50 [ERROR] RemoteDatabaseManager: execute_query error: Could not obtain API token
2026-05-06 15:07:50 [ERROR] RemoteDatabaseManager: Token refresh failed: 401 {"detail":"Invalid API key"}
2026-05-06 15:07:50 [ERROR] RemoteDatabaseManager: execute_query error: Could not obtain API token
2026-05-06 15:09:23 [INFO] RemoteDatabaseManager: API mode enabled — connecting via http://222.127.90.218
2026-05-06 15:09:24 [INFO] AutoUpdater: Silent updater: Checking for updates...
2026-05-06 15:09:24 [INFO] AutoUpdater: Silent update status: Checking for updates...
2026-05-06 15:09:24 [INFO] AutoUpdater: Silent updater: Already on latest version (1.0.0)
2026-05-06 15:09:24 [INFO] AutoUpdater: Silent update status: Already up to date
2026-05-06 15:09:28 [INFO] APIDbManager: API token obtained from http://222.127.90.218
2026-05-06 15:09:28 [INFO] ping_monitor: PingMonitor started for test_admin (admin)
2026-05-06 15:13:42 [INFO] RemoteDatabaseManager: API mode enabled — connecting via http://222.127.90.218
2026-05-06 15:13:42 [INFO] AutoUpdater: Silent updater: Checking for updates...
2026-05-06 15:13:43 [INFO] AutoUpdater: Silent update status: Checking for updates...
2026-05-06 15:13:43 [INFO] AutoUpdater: Silent updater: Already on latest version (1.0.0)
2026-05-06 15:13:43 [INFO] AutoUpdater: Silent update status: Already up to date
2026-05-06 15:13:45 [INFO] APIDbManager: API token obtained from http://222.127.90.218
2026-05-06 15:13:45 [INFO] ping_monitor: PingMonitor started for test_admin (admin)
2026-05-06 16:22:40 [INFO] RemoteDatabaseManager: API mode enabled — connecting via http://222.127.90.218
2026-05-06 16:22:41 [INFO] AutoUpdater: Silent updater: Checking for updates...
2026-05-06 16:22:41 [INFO] AutoUpdater: Silent update status: Checking for updates...
2026-05-06 16:22:42 [INFO] AutoUpdater: Silent updater: Already on latest version (1.0.0)
2026-05-06 16:22:42 [INFO] AutoUpdater: Silent update status: Already up to date
2026-05-06 16:22:45 [INFO] APIDbManager: API token obtained from http://222.127.90.218
2026-05-06 16:22:45 [INFO] ping_monitor: PingMonitor started for test_admin (admin)
2026-05-06 16:31:50 [INFO] RemoteDatabaseManager: API mode enabled — connecting via http://222.127.90.218
2026-05-06 16:31:51 [INFO] AutoUpdater: Silent updater: Checking for updates...
2026-05-06 16:31:51 [INFO] AutoUpdater: Silent update status: Checking for updates...
2026-05-06 16:31:52 [INFO] AutoUpdater: Silent updater: Already on latest version (1.0.0)
2026-05-06 16:31:52 [INFO] AutoUpdater: Silent update status: Already up to date
2026-05-06 16:31:53 [INFO] APIDbManager: API token obtained from http://222.127.90.218
2026-05-06 16:31:53 [INFO] ping_monitor: PingMonitor started for test_admin (admin)
2026-05-06 16:46:01 [INFO] RemoteDatabaseManager: API mode enabled — connecting via http://222.127.90.218
2026-05-06 16:46:02 [INFO] AutoUpdater: Silent updater: Checking for updates...
2026-05-06 16:46:02 [INFO] AutoUpdater: Silent update status: Checking for updates...
2026-05-06 16:46:03 [INFO] AutoUpdater: Silent updater: Already on latest version (1.0.0)
2026-05-06 16:46:03 [INFO] AutoUpdater: Silent update status: Already up to date
2026-05-06 16:46:05 [INFO] APIDbManager: API token obtained from http://222.127.90.218
2026-05-06 16:46:05 [INFO] ping_monitor: PingMonitor started for test_admin (admin)
2026-05-09 10:11:47 [INFO] RemoteDatabaseManager: API mode enabled — connecting via http://222.127.90.218
2026-05-09 10:11:48 [INFO] AutoUpdater: Silent updater: Checking for updates...
2026-05-09 10:11:48 [INFO] AutoUpdater: Silent update status: Checking for updates...
2026-05-09 10:11:49 [INFO] AutoUpdater: Silent updater: Already on latest version (1.0.0)
2026-05-09 10:11:49 [INFO] AutoUpdater: Silent update status: Already up to date
2026-05-09 10:11:54 [INFO] APIDbManager: API token obtained from http://222.127.90.218
2026-05-09 10:11:55 [INFO] ping_monitor: PingMonitor started for test_admin (admin)
2026-05-09 10:12:27 [INFO] RemoteDatabaseManager: API mode enabled — connecting via http://222.127.90.218
2026-05-09 10:12:27 [INFO] AutoUpdater: Silent updater: Checking for updates...
2026-05-09 10:12:27 [INFO] AutoUpdater: Silent update status: Checking for updates...
2026-05-09 10:12:28 [INFO] AutoUpdater: Silent updater: Already on latest version (1.0.0)
2026-05-09 10:12:28 [INFO] AutoUpdater: Silent update status: Already up to date
2026-05-09 10:12:29 [INFO] APIDbManager: API token obtained from http://222.127.90.218
2026-05-09 10:12:31 [INFO] ping_monitor: PingMonitor started for test_admin (admin)
2026-05-09 10:12:32 [INFO] login: Logout requested - returning to login screen
2026-05-09 10:12:32 [INFO] ping_monitor: PingMonitor stopped for test_admin
2026-05-09 10:12:42 [INFO] ping_monitor: PingMonitor started for CL-0381 (user)
2026-05-09 10:12:42 [INFO] APIDbManager: API token obtained from http://222.127.90.218
2026-05-12 08:00:10 [INFO] RemoteDatabaseManager: API mode enabled — connecting via http://222.127.90.218
2026-05-12 08:00:11 [INFO] AutoUpdater: Silent updater: Checking for updates...
2026-05-12 08:00:11 [INFO] AutoUpdater: Silent update status: Checking for updates...
2026-05-12 08:00:12 [INFO] AutoUpdater: Silent updater: Already on latest version (1.0.0)
2026-05-12 08:00:12 [INFO] AutoUpdater: Silent update status: Already up to date
2026-05-12 08:00:14 [INFO] ping_monitor: PingMonitor started for CL-0381 (user)
2026-05-12 08:00:15 [INFO] APIDbManager: API token obtained from http://222.127.90.218
2026-05-12 08:26:09 [INFO] RemoteDatabaseManager: API mode enabled — connecting via http://222.127.90.218
2026-05-12 08:26:10 [INFO] AutoUpdater: Silent updater: Checking for updates...
2026-05-12 08:26:10 [INFO] AutoUpdater: Silent update status: Checking for updates...
2026-05-12 08:26:10 [INFO] AutoUpdater: Silent updater: Already on latest version (1.0.0)
2026-05-12 08:26:10 [INFO] AutoUpdater: Silent update status: Already up to date
2026-05-12 08:26:13 [INFO] ping_monitor: PingMonitor started for CL-0381 (user)
2026-05-12 08:37:05 [INFO] APIDbManager: API token obtained from http://222.127.90.218
2026-05-12 16:18:32 [INFO] RemoteDatabaseManager: API mode enabled — connecting via http://222.127.90.218
2026-05-12 16:18:33 [INFO] AutoUpdater: Silent updater: Checking for updates...
2026-05-12 16:18:33 [INFO] AutoUpdater: Silent update status: Checking for updates...
2026-05-12 16:18:34 [INFO] AutoUpdater: Silent updater: Already on latest version (1.0.0)
2026-05-12 16:18:34 [INFO] AutoUpdater: Silent update status: Already up to date
2026-05-12 16:18:39 [INFO] APIDbManager: API token obtained from http://222.127.90.218
2026-05-12 16:18:40 [INFO] ping_monitor: PingMonitor started for test_admin_A (admin)
2026-05-13 13:48:08 [INFO] RemoteDatabaseManager: API mode enabled — connecting via http://222.127.90.218
2026-05-13 13:48:09 [INFO] AutoUpdater: Silent updater: Checking for updates...
2026-05-13 13:48:09 [INFO] AutoUpdater: Silent update status: Checking for updates...
2026-05-13 13:48:10 [INFO] AutoUpdater: Silent updater: Already on latest version (1.0.0)
2026-05-13 13:48:10 [INFO] AutoUpdater: Silent update status: Already up to date
2026-05-13 13:48:11 [INFO] APIDbManager: API token obtained from http://222.127.90.218
2026-05-13 13:48:12 [INFO] ping_monitor: PingMonitor started for test_admin_A (admin)
2026-05-13 13:49:23 [INFO] login: Logout requested - returning to login screen
2026-05-13 13:49:23 [INFO] ping_monitor: PingMonitor stopped for test_admin_A
2026-05-13 13:49:41 [INFO] ping_monitor: PingMonitor started for CL-0056 (user)
2026-05-13 13:49:41 [INFO] APIDbManager: API token obtained from http://222.127.90.218
2026-05-13 13:49:46 [ERROR] Client.client_dashboard: [_restore_palawan_tab] invalid literal for int() with base 10: '0.00'
2026-05-13 13:52:38 [INFO] Client.client_dashboard: daily_reports_brand_a verified: Debit=191858.00, Credit=15392.25, Ending=176465.75
2026-05-13 13:52:38 [INFO] Client.client_dashboard: daily_reports verified: Debit=92882.00, Credit=5772.25, Ending=87109.75
2026-05-13 13:52:38 [INFO] Client.client_dashboard: Palawan details saved to payable_tbl_brand_a for Brand A
2026-05-13 13:52:38 [INFO] Client.client_dashboard: Palawan details saved to payable_tbl_brand_a for Brand B
2026-05-13 13:52:38 [INFO] Client.client_dashboard: Cash Float saved: 0.00
2026-05-13 13:52:39 [ERROR] Client.client_dashboard: [_restore_palawan_tab] invalid literal for int() with base 10: '0.00'
2026-05-13 13:52:42 [INFO] login: Logout requested - returning to login screen
2026-05-13 13:52:42 [INFO] ping_monitor: PingMonitor stopped for CL-0056
2026-05-13 13:52:50 [INFO] ping_monitor: PingMonitor started for test_admin_A (admin)
2026-05-13 13:59:04 [INFO] RemoteDatabaseManager: API mode enabled — connecting via http://222.127.90.218
2026-05-13 13:59:05 [INFO] AutoUpdater: Silent updater: Checking for updates...
2026-05-13 13:59:05 [INFO] AutoUpdater: Silent update status: Checking for updates...
2026-05-13 13:59:06 [INFO] AutoUpdater: Silent updater: Already on latest version (1.0.0)
2026-05-13 13:59:06 [INFO] AutoUpdater: Silent update status: Already up to date
2026-05-13 13:59:07 [INFO] APIDbManager: API token obtained from http://222.127.90.218
2026-05-13 13:59:08 [INFO] ping_monitor: PingMonitor started for test_admin_A (admin)
2026-05-13 14:00:05 [INFO] login: Logout requested - returning to login screen
2026-05-13 14:00:05 [INFO] ping_monitor: PingMonitor stopped for test_admin_A
2026-05-13 14:00:14 [INFO] ping_monitor: PingMonitor started for CL-0056 (user)
2026-05-13 14:00:14 [INFO] APIDbManager: API token obtained from http://222.127.90.218
2026-05-13 14:00:28 [INFO] login: Logout requested - returning to login screen
2026-05-13 14:00:28 [INFO] ping_monitor: PingMonitor stopped for CL-0056
2026-05-13 14:00:37 [INFO] ping_monitor: PingMonitor started for test_admin_A (admin)
2026-05-13 14:00:52 [INFO] login: Logout requested - returning to login screen
2026-05-13 14:00:52 [INFO] ping_monitor: PingMonitor stopped for test_admin_A
2026-05-13 14:00:58 [INFO] ping_monitor: PingMonitor started for CL-0056 (user)
2026-05-13 14:00:59 [INFO] APIDbManager: API token obtained from http://222.127.90.218
2026-05-13 14:01:04 [ERROR] Client.client_dashboard: [_restore_palawan_tab] invalid literal for int() with base 10: '2.00'
2026-05-13 14:02:48 [INFO] Client.palawan_details_tab: [PalawanDetailsTab] saved for branch=NARRAQUE date=2026-03-19
2026-05-13 14:03:15 [INFO] Client.client_dashboard: daily_reports_brand_a verified: Debit=191858.00, Credit=15392.25, Ending=176465.75
2026-05-13 14:03:15 [INFO] Client.client_dashboard: daily_reports verified: Debit=92882.00, Credit=5950.50, Ending=86931.50
2026-05-13 14:03:15 [INFO] Client.client_dashboard: Palawan details saved to payable_tbl_brand_a for Brand A
2026-05-13 14:03:15 [INFO] Client.client_dashboard: Palawan details saved to payable_tbl_brand_a for Brand B
2026-05-13 14:03:15 [INFO] Client.client_dashboard: Cash Float saved: 0.00
2026-05-13 14:03:16 [ERROR] Client.client_dashboard: [_restore_palawan_tab] invalid literal for int() with base 10: '2.00'
2026-05-13 14:03:20 [INFO] login: Logout requested - returning to login screen
2026-05-13 14:03:20 [INFO] ping_monitor: PingMonitor stopped for CL-0056
2026-05-13 14:03:27 [INFO] ping_monitor: PingMonitor started for test_admin_A (admin)
2026-05-13 14:06:13 [INFO] login: Logout requested - returning to login screen
2026-05-13 14:06:13 [INFO] ping_monitor: PingMonitor stopped for test_admin_A
2026-05-13 14:06:20 [INFO] ping_monitor: PingMonitor started for CL-0056 (user)
2026-05-13 14:06:20 [INFO] APIDbManager: API token obtained from http://222.127.90.218
2026-05-13 14:06:26 [ERROR] Client.client_dashboard: [_restore_palawan_tab] invalid literal for int() with base 10: '2.00'
2026-05-13 14:07:23 [INFO] Client.palawan_details_tab: [PalawanDetailsTab] saved for branch=NARRAQUE date=2026-03-19
2026-05-13 14:07:26 [INFO] Client.client_dashboard: daily_reports_brand_a verified: Debit=191858.00, Credit=15392.25, Ending=176465.75
2026-05-13 14:07:26 [INFO] Client.client_dashboard: daily_reports verified: Debit=92882.00, Credit=5950.50, Ending=86931.50
2026-05-13 14:07:26 [INFO] Client.client_dashboard: Palawan details saved to payable_tbl_brand_a for Brand A
2026-05-13 14:07:26 [INFO] Client.client_dashboard: Palawan details saved to payable_tbl_brand_a for Brand B
2026-05-13 14:07:26 [INFO] Client.client_dashboard: Cash Float saved: 0.00
2026-05-13 14:07:27 [ERROR] Client.client_dashboard: [_restore_palawan_tab] invalid literal for int() with base 10: '2.00'
2026-05-13 14:07:46 [INFO] Client.client_dashboard: daily_reports_brand_a verified: Debit=191858.00, Credit=15392.25, Ending=176465.75
2026-05-13 14:07:46 [INFO] Client.client_dashboard: daily_reports verified: Debit=92882.00, Credit=5950.50, Ending=86931.50
2026-05-13 14:07:46 [INFO] Client.client_dashboard: Palawan details saved to payable_tbl_brand_a for Brand A
2026-05-13 14:07:46 [INFO] Client.client_dashboard: Palawan details saved to payable_tbl_brand_a for Brand B
2026-05-13 14:07:46 [INFO] Client.client_dashboard: Cash Float saved: 0.00
2026-05-13 14:07:47 [ERROR] Client.client_dashboard: [_restore_palawan_tab] invalid literal for int() with base 10: '2.00'
2026-05-13 14:07:50 [INFO] login: Logout requested - returning to login screen
2026-05-13 14:07:50 [INFO] ping_monitor: PingMonitor stopped for CL-0056
2026-05-13 14:07:58 [INFO] ping_monitor: PingMonitor started for test_admin_A (admin)
2026-05-13 14:15:57 [INFO] RemoteDatabaseManager: API mode enabled — connecting via http://222.127.90.218
2026-05-13 14:15:58 [INFO] AutoUpdater: Silent updater: Checking for updates...
2026-05-13 14:15:58 [INFO] AutoUpdater: Silent update status: Checking for updates...
2026-05-13 14:15:58 [INFO] AutoUpdater: Silent updater: Already on latest version (1.0.0)
2026-05-13 14:15:58 [INFO] AutoUpdater: Silent update status: Already up to date
2026-05-13 14:16:01 [INFO] APIDbManager: API token obtained from http://222.127.90.218
2026-05-13 14:16:02 [INFO] ping_monitor: PingMonitor started for test_admin_A (admin)
2026-05-13 14:16:17 [INFO] login: Logout requested - returning to login screen
2026-05-13 14:16:17 [INFO] ping_monitor: PingMonitor stopped for test_admin_A
2026-05-13 14:16:26 [INFO] ping_monitor: PingMonitor started for CL-0056 (user)
2026-05-13 14:16:27 [INFO] APIDbManager: API token obtained from http://222.127.90.218
2026-05-13 14:16:33 [ERROR] Client.client_dashboard: [_restore_palawan_tab] invalid literal for int() with base 10: '2.00'
2026-05-13 14:17:18 [INFO] Client.palawan_details_tab: [PalawanDetailsTab] saved for branch=NARRAQUE date=2026-03-19
2026-05-13 14:17:20 [INFO] Client.client_dashboard: daily_reports_brand_a verified: Debit=191858.00, Credit=15392.25, Ending=176465.75
2026-05-13 14:17:20 [INFO] Client.client_dashboard: daily_reports verified: Debit=92882.00, Credit=5950.50, Ending=86931.50
2026-05-13 14:17:20 [INFO] Client.client_dashboard: Palawan details saved to payable_tbl_brand_a for Brand A
2026-05-13 14:17:20 [INFO] Client.client_dashboard: Palawan details saved to payable_tbl_brand_a for Brand B
2026-05-13 14:17:20 [INFO] Client.client_dashboard: Cash Float saved: 0.00
2026-05-13 14:17:21 [ERROR] Client.client_dashboard: [_restore_palawan_tab] invalid literal for int() with base 10: '2.00'
2026-05-13 14:17:24 [INFO] login: Logout requested - returning to login screen
2026-05-13 14:17:24 [INFO] ping_monitor: PingMonitor stopped for CL-0056
2026-05-13 14:17:34 [INFO] ping_monitor: PingMonitor started for test_admin_A (admin)
2026-05-13 14:18:26 [ERROR] payable_page: INC auto-sync error: 'APIDbManager' object has no attribute 'execute_many'
2026-05-13 14:18:30 [ERROR] payable_page: INC auto-sync error: 'APIDbManager' object has no attribute 'execute_many'
2026-05-13 14:18:31 [ERROR] payable_page: INC auto-sync error: 'APIDbManager' object has no attribute 'execute_many'
2026-05-13 14:18:39 [ERROR] payable_page: INC auto-sync error: 'APIDbManager' object has no attribute 'execute_many'
2026-05-13 14:24:09 [INFO] RemoteDatabaseManager: API mode enabled — connecting via http://222.127.90.218
2026-05-13 14:24:10 [INFO] AutoUpdater: Silent updater: Checking for updates...
2026-05-13 14:24:10 [INFO] AutoUpdater: Silent update status: Checking for updates...
2026-05-13 14:24:11 [INFO] AutoUpdater: Silent updater: Already on latest version (1.0.0)
2026-05-13 14:24:11 [INFO] AutoUpdater: Silent update status: Already up to date
2026-05-13 14:24:16 [INFO] APIDbManager: API token obtained from http://222.127.90.218
2026-05-13 14:24:17 [INFO] ping_monitor: PingMonitor started for test_admin_A (admin)
2026-05-13 14:27:24 [INFO] RemoteDatabaseManager: API mode enabled — connecting via http://222.127.90.218
2026-05-13 14:27:24 [INFO] AutoUpdater: Silent updater: Checking for updates...
2026-05-13 14:27:24 [INFO] AutoUpdater: Silent update status: Checking for updates...
2026-05-13 14:27:25 [INFO] AutoUpdater: Silent updater: Already on latest version (1.0.0)
2026-05-13 14:27:25 [INFO] AutoUpdater: Silent update status: Already up to date
2026-05-13 14:27:26 [INFO] APIDbManager: API token obtained from http://222.127.90.218
2026-05-13 14:27:27 [INFO] ping_monitor: PingMonitor started for test_admin_A (admin)
2026-05-13 14:29:20 [INFO] RemoteDatabaseManager: API mode enabled — connecting via http://222.127.90.218
2026-05-13 14:29:20 [INFO] AutoUpdater: Silent updater: Checking for updates...
2026-05-13 14:29:20 [INFO] AutoUpdater: Silent update status: Checking for updates...
2026-05-13 14:29:21 [INFO] AutoUpdater: Silent updater: Already on latest version (1.0.0)
2026-05-13 14:29:21 [INFO] AutoUpdater: Silent update status: Already up to date
2026-05-13 14:29:22 [INFO] APIDbManager: API token obtained from http://222.127.90.218
2026-05-13 14:29:23 [INFO] ping_monitor: PingMonitor started for test_admin_A (admin)
2026-05-14 13:14:53 [INFO] RemoteDatabaseManager: API mode enabled — connecting via http://222.127.90.218
2026-05-14 13:14:54 [INFO] AutoUpdater: Silent updater: Checking for updates...
2026-05-14 13:14:54 [INFO] AutoUpdater: Silent update status: Checking for updates...
2026-05-14 13:14:55 [INFO] AutoUpdater: Silent updater: Already on latest version (1.0.0)
2026-05-14 13:14:55 [INFO] AutoUpdater: Silent update status: Already up to date
2026-05-14 13:44:07 [INFO] APIDbManager: API token obtained from http://222.127.90.218
2026-05-14 13:44:08 [INFO] ping_monitor: PingMonitor started for test_admin_A (admin)
2026-05-14 13:44:14 [INFO] login: Logout requested - returning to login screen
2026-05-14 13:44:14 [INFO] ping_monitor: PingMonitor stopped for test_admin_A
2026-05-14 13:44:20 [INFO] ping_monitor: PingMonitor started for IT-01 (super_admin)
2026-05-14 13:46:19 [INFO] login: Logout requested - returning to login screen
2026-05-14 13:46:19 [INFO] ping_monitor: PingMonitor stopped for IT-01
2026-05-14 13:46:25 [INFO] ping_monitor: PingMonitor started for IT-01 (super_admin)
2026-05-14 13:47:11 [INFO] login: Logout requested - returning to login screen
2026-05-14 13:47:12 [INFO] ping_monitor: PingMonitor stopped for IT-01
2026-05-14 13:47:19 [INFO] ping_monitor: PingMonitor started for test_admin_A (admin)
2026-05-14 13:56:18 [INFO] RemoteDatabaseManager: API mode enabled — connecting via http://222.127.90.218
2026-05-14 13:56:18 [INFO] AutoUpdater: Silent updater: Checking for updates...
2026-05-14 13:56:18 [INFO] AutoUpdater: Silent update status: Checking for updates...
2026-05-14 13:56:19 [INFO] AutoUpdater: Silent updater: Already on latest version (1.0.0)
2026-05-14 13:56:19 [INFO] AutoUpdater: Silent update status: Already up to date
2026-05-14 13:56:20 [INFO] APIDbManager: API token obtained from http://222.127.90.218
2026-05-14 13:56:22 [INFO] ping_monitor: PingMonitor started for test_admin_A (admin)
2026-05-14 14:19:03 [INFO] RemoteDatabaseManager: API mode enabled — connecting via http://222.127.90.218
2026-05-14 14:19:04 [INFO] AutoUpdater: Silent updater: Checking for updates...
2026-05-14 14:19:04 [INFO] AutoUpdater: Silent update status: Checking for updates...
2026-05-14 14:19:05 [INFO] AutoUpdater: Silent updater: Already on latest version (1.0.0)
2026-05-14 14:19:05 [INFO] AutoUpdater: Silent update status: Already up to date
2026-05-14 14:19:09 [INFO] APIDbManager: API token obtained from http://222.127.90.218
2026-05-14 14:19:10 [INFO] ping_monitor: PingMonitor started for test_admin_A (admin)
2026-05-14 14:19:40 [INFO] RemoteDatabaseManager: API mode enabled — connecting via http://222.127.90.218
2026-05-14 14:19:41 [INFO] AutoUpdater: Silent updater: Checking for updates...
2026-05-14 14:19:41 [INFO] AutoUpdater: Silent update status: Checking for updates...
2026-05-14 14:19:41 [INFO] AutoUpdater: Silent updater: Already on latest version (1.0.0)
2026-05-14 14:19:41 [INFO] AutoUpdater: Silent update status: Already up to date
2026-05-14 14:19:57 [INFO] APIDbManager: API token obtained from http://222.127.90.218
2026-05-14 14:19:58 [INFO] ping_monitor: PingMonitor started for test_admin_A (admin)
2026-05-14 14:20:53 [INFO] RemoteDatabaseManager: API mode enabled — connecting via http://222.127.90.218
2026-05-14 14:20:53 [INFO] AutoUpdater: Silent updater: Checking for updates...
2026-05-14 14:20:53 [INFO] AutoUpdater: Silent update status: Checking for updates...
2026-05-14 14:20:54 [INFO] AutoUpdater: Silent updater: Already on latest version (1.0.0)
2026-05-14 14:20:54 [INFO] AutoUpdater: Silent update status: Already up to date
2026-05-14 14:21:00 [INFO] APIDbManager: API token obtained from http://222.127.90.218
2026-05-14 14:21:01 [INFO] ping_monitor: PingMonitor started for test_admin_A (admin)
2026-05-14 14:25:42 [INFO] RemoteDatabaseManager: API mode enabled — connecting via http://222.127.90.218
2026-05-14 14:25:43 [INFO] AutoUpdater: Silent updater: Checking for updates...
2026-05-14 14:25:43 [INFO] AutoUpdater: Silent update status: Checking for updates...
2026-05-14 14:25:44 [INFO] AutoUpdater: Silent updater: Already on latest version (1.0.0)
2026-05-14 14:25:44 [INFO] AutoUpdater: Silent update status: Already up to date
2026-05-14 14:25:45 [INFO] APIDbManager: API token obtained from http://222.127.90.218
2026-05-14 14:25:46 [INFO] ping_monitor: PingMonitor started for test_admin_A (admin)
2026-05-14 14:26:50 [INFO] login: Logout requested - returning to login screen
2026-05-14 14:26:50 [INFO] ping_monitor: PingMonitor stopped for test_admin_A
2026-05-14 14:27:11 [INFO] ping_monitor: PingMonitor started for CL-0002 (user)
2026-05-14 14:27:11 [INFO] APIDbManager: API token obtained from http://222.127.90.218
2026-05-14 14:27:19 [INFO] login: Logout requested - returning to login screen
2026-05-14 14:27:19 [INFO] ping_monitor: PingMonitor stopped for CL-0002
2026-05-14 14:28:06 [INFO] RemoteDatabaseManager: API mode enabled — connecting via http://222.127.90.218
2026-05-14 14:28:06 [INFO] AutoUpdater: Silent updater: Checking for updates...
2026-05-14 14:28:06 [INFO] AutoUpdater: Silent update status: Checking for updates...
2026-05-14 14:28:07 [INFO] AutoUpdater: Silent updater: Already on latest version (1.0.0)
2026-05-14 14:28:07 [INFO] AutoUpdater: Silent update status: Already up to date
2026-05-14 14:28:09 [INFO] ping_monitor: PingMonitor started for CL-0002 (user)
2026-05-14 14:28:09 [INFO] APIDbManager: API token obtained from http://222.127.90.218
2026-05-14 14:28:30 [INFO] login: Logout requested - returning to login screen
2026-05-14 14:28:30 [INFO] ping_monitor: PingMonitor stopped for CL-0002
2026-05-14 14:28:36 [INFO] APIDbManager: API token obtained from http://222.127.90.218
2026-05-14 14:28:37 [INFO] ping_monitor: PingMonitor started for test_admin_A (admin)
2026-05-14 14:29:52 [INFO] RemoteDatabaseManager: API mode enabled — connecting via http://222.127.90.218
2026-05-14 14:30:24 [INFO] RemoteDatabaseManager: API mode enabled — connecting via http://222.127.90.218
2026-05-14 14:30:24 [INFO] AutoUpdater: Silent updater: Checking for updates...
2026-05-14 14:30:24 [INFO] AutoUpdater: Silent update status: Checking for updates...
2026-05-14 14:30:25 [INFO] AutoUpdater: Silent updater: Already on latest version (1.0.0)
2026-05-14 14:30:25 [INFO] AutoUpdater: Silent update status: Already up to date
2026-05-14 14:30:27 [INFO] APIDbManager: API token obtained from http://222.127.90.218
2026-05-14 14:30:28 [INFO] ping_monitor: PingMonitor started for test_admin_A (admin)
2026-05-14 14:31:24 [INFO] RemoteDatabaseManager: API mode enabled — connecting via http://222.127.90.218
2026-05-14 14:31:24 [INFO] AutoUpdater: Silent updater: Checking for updates...
2026-05-14 14:31:24 [INFO] AutoUpdater: Silent update status: Checking for updates...
2026-05-14 14:31:25 [INFO] AutoUpdater: Silent updater: Already on latest version (1.0.0)
2026-05-14 14:31:25 [INFO] AutoUpdater: Silent update status: Already up to date
2026-05-14 14:31:27 [INFO] APIDbManager: API token obtained from http://222.127.90.218
2026-05-14 14:31:28 [INFO] ping_monitor: PingMonitor started for test_admin_A (admin)
2026-05-14 14:31:44 [CRITICAL] __main__: Uncaught exception:
Traceback (most recent call last):
  File "C:\Users\Admin\Operation-Report-System\admin_dashboard.py", line 799, in eventFilter
    self.zoom_out()
    ~~~~~~~~~~~~~^^
  File "C:\Users\Admin\Operation-Report-System\admin_dashboard.py", line 840, in zoom_out
    self.set_zoom_level(self.zoom_level - 20)
    ~~~~~~~~~~~~~~~~~~~^^^^^^^^^^^^^^^^^^^^^^
  File "C:\Users\Admin\Operation-Report-System\admin_dashboard.py", line 855, in set_zoom_level
    self._apply_zoom_to_all()
    ~~~~~~~~~~~~~~~~~~~~~~~^^
  File "C:\Users\Admin\Operation-Report-System\admin_dashboard.py", line 188, in _apply_zoom_to_all
    font.setPixelSize(new_size)
    ~~~~~~~~~~~~~~~~~^^^^^^^^^^
OverflowError: argument 1 overflowed: value must be in the range -2147483648 to 2147483647

2026-05-14 14:32:12 [INFO] RemoteDatabaseManager: API mode enabled — connecting via http://222.127.90.218
2026-05-14 14:32:12 [INFO] AutoUpdater: Silent updater: Checking for updates...
2026-05-14 14:32:12 [INFO] AutoUpdater: Silent update status: Checking for updates...
2026-05-14 14:32:13 [INFO] AutoUpdater: Silent updater: Already on latest version (1.0.0)
2026-05-14 14:32:13 [INFO] AutoUpdater: Silent update status: Already up to date
2026-05-14 14:32:14 [INFO] APIDbManager: API token obtained from http://222.127.90.218
2026-05-14 14:32:15 [INFO] ping_monitor: PingMonitor started for test_admin_A (admin)
2026-05-14 14:33:13 [INFO] RemoteDatabaseManager: API mode enabled — connecting via http://222.127.90.218
2026-05-14 14:33:27 [INFO] RemoteDatabaseManager: API mode enabled — connecting via http://222.127.90.218
2026-05-14 14:33:28 [INFO] AutoUpdater: Silent updater: Checking for updates...
2026-05-14 14:33:28 [INFO] AutoUpdater: Silent update status: Checking for updates...
2026-05-14 14:33:28 [INFO] AutoUpdater: Silent updater: Already on latest version (1.0.0)
2026-05-14 14:33:28 [INFO] AutoUpdater: Silent update status: Already up to date
2026-05-14 14:33:30 [INFO] APIDbManager: API token obtained from http://222.127.90.218
2026-05-14 14:33:31 [INFO] ping_monitor: PingMonitor started for test_admin_A (admin)
2026-05-14 14:34:17 [INFO] RemoteDatabaseManager: API mode enabled — connecting via http://222.127.90.218
2026-05-14 14:34:17 [INFO] AutoUpdater: Silent updater: Checking for updates...
2026-05-14 14:34:17 [INFO] AutoUpdater: Silent update status: Checking for updates...
2026-05-14 14:34:18 [INFO] AutoUpdater: Silent updater: Already on latest version (1.0.0)
2026-05-14 14:34:18 [INFO] AutoUpdater: Silent update status: Already up to date
2026-05-14 14:34:21 [INFO] APIDbManager: API token obtained from http://222.127.90.218
2026-05-14 14:34:22 [INFO] ping_monitor: PingMonitor started for test_admin_A (admin)
2026-05-14 14:35:54 [INFO] RemoteDatabaseManager: API mode enabled — connecting via http://222.127.90.218
2026-05-14 14:35:54 [INFO] AutoUpdater: Silent updater: Checking for updates...
2026-05-14 14:35:54 [INFO] AutoUpdater: Silent update status: Checking for updates...
2026-05-14 14:35:55 [INFO] AutoUpdater: Silent updater: Already on latest version (1.0.0)
2026-05-14 14:35:55 [INFO] AutoUpdater: Silent update status: Already up to date
2026-05-14 14:35:58 [INFO] APIDbManager: API token obtained from http://222.127.90.218
2026-05-14 14:36:00 [INFO] ping_monitor: PingMonitor started for test_admin_A (admin)
2026-05-14 14:37:57 [INFO] RemoteDatabaseManager: API mode enabled — connecting via http://222.127.90.218
2026-05-14 14:37:58 [INFO] AutoUpdater: Silent updater: Checking for updates...
2026-05-14 14:37:58 [INFO] AutoUpdater: Silent update status: Checking for updates...
2026-05-14 14:37:58 [INFO] AutoUpdater: Silent updater: Already on latest version (1.0.0)
2026-05-14 14:37:58 [INFO] AutoUpdater: Silent update status: Already up to date
2026-05-14 14:38:02 [INFO] APIDbManager: API token obtained from http://222.127.90.218
2026-05-14 14:38:04 [INFO] ping_monitor: PingMonitor started for test_admin_A (admin)
2026-05-14 14:40:20 [INFO] RemoteDatabaseManager: API mode enabled — connecting via http://222.127.90.218
2026-05-14 14:40:21 [INFO] AutoUpdater: Silent updater: Checking for updates...
2026-05-14 14:40:21 [INFO] AutoUpdater: Silent update status: Checking for updates...
2026-05-14 14:40:21 [INFO] AutoUpdater: Silent updater: Already on latest version (1.0.0)
2026-05-14 14:40:21 [INFO] AutoUpdater: Silent update status: Already up to date
2026-05-14 14:40:23 [INFO] APIDbManager: API token obtained from http://222.127.90.218
2026-05-14 14:40:24 [INFO] ping_monitor: PingMonitor started for test_admin_A (admin)
2026-05-14 14:41:06 [INFO] RemoteDatabaseManager: API mode enabled — connecting via http://222.127.90.218
2026-05-14 14:41:06 [INFO] AutoUpdater: Silent updater: Checking for updates...
2026-05-14 14:41:06 [INFO] AutoUpdater: Silent update status: Checking for updates...
2026-05-14 14:41:07 [INFO] AutoUpdater: Silent updater: Already on latest version (1.0.0)
2026-05-14 14:41:07 [INFO] AutoUpdater: Silent update status: Already up to date
2026-05-14 14:41:08 [INFO] APIDbManager: API token obtained from http://222.127.90.218
2026-05-14 14:41:09 [INFO] ping_monitor: PingMonitor started for test_admin_A (admin)
2026-05-14 14:43:36 [INFO] RemoteDatabaseManager: API mode enabled — connecting via http://222.127.90.218
2026-05-14 14:43:36 [INFO] AutoUpdater: Silent updater: Checking for updates...
2026-05-14 14:43:36 [INFO] AutoUpdater: Silent update status: Checking for updates...
2026-05-14 14:43:37 [INFO] AutoUpdater: Silent updater: Already on latest version (1.0.0)
2026-05-14 14:43:37 [INFO] AutoUpdater: Silent update status: Already up to date
2026-05-14 14:43:39 [INFO] APIDbManager: API token obtained from http://222.127.90.218
2026-05-14 14:43:40 [INFO] ping_monitor: PingMonitor started for test_admin_A (admin)
2026-05-14 15:51:07 [INFO] login: Logout requested - returning to login screen
2026-05-14 15:51:07 [INFO] ping_monitor: PingMonitor stopped for test_admin_A
2026-05-14 15:51:15 [INFO] RemoteDatabaseManager: API mode enabled — connecting via http://222.127.90.218
2026-05-14 15:51:16 [INFO] AutoUpdater: Silent updater: Checking for updates...
2026-05-14 15:51:16 [INFO] AutoUpdater: Silent update status: Checking for updates...
2026-05-14 15:51:17 [INFO] AutoUpdater: Silent updater: Already on latest version (1.0.0)
2026-05-14 15:51:17 [INFO] AutoUpdater: Silent update status: Already up to date
2026-05-14 15:51:19 [INFO] APIDbManager: API token obtained from http://222.127.90.218
2026-05-14 15:51:20 [INFO] ping_monitor: PingMonitor started for test_admin_A (admin)
2026-05-14 16:20:48 [INFO] RemoteDatabaseManager: API mode enabled — connecting via http://222.127.90.218
2026-05-14 16:20:49 [INFO] AutoUpdater: Silent updater: Checking for updates...
2026-05-14 16:20:49 [INFO] AutoUpdater: Silent update status: Checking for updates...
2026-05-14 16:20:50 [INFO] AutoUpdater: Silent updater: Already on latest version (1.0.0)
2026-05-14 16:20:50 [INFO] AutoUpdater: Silent update status: Already up to date
2026-05-14 16:20:51 [INFO] APIDbManager: API token obtained from http://222.127.90.218
2026-05-14 16:20:52 [INFO] ping_monitor: PingMonitor started for test_admin_A (admin)
2026-05-15 08:11:23 [INFO] RemoteDatabaseManager: API mode enabled — connecting via http://222.127.90.218
2026-05-15 08:11:24 [INFO] AutoUpdater: Silent updater: Checking for updates...
2026-05-15 08:11:24 [INFO] AutoUpdater: Silent update status: Checking for updates...
2026-05-15 08:11:25 [INFO] AutoUpdater: Silent updater: Already on latest version (1.0.0)
2026-05-15 08:11:25 [INFO] AutoUpdater: Silent update status: Already up to date
2026-05-15 08:14:20 [INFO] APIDbManager: API token obtained from http://222.127.90.218
2026-05-15 08:14:22 [INFO] ping_monitor: PingMonitor started for IT-01 (super_admin)
2026-05-15 08:14:35 [INFO] login: Logout requested - returning to login screen
2026-05-15 08:14:35 [INFO] ping_monitor: PingMonitor stopped for IT-01
2026-05-15 08:14:41 [INFO] ping_monitor: PingMonitor started for CL-0381 (user)
2026-05-15 08:14:41 [INFO] APIDbManager: API token obtained from http://222.127.90.218
2026-05-15 08:45:43 [INFO] login: Logout requested - returning to login screen
2026-05-15 08:45:43 [INFO] ping_monitor: PingMonitor stopped for CL-0381
2026-05-15 09:03:02 [INFO] RemoteDatabaseManager: API mode enabled — connecting via http://222.127.90.218
2026-05-15 09:03:03 [INFO] AutoUpdater: Silent updater: Checking for updates...
2026-05-15 09:03:03 [INFO] AutoUpdater: Silent update status: Checking for updates...
2026-05-15 09:03:04 [INFO] AutoUpdater: Silent updater: Already on latest version (1.0.0)
2026-05-15 09:03:04 [INFO] AutoUpdater: Silent update status: Already up to date
2026-05-15 09:03:05 [INFO] ping_monitor: PingMonitor started for CL-0381 (user)
2026-05-15 09:03:06 [INFO] APIDbManager: API token obtained from http://222.127.90.218
2026-05-15 09:07:43 [INFO] RemoteDatabaseManager: API mode enabled — connecting via http://222.127.90.218
2026-05-15 09:07:43 [INFO] AutoUpdater: Silent updater: Checking for updates...
2026-05-15 09:07:43 [INFO] AutoUpdater: Silent update status: Checking for updates...
2026-05-15 09:07:44 [INFO] AutoUpdater: Silent updater: Already on latest version (1.0.0)
2026-05-15 09:07:44 [INFO] AutoUpdater: Silent update status: Already up to date
2026-05-15 09:07:45 [INFO] ping_monitor: PingMonitor started for CL-0381 (user)
2026-05-15 09:07:46 [INFO] APIDbManager: API token obtained from http://222.127.90.218
2026-05-16 09:55:52 [INFO] RemoteDatabaseManager: API mode enabled — connecting via http://222.127.90.218
2026-05-16 09:55:53 [INFO] AutoUpdater: Silent updater: Checking for updates...
2026-05-16 09:55:53 [INFO] AutoUpdater: Silent update status: Checking for updates...
2026-05-16 09:55:54 [INFO] AutoUpdater: Silent updater: Already on latest version (1.0.0)
2026-05-16 09:55:54 [INFO] AutoUpdater: Silent update status: Already up to date
2026-05-16 09:55:56 [INFO] ping_monitor: PingMonitor started for CL-0381 (user)
2026-05-16 09:55:56 [INFO] APIDbManager: API token obtained from http://222.127.90.218
2026-05-18 15:27:19 [INFO] RemoteDatabaseManager: API mode enabled — connecting via http://222.127.90.218
2026-05-18 15:27:20 [INFO] AutoUpdater: Silent updater: Checking for updates...
2026-05-18 15:27:20 [INFO] AutoUpdater: Silent update status: Checking for updates...
2026-05-18 15:27:21 [INFO] AutoUpdater: Silent updater: Already on latest version (1.0.0)
2026-05-18 15:27:21 [INFO] AutoUpdater: Silent update status: Already up to date
2026-05-18 15:27:22 [INFO] ping_monitor: PingMonitor started for CL-0381 (user)
2026-05-18 15:27:23 [INFO] APIDbManager: API token obtained from http://222.127.90.218
2026-05-18 15:47:52 [INFO] RemoteDatabaseManager: API mode enabled — connecting via http://222.127.90.218
2026-05-18 15:47:54 [INFO] AutoUpdater: Silent updater: Checking for updates...
2026-05-18 15:47:54 [INFO] AutoUpdater: Silent update status: Checking for updates...
2026-05-18 15:47:54 [INFO] AutoUpdater: Silent updater: Already on latest version (1.0.0)
2026-05-18 15:47:54 [INFO] AutoUpdater: Silent update status: Already up to date
2026-05-18 15:48:34 [INFO] RemoteDatabaseManager: API mode enabled — connecting via http://222.127.90.218
2026-05-18 15:48:35 [INFO] AutoUpdater: Silent updater: Checking for updates...
2026-05-18 15:48:35 [INFO] AutoUpdater: Silent update status: Checking for updates...
2026-05-18 15:48:35 [INFO] AutoUpdater: Silent updater: Already on latest version (1.0.0)
2026-05-18 15:48:35 [INFO] AutoUpdater: Silent update status: Already up to date
2026-05-18 15:49:20 [INFO] RemoteDatabaseManager: API mode enabled — connecting via http://222.127.90.218
2026-05-18 15:49:21 [INFO] AutoUpdater: Silent updater: Checking for updates...
2026-05-18 15:49:21 [INFO] AutoUpdater: Silent update status: Checking for updates...
2026-05-18 15:49:22 [INFO] AutoUpdater: Silent updater: Already on latest version (1.0.0)
2026-05-18 15:49:22 [INFO] AutoUpdater: Silent update status: Already up to date
2026-05-18 15:49:25 [INFO] RemoteDatabaseManager: API mode enabled — connecting via http://222.127.90.218
2026-05-18 15:49:26 [INFO] AutoUpdater: Silent updater: Checking for updates...
2026-05-18 15:49:26 [INFO] AutoUpdater: Silent update status: Checking for updates...
2026-05-18 15:49:26 [INFO] AutoUpdater: Silent updater: Already on latest version (1.0.0)
2026-05-18 15:49:26 [INFO] AutoUpdater: Silent update status: Already up to date
2026-05-18 15:49:42 [INFO] ping_monitor: PingMonitor started for CL-0381 (user)
2026-05-18 15:49:42 [INFO] APIDbManager: API token obtained from http://222.127.90.218
2026-05-19 10:51:21 [INFO] RemoteDatabaseManager: API mode enabled — connecting via http://222.127.90.218
2026-05-19 10:51:26 [WARNING] urllib3.connectionpool: Retrying (Retry(total=1, connect=1, read=2, redirect=None, status=None)) after connection broken by 'ConnectTimeoutError(<HTTPConnection(host='222.127.90.218', port=80) at 0x25fb9421e80>, 'Connection to 222.127.90.218 timed out. (connect timeout=3)')': /api/health
2026-05-19 10:51:30 [WARNING] urllib3.connectionpool: Retrying (Retry(total=0, connect=0, read=2, redirect=None, status=None)) after connection broken by 'ConnectTimeoutError(<HTTPConnection(host='222.127.90.218', port=80) at 0x25fba4accd0>, 'Connection to 222.127.90.218 timed out. (connect timeout=3)')': /api/health
2026-05-19 10:51:33 [INFO] AutoUpdater: Silent updater: Checking for updates...
2026-05-19 10:51:33 [INFO] AutoUpdater: Silent update status: Checking for updates...
2026-05-19 10:51:33 [INFO] AutoUpdater: Silent updater: Already on latest version (1.0.0)
2026-05-19 10:51:33 [INFO] AutoUpdater: Silent update status: Already up to date
2026-05-19 11:02:48 [INFO] RemoteDatabaseManager: API mode enabled — connecting via http://222.127.90.218
2026-05-19 11:02:49 [INFO] AutoUpdater: Silent updater: Checking for updates...
2026-05-19 11:02:49 [INFO] AutoUpdater: Silent update status: Checking for updates...
2026-05-19 11:02:49 [INFO] AutoUpdater: Silent updater: Already on latest version (1.0.0)
2026-05-19 11:02:49 [INFO] AutoUpdater: Silent update status: Already up to date
2026-05-19 11:03:27 [INFO] ping_monitor: PingMonitor started for CL-0381 (user)
2026-05-19 11:03:27 [INFO] APIDbManager: API token obtained from http://222.127.90.218
2026-05-19 11:41:01 [INFO] Client.client_dashboard: daily_reports_brand_a verified: Debit=145740.00, Credit=116237.00, Ending=29503.00
2026-05-19 11:41:01 [INFO] Client.client_dashboard: daily_reports verified: Debit=213406.80, Credit=35997.00, Ending=177409.80
2026-05-19 11:41:01 [INFO] Client.client_dashboard: Palawan details saved to payable_tbl_brand_a for Brand A
2026-05-19 11:41:01 [INFO] Client.client_dashboard: Palawan details saved to payable_tbl_brand_a for Brand B
2026-05-19 11:41:01 [INFO] Client.client_dashboard: Cash Float saved: 1000.00
2026-05-19 11:42:51 [INFO] login: Logout requested - returning to login screen
2026-05-19 11:42:52 [INFO] ping_monitor: PingMonitor stopped for CL-0381
2026-05-20 08:58:56 [INFO] RemoteDatabaseManager: API mode enabled — connecting via http://222.127.90.218
2026-05-20 08:58:58 [INFO] AutoUpdater: Silent updater: Checking for updates...
2026-05-20 08:58:58 [INFO] AutoUpdater: Silent update status: Checking for updates...
2026-05-20 08:58:58 [INFO] AutoUpdater: Silent updater: Already on latest version (1.0.0)
2026-05-20 08:58:58 [INFO] AutoUpdater: Silent update status: Already up to date
2026-05-20 09:01:05 [INFO] ping_monitor: PingMonitor started for CL-0381 (user)
2026-05-20 09:01:06 [INFO] APIDbManager: API token obtained from http://222.127.90.218
2026-05-20 09:31:48 [INFO] Client.client_dashboard: daily_reports_brand_a verified: Debit=45681.75, Credit=26724.00, Ending=18957.75
2026-05-20 09:31:48 [INFO] Client.client_dashboard: daily_reports verified: Debit=185816.30, Credit=6851.00, Ending=178965.30
2026-05-20 09:31:48 [INFO] Client.client_dashboard: Palawan details saved to payable_tbl_brand_a for Brand A
2026-05-20 09:31:48 [INFO] Client.client_dashboard: Palawan details saved to payable_tbl_brand_a for Brand B
2026-05-20 09:31:49 [INFO] Client.client_dashboard: Cash Float saved: 0.00
2026-05-20 09:33:12 [INFO] RemoteDatabaseManager: API mode enabled — connecting via http://222.127.90.218
2026-05-20 09:33:14 [INFO] AutoUpdater: Silent updater: Checking for updates...
2026-05-20 09:33:14 [INFO] AutoUpdater: Silent update status: Checking for updates...
2026-05-20 09:33:14 [INFO] AutoUpdater: Silent updater: Already on latest version (1.0.0)
2026-05-20 09:33:14 [INFO] AutoUpdater: Silent update status: Already up to date
2026-05-20 09:33:16 [INFO] ping_monitor: PingMonitor started for CL-0381 (user)
2026-05-20 09:33:17 [INFO] APIDbManager: API token obtained from http://222.127.90.218
2026-05-20 09:59:40 [CRITICAL] __main__: Uncaught exception:
Traceback (most recent call last):
  File "C:\Users\Admin\Operation-Report-System\Client\client_dashboard.py", line 2087, in eventFilter
    def eventFilter(self, obj, event):
    
KeyboardInterrupt

2026-05-20 10:04:03 [INFO] RemoteDatabaseManager: API mode enabled — connecting via http://222.127.90.218
2026-05-20 10:04:04 [INFO] AutoUpdater: Silent updater: Checking for updates...
2026-05-20 10:04:04 [INFO] AutoUpdater: Silent update status: Checking for updates...
2026-05-20 10:04:05 [INFO] AutoUpdater: Silent updater: Already on latest version (1.0.0)
2026-05-20 10:04:05 [INFO] AutoUpdater: Silent update status: Already up to date
2026-05-20 10:07:03 [INFO] APIDbManager: API token obtained from http://222.127.90.218
2026-05-20 10:07:04 [INFO] ping_monitor: PingMonitor started for IT-01 (super_admin)
2026-05-20 11:08:16 [INFO] login: Logout requested - returning to login screen
2026-05-20 11:08:16 [INFO] ping_monitor: PingMonitor stopped for IT-01
2026-05-20 11:08:21 [INFO] ping_monitor: PingMonitor started for IT-01 (super_admin)
2026-05-20 12:12:50 [INFO] login: Logout requested - returning to login screen
2026-05-20 12:12:50 [INFO] ping_monitor: PingMonitor stopped for IT-01
2026-05-20 13:35:09 [INFO] ping_monitor: PingMonitor started for CL-0381 (user)
2026-05-20 13:35:09 [INFO] APIDbManager: API token obtained from http://222.127.90.218
2026-05-20 13:45:38 [INFO] RemoteDatabaseManager: API mode enabled — connecting via http://222.127.90.218
2026-05-20 13:45:39 [INFO] AutoUpdater: Silent updater: Checking for updates...
2026-05-20 13:45:40 [INFO] AutoUpdater: Silent update status: Checking for updates...
2026-05-20 13:45:40 [INFO] AutoUpdater: Silent updater: Already on latest version (1.0.0)
2026-05-20 13:45:40 [INFO] AutoUpdater: Silent update status: Already up to date
2026-05-20 13:45:41 [INFO] ping_monitor: PingMonitor started for CL-0381 (user)
2026-05-20 13:45:42 [INFO] APIDbManager: API token obtained from http://222.127.90.218
2026-05-20 13:53:01 [INFO] RemoteDatabaseManager: API mode enabled — connecting via http://222.127.90.218
2026-05-20 13:53:01 [INFO] AutoUpdater: Silent updater: Checking for updates...
2026-05-20 13:53:02 [INFO] AutoUpdater: Silent update status: Checking for updates...
2026-05-20 13:53:02 [INFO] AutoUpdater: Silent updater: Already on latest version (1.0.0)
2026-05-20 13:53:02 [INFO] AutoUpdater: Silent update status: Already up to date
2026-05-20 14:02:01 [INFO] RemoteDatabaseManager: API mode enabled — connecting via http://222.127.90.218
2026-05-20 14:02:03 [INFO] AutoUpdater: Silent updater: Checking for updates...
2026-05-20 14:02:03 [INFO] AutoUpdater: Silent update status: Checking for updates...
2026-05-20 14:02:03 [INFO] AutoUpdater: Silent updater: Already on latest version (1.0.0)
2026-05-20 14:02:03 [INFO] AutoUpdater: Silent update status: Already up to date
2026-05-20 14:03:43 [INFO] APIDbManager: API token obtained from http://222.127.90.218
2026-05-20 14:03:44 [INFO] ping_monitor: PingMonitor started for IT-01 (super_admin)
2026-05-20 14:04:45 [INFO] login: Logout requested - returning to login screen
2026-05-20 14:04:45 [INFO] ping_monitor: PingMonitor stopped for IT-01
2026-05-20 14:05:13 [INFO] ping_monitor: PingMonitor started for IT-01 (super_admin)
2026-05-22 09:38:16 [INFO] RemoteDatabaseManager: API mode enabled — connecting via http://222.127.90.218
2026-05-22 09:38:18 [INFO] AutoUpdater: Silent updater: Checking for updates...
2026-05-22 09:38:18 [INFO] AutoUpdater: Silent update status: Checking for updates...
2026-05-22 09:38:19 [INFO] AutoUpdater: Silent updater: Already on latest version (1.0.0)
2026-05-22 09:38:19 [INFO] AutoUpdater: Silent update status: Already up to date
2026-05-22 09:38:26 [INFO] ping_monitor: PingMonitor started for CL-0381 (user)
2026-05-22 09:38:26 [INFO] APIDbManager: API token obtained from http://222.127.90.218
2026-05-22 10:56:45 [INFO] login: Logout requested - returning to login screen
2026-05-22 10:56:45 [INFO] ping_monitor: PingMonitor stopped for CL-0381
2026-05-22 10:56:54 [INFO] APIDbManager: API token obtained from http://222.127.90.218
2026-05-22 10:56:55 [INFO] ping_monitor: PingMonitor started for IT-01 (super_admin)
2026-05-22 11:14:26 [INFO] login: Logout requested - returning to login screen
2026-05-22 11:14:26 [INFO] ping_monitor: PingMonitor stopped for IT-01
2026-05-22 11:14:35 [INFO] ping_monitor: PingMonitor started for test_admin (admin)
2026-05-22 11:32:20 [INFO] login: Logout requested - returning to login screen
2026-05-22 11:32:20 [INFO] ping_monitor: PingMonitor stopped for test_admin
2026-05-22 11:32:29 [INFO] ping_monitor: PingMonitor started for CL-0381 (user)
2026-05-22 11:32:29 [INFO] APIDbManager: API token obtained from http://222.127.90.218
2026-05-22 11:39:30 [INFO] login: Logout requested - returning to login screen
2026-05-22 11:39:30 [INFO] ping_monitor: PingMonitor stopped for CL-0381
2026-05-22 11:39:40 [INFO] ping_monitor: PingMonitor started for test_admin (admin)
2026-05-22 12:43:24 [INFO] login: Logout requested - returning to login screen
2026-05-22 12:43:24 [INFO] ping_monitor: PingMonitor stopped for test_admin
2026-05-22 13:44:05 [INFO] RemoteDatabaseManager: API mode enabled — connecting via http://222.127.90.218
2026-05-22 13:44:08 [INFO] AutoUpdater: Silent updater: Checking for updates...
2026-05-22 13:44:08 [INFO] AutoUpdater: Silent update status: Checking for updates...
2026-05-22 13:44:08 [INFO] AutoUpdater: Silent updater: Already on latest version (1.0.0)
2026-05-22 13:44:08 [INFO] AutoUpdater: Silent update status: Already up to date
2026-05-22 13:44:11 [INFO] APIDbManager: API token obtained from http://222.127.90.218
2026-05-22 13:44:13 [INFO] ping_monitor: PingMonitor started for test_admin (admin)
2026-05-22 13:44:44 [INFO] login: Logout requested - returning to login screen
2026-05-22 13:44:44 [INFO] ping_monitor: PingMonitor stopped for test_admin
2026-05-22 13:44:54 [INFO] ping_monitor: PingMonitor started for CL-0381 (user)
2026-05-22 13:44:54 [INFO] APIDbManager: API token obtained from http://222.127.90.218
2026-05-22 14:18:22 [INFO] login: Logout requested - returning to login screen
2026-05-22 14:18:22 [INFO] ping_monitor: PingMonitor stopped for CL-0381
2026-05-22 15:59:09 [INFO] ping_monitor: PingMonitor started for test_admin (admin)
2026-05-22 16:30:11 [INFO] login: Logout requested - returning to login screen
2026-05-22 16:30:11 [INFO] ping_monitor: PingMonitor stopped for test_admin
2026-05-22 16:30:17 [INFO] ping_monitor: PingMonitor started for test_admin (admin)
2026-05-23 08:02:28 [INFO] RemoteDatabaseManager: API mode enabled — connecting via http://222.127.90.218
2026-05-23 08:02:30 [INFO] AutoUpdater: Silent updater: Checking for updates...
2026-05-23 08:02:30 [INFO] AutoUpdater: Silent update status: Checking for updates...
2026-05-23 08:02:31 [INFO] AutoUpdater: Silent updater: Already on latest version (1.0.0)
2026-05-23 08:02:31 [INFO] AutoUpdater: Silent update status: Already up to date
2026-05-23 08:02:33 [INFO] APIDbManager: API token obtained from http://222.127.90.218
2026-05-23 08:02:35 [INFO] ping_monitor: PingMonitor started for test_admin (admin)
2026-05-23 10:38:58 [INFO] login: Logout requested - returning to login screen
2026-05-23 10:38:58 [INFO] ping_monitor: PingMonitor stopped for test_admin
2026-05-23 10:39:08 [INFO] ping_monitor: PingMonitor started for CL-0381 (user)
2026-05-23 10:39:08 [INFO] APIDbManager: API token obtained from http://222.127.90.218
2026-05-23 13:03:26 [INFO] login: Logout requested - returning to login screen
2026-05-23 13:03:26 [INFO] ping_monitor: PingMonitor stopped for CL-0381
2026-05-23 13:03:33 [INFO] ping_monitor: PingMonitor started for test_admin_A (admin)
2026-05-23 13:46:04 [INFO] login: Logout requested - returning to login screen
2026-05-23 13:46:04 [INFO] ping_monitor: PingMonitor stopped for test_admin_A
2026-05-23 14:31:55 [INFO] ping_monitor: PingMonitor started for CL-0381 (user)
2026-05-23 14:31:55 [INFO] APIDbManager: API token obtained from http://222.127.90.218
2026-05-23 14:34:31 [INFO] login: Logout requested - returning to login screen
2026-05-23 14:34:31 [INFO] ping_monitor: PingMonitor stopped for CL-0381
2026-05-23 14:34:37 [INFO] ping_monitor: PingMonitor started for test_admin_A (admin)
2026-05-23 14:41:47 [INFO] login: Logout requested - returning to login screen
2026-05-23 14:41:47 [INFO] ping_monitor: PingMonitor stopped for test_admin_A
2026-05-23 14:41:52 [INFO] ping_monitor: PingMonitor started for CL-0381 (user)
2026-05-23 14:41:53 [INFO] APIDbManager: API token obtained from http://222.127.90.218
2026-05-23 14:43:14 [CRITICAL] __main__: Uncaught exception:
Traceback (most recent call last):
  File "C:\Users\Admin\Operation-Report-System\Client\client_dashboard.py", line 2087, in eventFilter
    def eventFilter(self, obj, event):
    
KeyboardInterrupt

2026-05-23 14:43:20 [INFO] RemoteDatabaseManager: API mode enabled — connecting via http://222.127.90.218
2026-05-23 14:43:22 [INFO] AutoUpdater: Silent updater: Checking for updates...
2026-05-23 14:43:22 [INFO] AutoUpdater: Silent update status: Checking for updates...
2026-05-23 14:43:22 [INFO] AutoUpdater: Silent updater: Already on latest version (1.0.0)
2026-05-23 14:43:22 [INFO] AutoUpdater: Silent update status: Already up to date
2026-05-23 14:43:38 [INFO] ping_monitor: PingMonitor started for CL-0381 (user)
2026-05-23 14:43:39 [INFO] APIDbManager: API token obtained from http://222.127.90.218
2026-05-23 16:16:31 [INFO] RemoteDatabaseManager: API mode enabled — connecting via http://222.127.90.218
2026-05-23 16:16:33 [INFO] AutoUpdater: Silent updater: Checking for updates...
2026-05-23 16:16:33 [INFO] AutoUpdater: Silent update status: Checking for updates...
2026-05-23 16:16:33 [INFO] AutoUpdater: Silent updater: Already on latest version (1.0.0)
2026-05-23 16:16:33 [INFO] AutoUpdater: Silent update status: Already up to date
2026-05-23 16:16:35 [INFO] ping_monitor: PingMonitor started for CL-0381 (user)
2026-05-23 16:16:36 [INFO] APIDbManager: API token obtained from http://222.127.90.218
2026-05-23 16:54:58 [INFO] login: Logout requested - returning to login screen
2026-05-23 16:54:58 [INFO] ping_monitor: PingMonitor stopped for CL-0381
2026-05-25 08:15:17 [INFO] RemoteDatabaseManager: API mode enabled — connecting via http://222.127.90.218
2026-05-25 08:15:19 [INFO] AutoUpdater: Silent updater: Checking for updates...
2026-05-25 08:15:19 [INFO] AutoUpdater: Silent update status: Checking for updates...
2026-05-25 08:15:19 [INFO] AutoUpdater: Silent updater: Already on latest version (1.0.0)
2026-05-25 08:15:19 [INFO] AutoUpdater: Silent update status: Already up to date
2026-05-25 08:15:31 [INFO] APIDbManager: API token obtained from http://222.127.90.218
2026-05-25 08:15:32 [INFO] ping_monitor: PingMonitor started for test_admin (admin)
2026-05-25 08:23:09 [INFO] login: Logout requested - returning to login screen
2026-05-25 08:23:09 [INFO] ping_monitor: PingMonitor stopped for test_admin
2026-05-25 08:23:15 [INFO] ping_monitor: PingMonitor started for CL-0381 (user)
2026-05-25 08:23:16 [INFO] APIDbManager: API token obtained from http://222.127.90.218
2026-05-25 09:53:08 [INFO] RemoteDatabaseManager: API mode enabled — connecting via http://222.127.90.218
2026-05-25 09:53:10 [INFO] AutoUpdater: Silent updater: Checking for updates...
2026-05-25 09:53:10 [INFO] AutoUpdater: Silent update status: Checking for updates...
2026-05-25 09:53:10 [INFO] AutoUpdater: Silent updater: Already on latest version (1.0.0)
2026-05-25 09:53:10 [INFO] AutoUpdater: Silent update status: Already up to date
2026-05-25 09:53:16 [INFO] APIDbManager: API token obtained from http://222.127.90.218
2026-05-25 09:53:17 [INFO] ping_monitor: PingMonitor started for test_admin_A (admin)
2026-05-25 10:05:30 [INFO] login: Logout requested - returning to login screen
2026-05-25 10:05:30 [INFO] ping_monitor: PingMonitor stopped for test_admin_A
2026-05-25 10:05:38 [INFO] ping_monitor: PingMonitor started for CL-0381 (user)
2026-05-25 10:05:38 [INFO] APIDbManager: API token obtained from http://222.127.90.218
2026-05-25 10:21:58 [INFO] login: Logout requested - returning to login screen
2026-05-25 10:21:58 [INFO] ping_monitor: PingMonitor stopped for CL-0381
2026-05-25 10:22:08 [INFO] ping_monitor: PingMonitor started for test_admin_A (admin)
2026-05-25 10:37:48 [INFO] RemoteDatabaseManager: API mode enabled — connecting via http://222.127.90.218
2026-05-25 10:37:50 [INFO] AutoUpdater: Silent updater: Checking for updates...
2026-05-25 10:37:50 [INFO] AutoUpdater: Silent update status: Checking for updates...
2026-05-25 10:37:50 [INFO] AutoUpdater: Silent updater: Already on latest version (1.0.0)
2026-05-25 10:37:50 [INFO] AutoUpdater: Silent update status: Already up to date
2026-05-25 10:38:02 [INFO] APIDbManager: API token obtained from http://222.127.90.218
2026-05-25 10:38:04 [INFO] ping_monitor: PingMonitor started for IT-01 (super_admin)
2026-05-25 10:38:13 [CRITICAL] __main__: Uncaught exception:
Traceback (most recent call last):
  File "C:\Users\Admin\Operation-Report-System\super_admin_dashboard.py", line 439, in _start_maintenance
    username = self.parent().session.username if hasattr(self.parent(), 'session') else 'super_admin'
               ^^^^^^^^^^^^^^^^^^^^^^^^^^^^^^
AttributeError: 'SessionManager' object has no attribute 'username'

2026-05-25 10:38:26 [INFO] RemoteDatabaseManager: API mode enabled — connecting via http://222.127.90.218
2026-05-25 10:38:26 [INFO] AutoUpdater: Silent updater: Checking for updates...
2026-05-25 10:38:26 [INFO] AutoUpdater: Silent update status: Checking for updates...
2026-05-25 10:38:27 [INFO] AutoUpdater: Silent updater: Already on latest version (1.0.0)
2026-05-25 10:38:27 [INFO] AutoUpdater: Silent update status: Already up to date
2026-05-25 10:38:32 [INFO] ping_monitor: PingMonitor started for CL-0381 (user)
2026-05-25 10:38:32 [INFO] APIDbManager: API token obtained from http://222.127.90.218
2026-05-25 10:38:32 [INFO] APIDbManager: API token obtained from http://222.127.90.218
2026-05-25 10:40:29 [INFO] RemoteDatabaseManager: API mode enabled — connecting via http://222.127.90.218
2026-05-25 10:40:30 [INFO] AutoUpdater: Silent updater: Checking for updates...
2026-05-25 10:40:30 [INFO] AutoUpdater: Silent update status: Checking for updates...
2026-05-25 10:40:30 [INFO] AutoUpdater: Silent updater: Already on latest version (1.0.0)
2026-05-25 10:40:30 [INFO] AutoUpdater: Silent update status: Already up to date
2026-05-25 10:47:19 [INFO] APIDbManager: API token obtained from http://222.127.90.218
2026-05-25 10:47:20 [INFO] ping_monitor: PingMonitor started for test_admin_A (admin)
2026-05-25 10:50:49 [INFO] login: Logout requested - returning to login screen
2026-05-25 10:50:49 [INFO] ping_monitor: PingMonitor stopped for test_admin_A
2026-05-25 10:50:55 [INFO] ping_monitor: PingMonitor started for CL-0381 (user)
2026-05-25 10:50:55 [INFO] APIDbManager: API token obtained from http://222.127.90.218
2026-05-25 13:04:26 [INFO] login: Logout requested - returning to login screen
2026-05-25 13:04:26 [INFO] ping_monitor: PingMonitor stopped for CL-0381
2026-05-25 14:04:07 [INFO] ping_monitor: PingMonitor started for test_admin_A (admin)
2026-05-25 14:42:31 [INFO] login: Logout requested - returning to login screen
2026-05-25 14:42:31 [INFO] ping_monitor: PingMonitor stopped for test_admin_A
2026-05-25 14:50:56 [INFO] ping_monitor: PingMonitor started for test_admin_A (admin)
2026-05-25 15:45:28 [INFO] login: Logout requested - returning to login screen
2026-05-25 15:45:28 [INFO] ping_monitor: PingMonitor stopped for test_admin_A
2026-05-25 16:38:16 [INFO] ping_monitor: PingMonitor started for test_admin_A (admin)
2026-05-25 16:38:34 [INFO] login: Logout requested - returning to login screen
2026-05-25 16:38:34 [INFO] ping_monitor: PingMonitor stopped for test_admin_A
2026-05-25 16:38:38 [INFO] ping_monitor: PingMonitor started for test_admin (admin)
2026-05-25 16:39:06 [INFO] login: Logout requested - returning to login screen
2026-05-25 16:39:06 [INFO] ping_monitor: PingMonitor stopped for test_admin
2026-05-25 16:39:15 [INFO] ping_monitor: PingMonitor started for CL-0204 (user)
2026-05-25 16:39:15 [INFO] APIDbManager: API token obtained from http://222.127.90.218
2026-05-25 16:40:12 [INFO] login: Logout requested - returning to login screen
2026-05-25 16:40:12 [INFO] ping_monitor: PingMonitor stopped for CL-0204
2026-05-25 16:40:19 [INFO] ping_monitor: PingMonitor started for test_admin (admin)
2026-05-26 08:25:54 [INFO] RemoteDatabaseManager: API mode enabled — connecting via http://222.127.90.218
2026-05-26 08:25:56 [INFO] AutoUpdater: Silent updater: Checking for updates...
2026-05-26 08:25:56 [INFO] AutoUpdater: Silent update status: Checking for updates...
2026-05-26 08:25:56 [INFO] AutoUpdater: Silent updater: Already on latest version (1.0.0)
2026-05-26 08:25:56 [INFO] AutoUpdater: Silent update status: Already up to date
2026-05-26 08:25:59 [INFO] APIDbManager: API token obtained from http://222.127.90.218
2026-05-26 08:26:00 [INFO] ping_monitor: PingMonitor started for test_admin (admin)
2026-05-26 08:45:30 [INFO] login: Logout requested - returning to login screen
2026-05-26 08:45:30 [INFO] ping_monitor: PingMonitor stopped for test_admin
2026-05-26 08:45:36 [INFO] ping_monitor: PingMonitor started for CL-0381 (user)
2026-05-26 08:45:37 [INFO] APIDbManager: API token obtained from http://222.127.90.218
2026-05-26 09:05:45 [INFO] login: Logout requested - returning to login screen
2026-05-26 09:05:45 [INFO] ping_monitor: PingMonitor stopped for CL-0381
2026-05-26 09:05:54 [INFO] ping_monitor: PingMonitor started for test_admin_A (admin)
2026-05-26 09:26:12 [INFO] login: Logout requested - returning to login screen
2026-05-26 09:26:13 [INFO] ping_monitor: PingMonitor stopped for test_admin_A
2026-05-26 09:26:20 [INFO] ping_monitor: PingMonitor started for CL-0381 (user)
2026-05-26 09:26:21 [INFO] APIDbManager: API token obtained from http://222.127.90.218
2026-05-26 09:30:32 [INFO] login: Logout requested - returning to login screen
2026-05-26 09:30:32 [INFO] ping_monitor: PingMonitor stopped for CL-0381
2026-05-26 09:30:39 [INFO] ping_monitor: PingMonitor started for test_admin_A (admin)
2026-05-26 09:42:37 [INFO] login: Logout requested - returning to login screen
2026-05-26 09:42:37 [INFO] ping_monitor: PingMonitor stopped for test_admin_A
2026-05-26 09:42:43 [INFO] ping_monitor: PingMonitor started for IT-01 (super_admin)
2026-05-26 09:43:39 [INFO] login: Logout requested - returning to login screen
2026-05-26 09:43:39 [INFO] ping_monitor: PingMonitor stopped for IT-01
2026-05-26 09:43:46 [INFO] ping_monitor: PingMonitor started for test_admin_A (admin)
2026-05-26 09:44:08 [INFO] login: Logout requested - returning to login screen
2026-05-26 09:44:08 [INFO] ping_monitor: PingMonitor stopped for test_admin_A
2026-05-26 09:44:14 [INFO] ping_monitor: PingMonitor started for IT-01 (super_admin)
2026-05-26 09:58:50 [INFO] RemoteDatabaseManager: API mode enabled — connecting via http://222.127.90.218
2026-05-26 09:58:51 [INFO] AutoUpdater: Silent updater: Checking for updates...
2026-05-26 09:58:51 [INFO] AutoUpdater: Silent update status: Checking for updates...
2026-05-26 09:58:52 [INFO] AutoUpdater: Silent updater: Already on latest version (1.0.0)
2026-05-26 09:58:52 [INFO] AutoUpdater: Silent update status: Already up to date
2026-05-26 09:58:58 [INFO] APIDbManager: API token obtained from http://222.127.90.218
2026-05-26 09:58:59 [INFO] ping_monitor: PingMonitor started for test_admin_A (admin)
2026-05-26 11:36:51 [INFO] login: Logout requested - returning to login screen
2026-05-26 11:36:51 [INFO] ping_monitor: PingMonitor stopped for test_admin_A
2026-05-26 11:39:39 [INFO] ping_monitor: PingMonitor started for IT-01 (super_admin)
2026-05-26 12:30:15 [INFO] login: Logout requested - returning to login screen
2026-05-26 12:30:15 [INFO] ping_monitor: PingMonitor stopped for IT-01
2026-05-26 12:31:13 [INFO] ping_monitor: PingMonitor started for test_admin_A (admin)
2026-05-26 13:28:16 [INFO] login: Logout requested - returning to login screen
2026-05-26 13:28:16 [INFO] ping_monitor: PingMonitor stopped for test_admin_A
2026-05-26 13:28:19 [INFO] ping_monitor: PingMonitor started for test_admin_A (admin)
2026-05-26 13:28:24 [INFO] login: Logout requested - returning to login screen
2026-05-26 13:28:24 [INFO] ping_monitor: PingMonitor stopped for test_admin_A
2026-05-26 13:28:28 [INFO] ping_monitor: PingMonitor started for test_admin (admin)
2026-05-26 13:31:16 [INFO] login: Logout requested - returning to login screen
2026-05-26 13:31:16 [INFO] ping_monitor: PingMonitor stopped for test_admin
2026-05-26 13:49:05 [INFO] ping_monitor: PingMonitor started for CL-0381 (user)
2026-05-26 13:50:16 [INFO] APIDbManager: API token obtained from http://222.127.90.218
2026-05-26 13:57:41 [INFO] login: Logout requested - returning to login screen
2026-05-26 13:57:41 [INFO] ping_monitor: PingMonitor stopped for CL-0381
2026-05-26 13:58:29 [INFO] ping_monitor: PingMonitor started for test_admin_A (admin)
2026-05-26 13:58:35 [INFO] login: Logout requested - returning to login screen
2026-05-26 13:58:35 [INFO] ping_monitor: PingMonitor stopped for test_admin_A
2026-05-26 14:09:47 [INFO] ping_monitor: PingMonitor started for CL-0381 (user)
2026-05-26 14:09:48 [INFO] APIDbManager: API token obtained from http://222.127.90.218
2026-05-26 14:27:21 [INFO] Client.client_dashboard: daily_reports_brand_a verified: Debit=104544.75, Credit=12300.00, Ending=92244.75
2026-05-26 14:27:21 [INFO] Client.client_dashboard: daily_reports verified: Debit=217085.00, Credit=43205.00, Ending=173880.00
2026-05-26 14:27:21 [INFO] Client.client_dashboard: Palawan details saved to payable_tbl_brand_a for Brand A
2026-05-26 14:27:21 [INFO] Client.client_dashboard: Palawan details saved to payable_tbl_brand_a for Brand B
2026-05-26 14:27:21 [INFO] Client.client_dashboard: Cash Float saved: 1000.00
2026-05-26 14:32:20 [INFO] login: Logout requested - returning to login screen
2026-05-26 14:32:20 [INFO] ping_monitor: PingMonitor stopped for CL-0381
2026-05-26 14:32:23 [INFO] ping_monitor: PingMonitor started for CL-0381 (user)
2026-05-26 14:32:23 [INFO] APIDbManager: API token obtained from http://222.127.90.218
2026-05-26 14:33:01 [INFO] login: Logout requested - returning to login screen
2026-05-26 14:33:01 [INFO] ping_monitor: PingMonitor stopped for CL-0381
2026-05-26 14:33:21 [INFO] ping_monitor: PingMonitor started for test_admin (admin)
2026-05-26 14:47:34 [INFO] login: Logout requested - returning to login screen
2026-05-26 14:47:34 [INFO] ping_monitor: PingMonitor stopped for test_admin
2026-05-26 14:47:39 [INFO] ping_monitor: PingMonitor started for CL-0381 (user)
2026-05-26 14:47:39 [INFO] APIDbManager: API token obtained from http://222.127.90.218
2026-05-26 15:10:40 [INFO] RemoteDatabaseManager: API mode enabled — connecting via http://222.127.90.218
2026-05-26 15:10:42 [INFO] AutoUpdater: Silent updater: Checking for updates...
2026-05-26 15:10:42 [INFO] AutoUpdater: Silent update status: Checking for updates...
2026-05-26 15:10:42 [INFO] AutoUpdater: Silent updater: Already on latest version (1.0.0)
2026-05-26 15:10:42 [INFO] AutoUpdater: Silent update status: Already up to date
2026-05-26 15:10:45 [INFO] ping_monitor: PingMonitor started for CL-0381 (user)
2026-05-26 15:10:45 [INFO] APIDbManager: API token obtained from http://222.127.90.218
2026-05-26 15:10:45 [INFO] APIDbManager: API token obtained from http://222.127.90.218
2026-05-26 15:10:55 [INFO] login: Logout requested - returning to login screen
2026-05-26 15:10:55 [INFO] ping_monitor: PingMonitor stopped for CL-0381
2026-05-26 15:10:59 [INFO] APIDbManager: API token obtained from http://222.127.90.218
2026-05-26 15:10:59 [INFO] CurrencyManager: Currencies table initialized
2026-05-26 15:10:59 [INFO] CurrencyManager: Added currency: USD - US Dollar
2026-05-26 15:11:00 [INFO] CurrencyManager: Added currency: EUR - Euro
2026-05-26 15:11:00 [INFO] CurrencyManager: Added currency: JPY - Japanese Yen
2026-05-26 15:11:00 [INFO] CurrencyManager: Added currency: KRW - Korean Won
2026-05-26 15:11:00 [INFO] CurrencyManager: Added currency: CNY - Chinese Yuan
2026-05-26 15:11:00 [INFO] CurrencyManager: Added currency: SGD - Singapore Dollar
2026-05-26 15:11:00 [INFO] CurrencyManager: Added currency: AED - UAE Dirham
2026-05-26 15:11:00 [INFO] CurrencyManager: Added currency: SAR - Saudi Riyal
2026-05-26 15:11:00 [INFO] CurrencyManager: Added currency: AUD - Australian Dollar
2026-05-26 15:11:00 [INFO] CurrencyManager: Added currency: CAD - Canadian Dollar
2026-05-26 15:11:00 [INFO] CurrencyManager: Added currency: GBP - British Pound
2026-05-26 15:11:00 [INFO] CurrencyManager: Added currency: HKD - Hong Kong Dollar
2026-05-26 15:11:00 [INFO] CurrencyManager: Added currency: CHF - Swiss Franc
2026-05-26 15:11:00 [INFO] CurrencyManager: Added currency: NOK - Norwegian Krone
2026-05-26 15:11:00 [INFO] CurrencyManager: Added currency: SEK - Swedish Krona
2026-05-26 15:11:00 [INFO] CurrencyManager: Added currency: THB - Thai Baht
2026-05-26 15:11:00 [INFO] CurrencyManager: Added currency: MYR - Malaysian Ringgit
2026-05-26 15:11:00 [INFO] CurrencyManager: Added currency: IDR - Indonesian Rupiah
2026-05-26 15:11:00 [INFO] CurrencyManager: Added currency: VND - Vietnamese Dong
2026-05-26 15:11:00 [INFO] CurrencyManager: Added currency: TWD - Taiwan Dollar
2026-05-26 15:11:00 [INFO] CurrencyManager: Inserted 20 default currencies
2026-05-26 15:11:00 [INFO] ping_monitor: PingMonitor started for IT-01 (super_admin)
2026-05-26 15:11:14 [INFO] CurrencyManager: Added currency: test
2026-05-26 15:11:17 [INFO] login: Logout requested - returning to login screen
2026-05-26 15:11:17 [INFO] ping_monitor: PingMonitor stopped for IT-01
2026-05-26 15:11:22 [INFO] ping_monitor: PingMonitor started for CL-0381 (user)
2026-05-26 15:11:22 [INFO] APIDbManager: API token obtained from http://222.127.90.218
2026-05-26 15:11:54 [INFO] login: Logout requested - returning to login screen
2026-05-26 15:11:54 [INFO] ping_monitor: PingMonitor stopped for CL-0381
2026-05-26 15:11:58 [INFO] CurrencyManager: Currencies table initialized
2026-05-26 15:11:59 [INFO] ping_monitor: PingMonitor started for IT-01 (super_admin)
2026-05-26 15:12:08 [INFO] CurrencyManager: Removed currency: test
2026-05-26 15:12:11 [INFO] CurrencyManager: Removed currency: test
2026-05-26 15:12:19 [INFO] CurrencyManager: Removed currency: test
2026-05-26 15:13:17 [INFO] login: Logout requested - returning to login screen
2026-05-26 15:13:17 [INFO] ping_monitor: PingMonitor stopped for IT-01
2026-05-26 15:13:21 [INFO] ping_monitor: PingMonitor started for CL-0381 (user)
2026-05-26 15:13:22 [INFO] APIDbManager: API token obtained from http://222.127.90.218
2026-05-26 15:14:43 [INFO] login: Logout requested - returning to login screen
2026-05-26 15:14:43 [INFO] ping_monitor: PingMonitor stopped for CL-0381
2026-05-26 15:14:48 [INFO] CurrencyManager: Currencies table initialized
2026-05-26 15:14:49 [INFO] ping_monitor: PingMonitor started for IT-01 (super_admin)
2026-05-26 15:15:01 [INFO] CurrencyManager: Added currency: TST - TEST
2026-05-26 15:15:26 [INFO] login: Logout requested - returning to login screen
2026-05-26 15:15:26 [INFO] ping_monitor: PingMonitor stopped for IT-01
2026-05-26 15:15:33 [INFO] ping_monitor: PingMonitor started for test_admin (admin)
2026-05-26 15:15:58 [INFO] login: Logout requested - returning to login screen
2026-05-26 15:15:59 [INFO] ping_monitor: PingMonitor stopped for test_admin
2026-05-26 15:16:04 [INFO] CurrencyManager: Currencies table initialized
2026-05-26 15:16:04 [INFO] ping_monitor: PingMonitor started for IT-01 (super_admin)
2026-05-26 15:16:31 [INFO] login: Logout requested - returning to login screen
2026-05-26 15:16:31 [INFO] ping_monitor: PingMonitor stopped for IT-01
2026-05-26 15:16:36 [INFO] ping_monitor: PingMonitor started for CL-0381 (user)
2026-05-26 15:16:36 [INFO] APIDbManager: API token obtained from http://222.127.90.218
2026-05-26 15:30:48 [INFO] login: Logout requested - returning to login screen
2026-05-26 15:30:48 [INFO] ping_monitor: PingMonitor stopped for CL-0381
2026-05-26 15:54:48 [INFO] RemoteDatabaseManager: API mode enabled — connecting via http://222.127.90.218
2026-05-26 15:54:50 [INFO] AutoUpdater: Silent updater: Checking for updates...
2026-05-26 15:54:50 [INFO] AutoUpdater: Silent update status: Checking for updates...
2026-05-26 15:54:50 [INFO] AutoUpdater: Silent updater: Already on latest version (1.0.0)
2026-05-26 15:54:50 [INFO] AutoUpdater: Silent update status: Already up to date
2026-05-26 15:55:01 [INFO] APIDbManager: API token obtained from http://222.127.90.218
2026-05-26 15:55:02 [INFO] ping_monitor: PingMonitor started for test_admin_A (admin)
2026-05-26 15:56:18 [INFO] login: Logout requested - returning to login screen
2026-05-26 15:56:18 [INFO] ping_monitor: PingMonitor stopped for test_admin_A
2026-05-26 15:56:35 [INFO] ping_monitor: PingMonitor started for CL-0381 (user)
2026-05-26 15:56:36 [INFO] APIDbManager: API token obtained from http://222.127.90.218
2026-05-26 16:27:34 [INFO] login: Logout requested - returning to login screen
2026-05-26 16:27:34 [INFO] ping_monitor: PingMonitor stopped for CL-0381
2026-05-26 16:27:43 [INFO] ping_monitor: PingMonitor started for test_admin_A (admin)
2026-05-26 16:28:04 [INFO] login: Logout requested - returning to login screen
2026-05-26 16:28:04 [INFO] ping_monitor: PingMonitor stopped for test_admin_A
2026-05-26 16:28:08 [INFO] ping_monitor: PingMonitor started for test_admin (admin)
2026-05-27 08:13:29 [INFO] RemoteDatabaseManager: API mode enabled — connecting via http://222.127.90.218
2026-05-27 08:13:30 [INFO] AutoUpdater: Silent updater: Checking for updates...
2026-05-27 08:13:30 [INFO] AutoUpdater: Silent update status: Checking for updates...
2026-05-27 08:13:31 [INFO] AutoUpdater: Silent updater: Already on latest version (1.0.0)
2026-05-27 08:13:31 [INFO] AutoUpdater: Silent update status: Already up to date
2026-05-27 08:13:32 [INFO] APIDbManager: API token obtained from http://222.127.90.218
2026-05-27 08:13:34 [INFO] ping_monitor: PingMonitor started for test_admin (admin)
2026-05-27 08:54:51 [INFO] login: Logout requested - returning to login screen
2026-05-27 08:54:55 [INFO] RemoteDatabaseManager: API mode enabled — connecting via http://222.127.90.218
2026-05-27 08:54:56 [INFO] AutoUpdater: Silent updater: Checking for updates...
2026-05-27 08:54:56 [INFO] AutoUpdater: Silent update status: Checking for updates...
2026-05-27 08:54:56 [INFO] AutoUpdater: Silent updater: Already on latest version (1.0.0)
2026-05-27 08:54:56 [INFO] AutoUpdater: Silent update status: Already up to date
2026-05-27 08:55:01 [INFO] APIDbManager: API token obtained from http://222.127.90.218
2026-05-27 08:55:01 [INFO] CurrencyManager: Currencies table initialized
2026-05-27 08:55:03 [INFO] ping_monitor: PingMonitor started for IT-01 (super_admin)
2026-05-27 08:55:15 [INFO] CurrencyManager: Added currency: TST - TEST
2026-05-27 08:55:24 [INFO] login: Logout requested - returning to login screen
2026-05-27 08:55:28 [INFO] ping_monitor: PingMonitor started for CL-0381 (user)
2026-05-27 08:55:29 [INFO] APIDbManager: API token obtained from http://222.127.90.218
2026-05-27 08:56:30 [INFO] RemoteDatabaseManager: API mode enabled — connecting via http://222.127.90.218
2026-05-27 08:56:31 [INFO] AutoUpdater: Silent updater: Checking for updates...
2026-05-27 08:56:31 [INFO] AutoUpdater: Silent update status: Checking for updates...
2026-05-27 08:56:31 [INFO] AutoUpdater: Silent updater: Already on latest version (1.0.0)
2026-05-27 08:56:31 [INFO] AutoUpdater: Silent update status: Already up to date
2026-05-27 08:56:33 [INFO] ping_monitor: PingMonitor started for CL-0381 (user)
2026-05-27 08:56:33 [INFO] APIDbManager: API token obtained from http://222.127.90.218
2026-05-27 08:56:33 [INFO] APIDbManager: API token obtained from http://222.127.90.218
2026-05-27 08:58:44 [INFO] RemoteDatabaseManager: API mode enabled — connecting via http://222.127.90.218
2026-05-27 08:58:45 [INFO] AutoUpdater: Silent updater: Checking for updates...
2026-05-27 08:58:45 [INFO] AutoUpdater: Silent update status: Checking for updates...
2026-05-27 08:58:46 [INFO] AutoUpdater: Silent updater: Already on latest version (1.0.0)
2026-05-27 08:58:46 [INFO] AutoUpdater: Silent update status: Already up to date
2026-05-27 08:58:47 [INFO] ping_monitor: PingMonitor started for CL-0381 (user)
2026-05-27 08:58:48 [INFO] APIDbManager: API token obtained from http://222.127.90.218
2026-05-27 08:58:48 [INFO] APIDbManager: API token obtained from http://222.127.90.218
2026-05-27 09:05:30 [INFO] RemoteDatabaseManager: API mode enabled — connecting via http://222.127.90.218
2026-05-27 09:05:31 [INFO] AutoUpdater: Silent updater: Checking for updates...
2026-05-27 09:05:31 [INFO] AutoUpdater: Silent update status: Checking for updates...
2026-05-27 09:05:32 [INFO] AutoUpdater: Silent updater: Already on latest version (1.0.0)
2026-05-27 09:05:32 [INFO] AutoUpdater: Silent update status: Already up to date
2026-05-27 09:05:33 [INFO] ping_monitor: PingMonitor started for CL-0381 (user)
2026-05-27 09:05:33 [INFO] APIDbManager: API token obtained from http://222.127.90.218
2026-05-27 09:05:33 [INFO] APIDbManager: API token obtained from http://222.127.90.218
2026-05-27 09:08:21 [INFO] RemoteDatabaseManager: API mode enabled — connecting via http://222.127.90.218
2026-05-27 09:08:22 [INFO] AutoUpdater: Silent updater: Checking for updates...
2026-05-27 09:08:23 [INFO] AutoUpdater: Silent update status: Checking for updates...
2026-05-27 09:08:23 [INFO] AutoUpdater: Silent updater: Already on latest version (1.0.0)
2026-05-27 09:08:23 [INFO] AutoUpdater: Silent update status: Already up to date
2026-05-27 09:08:34 [INFO] ping_monitor: PingMonitor started for CL-0381 (user)
2026-05-27 09:08:34 [INFO] APIDbManager: API token obtained from http://222.127.90.218
2026-05-27 09:08:34 [INFO] APIDbManager: API token obtained from http://222.127.90.218
2026-05-27 09:09:46 [INFO] RemoteDatabaseManager: API mode enabled — connecting via http://222.127.90.218
2026-05-27 09:09:47 [INFO] AutoUpdater: Silent updater: Checking for updates...
2026-05-27 09:09:47 [INFO] AutoUpdater: Silent update status: Checking for updates...
2026-05-27 09:09:47 [INFO] AutoUpdater: Silent updater: Already on latest version (1.0.0)
2026-05-27 09:09:47 [INFO] AutoUpdater: Silent update status: Already up to date
2026-05-27 09:09:48 [INFO] ping_monitor: PingMonitor started for CL-0381 (user)
2026-05-27 09:09:48 [INFO] APIDbManager: API token obtained from http://222.127.90.218
2026-05-27 09:09:48 [INFO] APIDbManager: API token obtained from http://222.127.90.218
2026-05-27 09:12:14 [INFO] login: Logout requested - returning to login screen
2026-05-27 09:12:14 [INFO] ping_monitor: PingMonitor stopped for CL-0381
2026-05-27 09:12:36 [INFO] RemoteDatabaseManager: API mode enabled — connecting via http://222.127.90.218
2026-05-27 09:12:38 [INFO] AutoUpdater: Silent updater: Checking for updates...
2026-05-27 09:12:38 [INFO] AutoUpdater: Silent update status: Checking for updates...
2026-05-27 09:12:38 [INFO] AutoUpdater: Silent updater: Already on latest version (1.0.0)
2026-05-27 09:12:38 [INFO] AutoUpdater: Silent update status: Already up to date
2026-05-27 09:12:45 [INFO] APIDbManager: API token obtained from http://222.127.90.218
2026-05-27 09:12:46 [INFO] ping_monitor: PingMonitor started for test_admin_A (admin)
2026-05-27 09:15:23 [INFO] RemoteDatabaseManager: API mode enabled — connecting via http://222.127.90.218
2026-05-27 09:15:24 [INFO] AutoUpdater: Silent updater: Checking for updates...
2026-05-27 09:15:24 [INFO] AutoUpdater: Silent update status: Checking for updates...
2026-05-27 09:15:25 [INFO] AutoUpdater: Silent updater: Already on latest version (1.0.0)
2026-05-27 09:15:25 [INFO] AutoUpdater: Silent update status: Already up to date
2026-05-27 09:15:33 [INFO] ping_monitor: PingMonitor started for CL-0381 (user)
2026-05-27 09:15:33 [INFO] APIDbManager: API token obtained from http://222.127.90.218
2026-05-27 09:15:33 [INFO] APIDbManager: API token obtained from http://222.127.90.218
2026-05-27 09:19:28 [INFO] RemoteDatabaseManager: API mode enabled — connecting via http://222.127.90.218
2026-05-27 09:19:29 [INFO] AutoUpdater: Silent updater: Checking for updates...
2026-05-27 09:19:29 [INFO] AutoUpdater: Silent update status: Checking for updates...
2026-05-27 09:19:29 [INFO] AutoUpdater: Silent updater: Already on latest version (1.0.0)
2026-05-27 09:19:29 [INFO] AutoUpdater: Silent update status: Already up to date
2026-05-27 09:19:31 [INFO] ping_monitor: PingMonitor started for CL-0381 (user)
2026-05-27 09:19:31 [INFO] APIDbManager: API token obtained from http://222.127.90.218
2026-05-27 09:19:31 [INFO] APIDbManager: API token obtained from http://222.127.90.218
2026-05-27 09:22:35 [INFO] RemoteDatabaseManager: API mode enabled — connecting via http://222.127.90.218
2026-05-27 09:22:36 [INFO] AutoUpdater: Silent updater: Checking for updates...
2026-05-27 09:22:36 [INFO] AutoUpdater: Silent update status: Checking for updates...
2026-05-27 09:22:36 [INFO] AutoUpdater: Silent updater: Already on latest version (1.0.0)
2026-05-27 09:22:36 [INFO] AutoUpdater: Silent update status: Already up to date
2026-05-27 09:22:37 [INFO] ping_monitor: PingMonitor started for CL-0381 (user)
2026-05-27 09:22:38 [INFO] APIDbManager: API token obtained from http://222.127.90.218
2026-05-27 09:22:38 [INFO] APIDbManager: API token obtained from http://222.127.90.218
2026-05-27 09:27:40 [INFO] RemoteDatabaseManager: API mode enabled — connecting via http://222.127.90.218
2026-05-27 09:27:41 [INFO] AutoUpdater: Silent updater: Checking for updates...
2026-05-27 09:27:41 [INFO] AutoUpdater: Silent update status: Checking for updates...
2026-05-27 09:27:41 [INFO] AutoUpdater: Silent updater: Already on latest version (1.0.0)
2026-05-27 09:27:41 [INFO] AutoUpdater: Silent update status: Already up to date
2026-05-27 09:27:42 [INFO] ping_monitor: PingMonitor started for CL-0381 (user)
2026-05-27 09:27:43 [INFO] APIDbManager: API token obtained from http://222.127.90.218
2026-05-27 09:27:43 [INFO] APIDbManager: API token obtained from http://222.127.90.218
2026-05-27 09:27:54 [INFO] RemoteDatabaseManager: API mode enabled — connecting via http://222.127.90.218
2026-05-27 09:27:54 [INFO] AutoUpdater: Silent updater: Checking for updates...
2026-05-27 09:27:54 [INFO] AutoUpdater: Silent update status: Checking for updates...
2026-05-27 09:27:55 [INFO] AutoUpdater: Silent updater: Already on latest version (1.0.0)
2026-05-27 09:27:55 [INFO] AutoUpdater: Silent update status: Already up to date
2026-05-27 09:27:56 [INFO] ping_monitor: PingMonitor started for CL-0381 (user)
2026-05-27 09:27:57 [INFO] APIDbManager: API token obtained from http://222.127.90.218
2026-05-27 09:27:57 [INFO] APIDbManager: API token obtained from http://222.127.90.218
2026-05-27 09:28:35 [INFO] RemoteDatabaseManager: API mode enabled — connecting via http://222.127.90.218
2026-05-27 09:28:36 [INFO] AutoUpdater: Silent updater: Checking for updates...
2026-05-27 09:28:36 [INFO] AutoUpdater: Silent update status: Checking for updates...
2026-05-27 09:28:36 [INFO] AutoUpdater: Silent updater: Already on latest version (1.0.0)
2026-05-27 09:28:36 [INFO] AutoUpdater: Silent update status: Already up to date
2026-05-27 09:28:38 [INFO] ping_monitor: PingMonitor started for CL-0381 (user)
2026-05-27 09:28:38 [INFO] APIDbManager: API token obtained from http://222.127.90.218
2026-05-27 09:28:38 [INFO] APIDbManager: API token obtained from http://222.127.90.218
2026-05-27 09:30:27 [INFO] RemoteDatabaseManager: API mode enabled — connecting via http://222.127.90.218
2026-05-27 09:30:28 [INFO] AutoUpdater: Silent updater: Checking for updates...
2026-05-27 09:30:28 [INFO] AutoUpdater: Silent update status: Checking for updates...
2026-05-27 09:30:28 [INFO] AutoUpdater: Silent updater: Already on latest version (1.0.0)
2026-05-27 09:30:28 [INFO] AutoUpdater: Silent update status: Already up to date
2026-05-27 09:30:29 [INFO] ping_monitor: PingMonitor started for CL-0381 (user)
2026-05-27 09:30:31 [INFO] APIDbManager: API token obtained from http://222.127.90.218
2026-05-27 09:30:31 [INFO] APIDbManager: API token obtained from http://222.127.90.218
2026-05-27 09:32:45 [INFO] RemoteDatabaseManager: API mode enabled — connecting via http://222.127.90.218
2026-05-27 09:32:46 [INFO] AutoUpdater: Silent updater: Checking for updates...
2026-05-27 09:32:46 [INFO] AutoUpdater: Silent update status: Checking for updates...
2026-05-27 09:32:46 [INFO] AutoUpdater: Silent updater: Already on latest version (1.0.0)
2026-05-27 09:32:46 [INFO] AutoUpdater: Silent update status: Already up to date
2026-05-27 09:32:47 [INFO] ping_monitor: PingMonitor started for CL-0381 (user)
2026-05-27 09:32:48 [INFO] APIDbManager: API token obtained from http://222.127.90.218
2026-05-27 09:32:48 [INFO] APIDbManager: API token obtained from http://222.127.90.218
2026-05-27 09:34:55 [INFO] RemoteDatabaseManager: API mode enabled — connecting via http://222.127.90.218
2026-05-27 09:34:56 [INFO] AutoUpdater: Silent updater: Checking for updates...
2026-05-27 09:34:56 [INFO] AutoUpdater: Silent update status: Checking for updates...
2026-05-27 09:34:56 [INFO] AutoUpdater: Silent updater: Already on latest version (1.0.0)
2026-05-27 09:34:56 [INFO] AutoUpdater: Silent update status: Already up to date
2026-05-27 09:34:58 [INFO] ping_monitor: PingMonitor started for CL-0381 (user)
2026-05-27 09:34:58 [INFO] APIDbManager: API token obtained from http://222.127.90.218
2026-05-27 09:34:58 [INFO] APIDbManager: API token obtained from http://222.127.90.218
2026-05-27 09:35:04 [CRITICAL] __main__: Uncaught exception:
Traceback (most recent call last):
  File "C:\Users\Admin\Operation-Report-System\Client\cash_flow_tab.py", line 681, in <lambda>
    mc_btn.clicked.connect(lambda checked, lt=label_text, af=amount_field: self.open_mc_dialog(lt, af))
                                                                           ~~~~~~~~~~~~~~~~~~~^^^^^^^^
  File "C:\Users\Admin\Operation-Report-System\Client\cash_flow_tab.py", line 752, in open_mc_dialog
    dialog = MCCurrencyDialog(self, field_type, existing_entries)
  File "C:\Users\Admin\Operation-Report-System\Client\cash_flow_tab.py", line 137, in __init__
    self.popup_combo = PopupCombo()  # Prepare to add PopupCombo subclass
                       ^^^^^^^^^^
NameError: name 'PopupCombo' is not defined

2026-05-27 09:36:13 [INFO] RemoteDatabaseManager: API mode enabled — connecting via http://222.127.90.218
2026-05-27 09:36:14 [INFO] AutoUpdater: Silent updater: Checking for updates...
2026-05-27 09:36:14 [INFO] AutoUpdater: Silent update status: Checking for updates...
2026-05-27 09:36:14 [INFO] AutoUpdater: Silent updater: Already on latest version (1.0.0)
2026-05-27 09:36:14 [INFO] AutoUpdater: Silent update status: Already up to date
2026-05-27 09:36:16 [INFO] ping_monitor: PingMonitor started for CL-0381 (user)
2026-05-27 09:36:16 [INFO] APIDbManager: API token obtained from http://222.127.90.218
2026-05-27 09:36:16 [INFO] APIDbManager: API token obtained from http://222.127.90.218
2026-05-27 09:39:13 [CRITICAL] __main__: Uncaught exception:
Traceback (most recent call last):
  File "C:\Users\Admin\Operation-Report-System\Client\client_dashboard.py", line 2094, in eventFilter
    def eventFilter(self, obj, event):
    
KeyboardInterrupt

2026-05-27 09:39:18 [INFO] RemoteDatabaseManager: API mode enabled — connecting via http://222.127.90.218
2026-05-27 09:39:19 [INFO] AutoUpdater: Silent updater: Checking for updates...
2026-05-27 09:39:19 [INFO] AutoUpdater: Silent update status: Checking for updates...
2026-05-27 09:39:20 [INFO] AutoUpdater: Silent updater: Already on latest version (1.0.0)
2026-05-27 09:39:20 [INFO] AutoUpdater: Silent update status: Already up to date
2026-05-27 09:39:21 [INFO] ping_monitor: PingMonitor started for CL-0381 (user)
2026-05-27 09:39:22 [INFO] APIDbManager: API token obtained from http://222.127.90.218
2026-05-27 09:39:22 [INFO] APIDbManager: API token obtained from http://222.127.90.218
2026-05-27 09:39:59 [INFO] RemoteDatabaseManager: API mode enabled — connecting via http://222.127.90.218
2026-05-27 09:40:00 [INFO] AutoUpdater: Silent updater: Checking for updates...
2026-05-27 09:40:00 [INFO] AutoUpdater: Silent update status: Checking for updates...
2026-05-27 09:40:00 [INFO] AutoUpdater: Silent updater: Already on latest version (1.0.0)
2026-05-27 09:40:00 [INFO] AutoUpdater: Silent update status: Already up to date
2026-05-27 09:40:02 [INFO] ping_monitor: PingMonitor started for CL-0381 (user)
2026-05-27 09:40:02 [INFO] APIDbManager: API token obtained from http://222.127.90.218
2026-05-27 09:40:02 [INFO] APIDbManager: API token obtained from http://222.127.90.218
2026-05-27 09:41:18 [INFO] RemoteDatabaseManager: API mode enabled — connecting via http://222.127.90.218
2026-05-27 09:41:19 [INFO] AutoUpdater: Silent updater: Checking for updates...
2026-05-27 09:41:19 [INFO] AutoUpdater: Silent update status: Checking for updates...
2026-05-27 09:41:19 [INFO] AutoUpdater: Silent updater: Already on latest version (1.0.0)
2026-05-27 09:41:19 [INFO] AutoUpdater: Silent update status: Already up to date
2026-05-27 09:41:21 [INFO] ping_monitor: PingMonitor started for CL-0381 (user)
2026-05-27 09:41:21 [INFO] APIDbManager: API token obtained from http://222.127.90.218
2026-05-27 09:41:21 [INFO] APIDbManager: API token obtained from http://222.127.90.218
2026-05-27 09:41:55 [INFO] Client.client_dashboard: daily_reports_brand_a verified: Debit=18957.75, Credit=0.00, Ending=18957.75
2026-05-27 09:41:55 [INFO] Client.client_dashboard: daily_reports verified: Debit=179965.30, Credit=0.00, Ending=179965.30
2026-05-27 09:41:55 [INFO] Client.client_dashboard: Palawan details saved to payable_tbl_brand_a for Brand A
2026-05-27 09:41:55 [INFO] Client.client_dashboard: Palawan details saved to payable_tbl_brand_a for Brand B
2026-05-27 09:41:55 [INFO] Client.client_dashboard: Cash Float saved: 0.00
2026-05-27 09:45:29 [INFO] RemoteDatabaseManager: API mode enabled — connecting via http://222.127.90.218
2026-05-27 09:45:31 [INFO] AutoUpdater: Silent updater: Checking for updates...
2026-05-27 09:45:31 [INFO] AutoUpdater: Silent update status: Checking for updates...
2026-05-27 09:45:31 [INFO] AutoUpdater: Silent updater: Already on latest version (1.0.0)
2026-05-27 09:45:31 [INFO] AutoUpdater: Silent update status: Already up to date
2026-05-27 09:45:36 [INFO] APIDbManager: API token obtained from http://222.127.90.218
2026-05-27 09:45:36 [INFO] CurrencyManager: Currencies table initialized
2026-05-27 09:45:37 [INFO] ping_monitor: PingMonitor started for IT-01 (super_admin)
2026-05-27 09:45:43 [CRITICAL] __main__: Uncaught exception:
Traceback (most recent call last):
  File "C:\Users\Admin\Operation-Report-System\super_admin_dashboard.py", line 441, in _start_maintenance
    username = self.parent().session.username if hasattr(self.parent(), 'session') else 'super_admin'
               ^^^^^^^^^^^^^^^^^^^^^^^^^^^^^^
AttributeError: 'SessionManager' object has no attribute 'username'

2026-05-27 09:45:48 [INFO] RemoteDatabaseManager: API mode enabled — connecting via http://222.127.90.218
2026-05-27 09:45:48 [INFO] AutoUpdater: Silent updater: Checking for updates...
2026-05-27 09:45:48 [INFO] AutoUpdater: Silent update status: Checking for updates...
2026-05-27 09:45:49 [INFO] AutoUpdater: Silent updater: Already on latest version (1.0.0)
2026-05-27 09:45:49 [INFO] AutoUpdater: Silent update status: Already up to date
2026-05-27 09:45:55 [INFO] ping_monitor: PingMonitor started for CL-0381 (user)
2026-05-27 09:45:55 [INFO] APIDbManager: API token obtained from http://222.127.90.218
2026-05-27 09:45:55 [INFO] APIDbManager: API token obtained from http://222.127.90.218
2026-05-27 13:37:22 [INFO] RemoteDatabaseManager: API mode enabled — connecting via http://222.127.90.218
2026-05-27 13:37:24 [INFO] AutoUpdater: Silent updater: Checking for updates...
2026-05-27 13:37:24 [INFO] AutoUpdater: Silent update status: Checking for updates...
2026-05-27 13:37:24 [INFO] AutoUpdater: Silent updater: Already on latest version (1.0.0)
2026-05-27 13:37:24 [INFO] AutoUpdater: Silent update status: Already up to date
2026-05-27 13:37:26 [INFO] ping_monitor: PingMonitor started for CL-0381 (user)
2026-05-27 13:37:26 [INFO] APIDbManager: API token obtained from http://222.127.90.218
2026-05-27 13:37:26 [INFO] APIDbManager: API token obtained from http://222.127.90.218
2026-05-27 13:37:31 [INFO] login: Logout requested - returning to login screen
2026-05-27 13:37:31 [INFO] ping_monitor: PingMonitor stopped for CL-0381
2026-05-27 13:37:39 [INFO] ping_monitor: PingMonitor started for test_admin_A (admin)
2026-05-27 13:59:17 [INFO] login: Logout requested - returning to login screen
2026-05-27 13:59:17 [INFO] ping_monitor: PingMonitor stopped for test_admin_A
2026-05-27 13:59:21 [INFO] CurrencyManager: Currencies table initialized
2026-05-27 13:59:22 [INFO] ping_monitor: PingMonitor started for IT-01 (super_admin)
2026-05-27 13:59:28 [INFO] CurrencyManager: Removed currency: TST - TEST
2026-05-27 13:59:56 [INFO] CurrencyManager: Added currency: BND - BRUNEI DOLLAR
2026-05-27 14:00:25 [INFO] CurrencyManager: Added currency: NZD - NEW ZEALAND DOLLAR
2026-05-27 14:00:42 [INFO] CurrencyManager: Added currency: BHD - BAHRAIN DOLLAR
2026-05-27 14:00:54 [INFO] CurrencyManager: Added currency: KWD - KUWAIT DOLLAR
2026-05-27 14:01:04 [INFO] CurrencyManager: Added currency: QAR - DOLLAR
2026-05-27 14:01:32 [INFO] CurrencyManager: Removed currency: QAR - DOLLAR
2026-05-27 14:01:51 [INFO] CurrencyManager: Added currency: QAR - QATAR DOLLAR
2026-05-27 14:26:37 [INFO] login: Logout requested - returning to login screen
2026-05-27 14:26:37 [INFO] ping_monitor: PingMonitor stopped for IT-01
2026-05-27 14:26:43 [INFO] ping_monitor: PingMonitor started for test_admin_A (admin)
2026-05-27 15:06:10 [INFO] login: Logout requested - returning to login screen
2026-05-27 15:06:10 [INFO] ping_monitor: PingMonitor stopped for test_admin_A
2026-05-27 15:59:11 [INFO] RemoteDatabaseManager: API mode enabled — connecting via http://222.127.90.218
2026-05-27 15:59:12 [INFO] AutoUpdater: Silent updater: Checking for updates...
2026-05-27 15:59:12 [INFO] AutoUpdater: Silent update status: Checking for updates...
2026-05-27 15:59:13 [INFO] AutoUpdater: Silent updater: Already on latest version (1.0.0)
2026-05-27 15:59:13 [INFO] AutoUpdater: Silent update status: Already up to date
2026-05-27 16:00:08 [INFO] APIDbManager: API token obtained from http://222.127.90.218
2026-05-27 16:00:09 [INFO] ping_monitor: PingMonitor started for test_admin_A (admin)
2026-05-27 16:00:11 [INFO] login: Logout requested - returning to login screen
2026-05-27 16:00:11 [INFO] ping_monitor: PingMonitor stopped for test_admin_A
2026-05-28 09:46:15 [INFO] RemoteDatabaseManager: API mode enabled — connecting via http://222.127.90.218
2026-05-28 09:46:17 [INFO] AutoUpdater: Silent updater: Checking for updates...
2026-05-28 09:46:17 [INFO] AutoUpdater: Silent update status: Checking for updates...
2026-05-28 09:46:17 [INFO] AutoUpdater: Silent updater: Already on latest version (1.0.0)
2026-05-28 09:46:17 [INFO] AutoUpdater: Silent update status: Already up to date
2026-05-28 09:46:23 [INFO] ping_monitor: PingMonitor started for CL-0381 (user)
2026-05-28 09:46:23 [INFO] APIDbManager: API token obtained from http://222.127.90.218
2026-05-28 09:46:23 [INFO] APIDbManager: API token obtained from http://222.127.90.218
2026-05-28 09:53:00 [INFO] login: Logout requested - returning to login screen
2026-05-28 09:53:00 [INFO] ping_monitor: PingMonitor stopped for CL-0381
2026-05-28 09:53:06 [INFO] CurrencyManager: Currencies table initialized
2026-05-28 09:53:07 [INFO] ping_monitor: PingMonitor started for IT-01 (super_admin)
2026-05-28 09:57:23 [INFO] login: Logout requested - returning to login screen
2026-05-28 09:57:23 [INFO] ping_monitor: PingMonitor stopped for IT-01
2026-05-28 09:57:47 [INFO] ping_monitor: PingMonitor started for CL-0072 (user)
2026-05-28 09:57:48 [INFO] APIDbManager: API token obtained from http://222.127.90.218
2026-05-28 09:58:04 [INFO] login: Logout requested - returning to login screen
2026-05-28 09:58:04 [INFO] ping_monitor: PingMonitor stopped for CL-0072
2026-05-28 09:58:10 [INFO] CurrencyManager: Currencies table initialized
2026-05-28 09:58:11 [INFO] ping_monitor: PingMonitor started for IT-01 (super_admin)
2026-05-28 10:04:24 [INFO] login: Logout requested - returning to login screen
2026-05-28 10:04:24 [INFO] ping_monitor: PingMonitor stopped for IT-01
2026-05-28 10:04:28 [INFO] ping_monitor: PingMonitor started for CL-0381 (user)
2026-05-28 10:04:29 [INFO] APIDbManager: API token obtained from http://222.127.90.218
2026-05-28 10:11:02 [INFO] RemoteDatabaseManager: API mode enabled — connecting via http://222.127.90.218
2026-05-28 10:11:04 [INFO] AutoUpdater: Silent updater: Checking for updates...
2026-05-28 10:11:04 [INFO] AutoUpdater: Silent update status: Checking for updates...
2026-05-28 10:11:04 [INFO] AutoUpdater: Silent updater: Already on latest version (1.0.0)
2026-05-28 10:11:04 [INFO] AutoUpdater: Silent update status: Already up to date
2026-05-28 10:11:06 [INFO] ping_monitor: PingMonitor started for CL-0381 (user)
2026-05-28 10:11:06 [INFO] APIDbManager: API token obtained from http://222.127.90.218
2026-05-28 10:11:06 [INFO] APIDbManager: API token obtained from http://222.127.90.218
2026-05-28 10:12:45 [CRITICAL] __main__: Uncaught exception:
Traceback (most recent call last):
  File "C:\Users\Admin\Operation-Report-System\Client\client_dashboard.py", line 2094, in eventFilter
    def eventFilter(self, obj, event):
    
KeyboardInterrupt

2026-05-28 10:12:51 [INFO] RemoteDatabaseManager: API mode enabled — connecting via http://222.127.90.218
2026-05-28 10:12:52 [INFO] AutoUpdater: Silent updater: Checking for updates...
2026-05-28 10:12:52 [INFO] AutoUpdater: Silent update status: Checking for updates...
2026-05-28 10:12:52 [INFO] AutoUpdater: Silent updater: Already on latest version (1.0.0)
2026-05-28 10:12:52 [INFO] AutoUpdater: Silent update status: Already up to date
2026-05-28 10:13:13 [INFO] ping_monitor: PingMonitor started for CL-0381 (user)
2026-05-28 10:13:14 [INFO] APIDbManager: API token obtained from http://222.127.90.218
2026-05-28 10:13:15 [INFO] APIDbManager: API token obtained from http://222.127.90.218
2026-05-28 10:15:30 [INFO] RemoteDatabaseManager: API mode enabled — connecting via http://222.127.90.218
2026-05-28 10:15:31 [INFO] AutoUpdater: Silent updater: Checking for updates...
2026-05-28 10:15:31 [INFO] AutoUpdater: Silent update status: Checking for updates...
2026-05-28 10:15:31 [INFO] AutoUpdater: Silent updater: Already on latest version (1.0.0)
2026-05-28 10:15:31 [INFO] AutoUpdater: Silent update status: Already up to date
2026-05-28 10:15:42 [INFO] ping_monitor: PingMonitor started for CL-0381 (user)
2026-05-28 10:15:43 [INFO] APIDbManager: API token obtained from http://222.127.90.218
2026-05-28 10:15:43 [INFO] APIDbManager: API token obtained from http://222.127.90.218
2026-05-28 10:30:30 [INFO] RemoteDatabaseManager: API mode enabled — connecting via http://222.127.90.218
2026-05-28 10:30:32 [INFO] AutoUpdater: Silent updater: Checking for updates...
2026-05-28 10:30:32 [INFO] AutoUpdater: Silent update status: Checking for updates...
2026-05-28 10:30:32 [INFO] AutoUpdater: Silent updater: Already on latest version (1.0.0)
2026-05-28 10:30:32 [INFO] AutoUpdater: Silent update status: Already up to date
2026-05-28 10:30:35 [INFO] ping_monitor: PingMonitor started for CL-0381 (user)
2026-05-28 10:30:36 [INFO] APIDbManager: API token obtained from http://222.127.90.218
2026-05-28 10:30:36 [INFO] APIDbManager: API token obtained from http://222.127.90.218
2026-05-28 10:35:09 [INFO] RemoteDatabaseManager: API mode enabled — connecting via http://222.127.90.218
2026-05-28 10:35:10 [INFO] AutoUpdater: Silent updater: Checking for updates...
2026-05-28 10:35:10 [INFO] AutoUpdater: Silent update status: Checking for updates...
2026-05-28 10:35:11 [INFO] AutoUpdater: Silent updater: Already on latest version (1.0.0)
2026-05-28 10:35:11 [INFO] AutoUpdater: Silent update status: Already up to date
2026-05-28 10:35:23 [INFO] ping_monitor: PingMonitor started for CL-0381 (user)
2026-05-28 10:35:24 [INFO] APIDbManager: API token obtained from http://222.127.90.218
2026-05-28 10:35:24 [INFO] APIDbManager: API token obtained from http://222.127.90.218
2026-05-28 10:41:55 [INFO] RemoteDatabaseManager: API mode enabled — connecting via http://222.127.90.218
2026-05-28 10:41:56 [INFO] AutoUpdater: Silent updater: Checking for updates...
2026-05-28 10:41:56 [INFO] AutoUpdater: Silent update status: Checking for updates...
2026-05-28 10:41:56 [INFO] AutoUpdater: Silent updater: Already on latest version (1.0.0)
2026-05-28 10:41:56 [INFO] AutoUpdater: Silent update status: Already up to date
2026-05-28 10:41:58 [INFO] ping_monitor: PingMonitor started for CL-0381 (user)
2026-05-28 10:41:59 [INFO] APIDbManager: API token obtained from http://222.127.90.218
2026-05-28 10:41:59 [INFO] APIDbManager: API token obtained from http://222.127.90.218
2026-05-28 10:47:25 [INFO] RemoteDatabaseManager: API mode enabled — connecting via http://222.127.90.218
2026-05-28 10:47:26 [INFO] AutoUpdater: Silent updater: Checking for updates...
2026-05-28 10:47:26 [INFO] AutoUpdater: Silent update status: Checking for updates...
2026-05-28 10:47:26 [INFO] AutoUpdater: Silent updater: Already on latest version (1.0.0)
2026-05-28 10:47:26 [INFO] AutoUpdater: Silent update status: Already up to date
2026-05-28 10:47:29 [INFO] ping_monitor: PingMonitor started for CL-0381 (user)
2026-05-28 10:47:32 [INFO] APIDbManager: API token obtained from http://222.127.90.218
2026-05-28 10:47:32 [INFO] APIDbManager: API token obtained from http://222.127.90.218
2026-05-28 10:52:47 [INFO] RemoteDatabaseManager: API mode enabled — connecting via http://222.127.90.218
2026-05-28 10:52:49 [INFO] AutoUpdater: Silent updater: Checking for updates...
2026-05-28 10:52:49 [INFO] AutoUpdater: Silent update status: Checking for updates...
2026-05-28 10:52:49 [INFO] AutoUpdater: Silent updater: Already on latest version (1.0.0)
2026-05-28 10:52:49 [INFO] AutoUpdater: Silent update status: Already up to date
2026-05-28 10:53:23 [INFO] ping_monitor: PingMonitor started for CL-0381 (user)
2026-05-28 10:53:24 [INFO] APIDbManager: API token obtained from http://222.127.90.218
2026-05-28 10:53:24 [INFO] APIDbManager: API token obtained from http://222.127.90.218
2026-05-28 10:57:14 [INFO] RemoteDatabaseManager: API mode enabled — connecting via http://222.127.90.218
2026-05-28 10:57:15 [INFO] AutoUpdater: Silent updater: Checking for updates...
2026-05-28 10:57:15 [INFO] AutoUpdater: Silent update status: Checking for updates...
2026-05-28 10:57:15 [INFO] AutoUpdater: Silent updater: Already on latest version (1.0.0)
2026-05-28 10:57:15 [INFO] AutoUpdater: Silent update status: Already up to date
2026-05-28 10:57:17 [INFO] ping_monitor: PingMonitor started for CL-0381 (user)
2026-05-28 10:57:18 [INFO] APIDbManager: API token obtained from http://222.127.90.218
2026-05-28 10:57:18 [INFO] APIDbManager: API token obtained from http://222.127.90.218
2026-05-28 11:00:21 [INFO] login: Logout requested - returning to login screen
2026-05-28 11:00:21 [INFO] ping_monitor: PingMonitor stopped for CL-0381
2026-05-28 11:00:28 [INFO] ping_monitor: PingMonitor started for test_admin_A (admin)
2026-05-28 11:01:44 [INFO] login: Logout requested - returning to login screen
2026-05-28 11:01:44 [INFO] ping_monitor: PingMonitor stopped for test_admin_A
2026-05-28 11:01:49 [INFO] CurrencyManager: Currencies table initialized
2026-05-28 11:01:50 [INFO] ping_monitor: PingMonitor started for IT-01 (super_admin)
2026-05-28 11:06:01 [CRITICAL] __main__: Uncaught exception:
Traceback (most recent call last):
  File "C:\Users\Admin\Operation-Report-System\ping_monitor.py", line 544, in closeEvent
    def closeEvent(self, event):
    
KeyboardInterrupt

2026-05-28 11:06:06 [INFO] RemoteDatabaseManager: API mode enabled — connecting via http://222.127.90.218
2026-05-28 11:06:08 [INFO] AutoUpdater: Silent updater: Checking for updates...
2026-05-28 11:06:08 [INFO] AutoUpdater: Silent update status: Checking for updates...
2026-05-28 11:06:08 [INFO] AutoUpdater: Silent updater: Already on latest version (1.0.0)
2026-05-28 11:06:08 [INFO] AutoUpdater: Silent update status: Already up to date
2026-05-28 11:06:11 [INFO] APIDbManager: API token obtained from http://222.127.90.218
2026-05-28 11:06:11 [INFO] CurrencyManager: Currencies table initialized
2026-05-28 11:06:12 [INFO] ping_monitor: PingMonitor started for IT-01 (super_admin)
2026-05-28 12:24:41 [INFO] login: Logout requested - returning to login screen
2026-05-28 12:24:41 [INFO] ping_monitor: PingMonitor stopped for IT-01
2026-05-28 12:24:51 [INFO] CurrencyManager: Currencies table initialized
2026-05-28 12:24:51 [INFO] ping_monitor: PingMonitor started for IT-01 (super_admin)
2026-05-28 13:03:37 [INFO] RemoteDatabaseManager: API mode enabled — connecting via http://222.127.90.218
2026-05-28 13:03:39 [INFO] AutoUpdater: Silent updater: Checking for updates...
2026-05-28 13:03:39 [INFO] AutoUpdater: Silent update status: Checking for updates...
2026-05-28 13:03:39 [INFO] AutoUpdater: Silent updater: Already on latest version (1.0.0)
2026-05-28 13:03:39 [INFO] AutoUpdater: Silent update status: Already up to date
2026-05-28 13:03:42 [INFO] APIDbManager: API token obtained from http://222.127.90.218
2026-05-28 13:03:42 [INFO] CurrencyManager: Currencies table initialized
2026-05-28 13:03:43 [INFO] ping_monitor: PingMonitor started for IT-01 (super_admin)
2026-05-28 13:03:58 [INFO] login: Logout requested - returning to login screen
2026-05-28 13:03:58 [INFO] ping_monitor: PingMonitor stopped for IT-01
2026-05-28 13:04:03 [INFO] ping_monitor: PingMonitor started for CL-0381 (user)
2026-05-28 13:04:04 [INFO] APIDbManager: API token obtained from http://222.127.90.218
2026-05-28 13:04:40 [INFO] Client.client_dashboard: daily_reports_brand_a verified: Debit=45832.75, Credit=26875.00, Ending=18957.75
2026-05-28 13:04:40 [INFO] Client.client_dashboard: daily_reports verified: Debit=185916.30, Credit=6951.00, Ending=178965.30
2026-05-28 13:04:40 [INFO] Client.client_dashboard: Palawan details saved to payable_tbl_brand_a for Brand A
2026-05-28 13:04:40 [INFO] Client.client_dashboard: Palawan details saved to payable_tbl_brand_a for Brand B
2026-05-28 13:04:40 [INFO] Client.client_dashboard: Cash Float saved: 0.00
2026-05-28 13:05:01 [INFO] login: Logout requested - returning to login screen
2026-05-28 13:05:01 [INFO] ping_monitor: PingMonitor stopped for CL-0381
2026-05-28 13:05:10 [INFO] ping_monitor: PingMonitor started for test_admin (admin)
2026-05-28 13:07:04 [INFO] login: Logout requested - returning to login screen
2026-05-28 13:07:04 [INFO] ping_monitor: PingMonitor stopped for test_admin
2026-05-28 13:07:10 [INFO] ping_monitor: PingMonitor started for test_admin_A (admin)
2026-05-28 13:10:44 [INFO] login: Logout requested - returning to login screen
2026-05-28 13:10:49 [INFO] ping_monitor: PingMonitor started for CL-0381 (user)
2026-05-28 13:10:50 [INFO] APIDbManager: API token obtained from http://222.127.90.218
2026-05-28 13:10:58 [WARNING] Client.client_dashboard: _load_brand_report_data: No row found for brand=Brand B branch=HEAD OFFICE date=2026-03-01 corp=HEAD OFFICE
2026-05-28 13:13:47 [INFO] RemoteDatabaseManager: API mode enabled — connecting via http://222.127.90.218
2026-05-28 13:13:48 [INFO] AutoUpdater: Silent updater: Checking for updates...
2026-05-28 13:13:48 [INFO] AutoUpdater: Silent update status: Checking for updates...
2026-05-28 13:13:48 [INFO] AutoUpdater: Silent updater: Already on latest version (1.0.0)
2026-05-28 13:13:48 [INFO] AutoUpdater: Silent update status: Already up to date
2026-05-28 13:13:50 [INFO] ping_monitor: PingMonitor started for CL-0381 (user)
2026-05-28 13:13:51 [INFO] APIDbManager: API token obtained from http://222.127.90.218
2026-05-28 13:13:51 [INFO] APIDbManager: API token obtained from http://222.127.90.218
2026-05-28 13:16:05 [INFO] RemoteDatabaseManager: API mode enabled — connecting via http://222.127.90.218
2026-05-28 13:16:06 [INFO] AutoUpdater: Silent updater: Checking for updates...
2026-05-28 13:16:06 [INFO] AutoUpdater: Silent update status: Checking for updates...
2026-05-28 13:16:06 [INFO] AutoUpdater: Silent updater: Already on latest version (1.0.0)
2026-05-28 13:16:06 [INFO] AutoUpdater: Silent update status: Already up to date
2026-05-28 13:16:08 [INFO] ping_monitor: PingMonitor started for CL-0381 (user)
2026-05-28 13:16:08 [INFO] APIDbManager: API token obtained from http://222.127.90.218
2026-05-28 13:16:08 [INFO] APIDbManager: API token obtained from http://222.127.90.218
2026-05-28 13:18:05 [INFO] RemoteDatabaseManager: API mode enabled — connecting via http://222.127.90.218
2026-05-28 13:18:06 [INFO] AutoUpdater: Silent updater: Checking for updates...
2026-05-28 13:18:06 [INFO] AutoUpdater: Silent update status: Checking for updates...
2026-05-28 13:18:07 [INFO] AutoUpdater: Silent updater: Already on latest version (1.0.0)
2026-05-28 13:18:07 [INFO] AutoUpdater: Silent update status: Already up to date
2026-05-28 13:18:08 [INFO] ping_monitor: PingMonitor started for CL-0381 (user)
2026-05-28 13:18:09 [INFO] APIDbManager: API token obtained from http://222.127.90.218
2026-05-28 13:18:09 [INFO] APIDbManager: API token obtained from http://222.127.90.218
2026-05-28 13:20:51 [INFO] RemoteDatabaseManager: API mode enabled — connecting via http://222.127.90.218
2026-05-28 13:20:52 [INFO] AutoUpdater: Silent updater: Checking for updates...
2026-05-28 13:20:52 [INFO] AutoUpdater: Silent update status: Checking for updates...
2026-05-28 13:20:53 [INFO] AutoUpdater: Silent updater: Already on latest version (1.0.0)
2026-05-28 13:20:53 [INFO] AutoUpdater: Silent update status: Already up to date
2026-05-28 13:20:54 [INFO] ping_monitor: PingMonitor started for CL-0381 (user)
2026-05-28 13:20:55 [INFO] APIDbManager: API token obtained from http://222.127.90.218
2026-05-28 13:20:55 [INFO] APIDbManager: API token obtained from http://222.127.90.218
2026-05-28 13:22:18 [WARNING] Client.client_dashboard: _load_brand_report_data: No row found for brand=Brand B branch=HEAD OFFICE date=2026-03-02 corp=HEAD OFFICE
2026-05-28 13:44:34 [INFO] RemoteDatabaseManager: API mode enabled — connecting via http://222.127.90.218
2026-05-28 13:44:35 [INFO] AutoUpdater: Silent updater: Checking for updates...
2026-05-28 13:44:35 [INFO] AutoUpdater: Silent update status: Checking for updates...
2026-05-28 13:44:36 [INFO] AutoUpdater: Silent updater: Already on latest version (1.0.0)
2026-05-28 13:44:36 [INFO] AutoUpdater: Silent update status: Already up to date
2026-05-28 13:44:43 [INFO] APIDbManager: API token obtained from http://222.127.90.218
2026-05-28 13:44:44 [INFO] ping_monitor: PingMonitor started for test_admin (admin)
2026-05-28 13:48:24 [INFO] login: Logout requested - returning to login screen
2026-05-28 13:48:24 [INFO] ping_monitor: PingMonitor stopped for test_admin
2026-05-28 13:53:38 [INFO] RemoteDatabaseManager: API mode enabled — connecting via http://222.127.90.218
2026-05-28 13:53:40 [INFO] AutoUpdater: Silent updater: Checking for updates...
2026-05-28 13:53:40 [INFO] AutoUpdater: Silent update status: Checking for updates...
2026-05-28 13:53:40 [INFO] AutoUpdater: Silent updater: Already on latest version (1.0.0)
2026-05-28 13:53:40 [INFO] AutoUpdater: Silent update status: Already up to date
2026-05-28 13:53:42 [INFO] APIDbManager: API token obtained from http://222.127.90.218
2026-05-28 13:53:43 [INFO] ping_monitor: PingMonitor started for test_admin (admin)
2026-05-28 13:53:47 [INFO] login: Logout requested - returning to login screen
2026-05-28 13:53:47 [INFO] ping_monitor: PingMonitor stopped for test_admin
2026-05-28 13:53:51 [INFO] ping_monitor: PingMonitor started for CL-0381 (user)
2026-05-28 13:53:52 [INFO] APIDbManager: API token obtained from http://222.127.90.218
2026-05-28 13:54:29 [INFO] Client.client_dashboard: daily_reports_brand_a verified: Debit=18972.22, Credit=4.00, Ending=18968.22
2026-05-28 13:54:29 [INFO] Client.client_dashboard: daily_reports verified: Debit=179979.30, Credit=2.00, Ending=179977.30
2026-05-28 13:54:29 [INFO] Client.client_dashboard: Palawan details saved to payable_tbl_brand_a for Brand A
2026-05-28 13:54:29 [INFO] Client.client_dashboard: Palawan details saved to payable_tbl_brand_a for Brand B
2026-05-28 13:54:29 [INFO] Client.client_dashboard: Cash Float saved: 0.00
2026-05-28 13:54:33 [WARNING] Client.client_dashboard: _load_brand_report_data: No row found for brand=Brand A branch=HEAD OFFICE date=2026-05-28 corp=HEAD OFFICE
2026-05-28 13:54:33 [WARNING] Client.client_dashboard: _load_brand_report_data: No row found for brand=Brand B branch=HEAD OFFICE date=2026-05-28 corp=HEAD OFFICE
2026-05-28 14:19:24 [INFO] login: Logout requested - returning to login screen
2026-05-28 14:19:24 [INFO] ping_monitor: PingMonitor stopped for CL-0381
2026-05-28 14:19:30 [INFO] ping_monitor: PingMonitor started for test_admin_A (admin)
2026-05-28 14:57:01 [INFO] login: Logout requested - returning to login screen
2026-05-28 14:57:01 [INFO] ping_monitor: PingMonitor stopped for test_admin_A
2026-05-29 08:07:35 [INFO] RemoteDatabaseManager: API mode enabled — connecting via http://222.127.90.218
2026-05-29 08:07:38 [INFO] AutoUpdater: Silent updater: Checking for updates...
2026-05-29 08:07:38 [INFO] AutoUpdater: Silent update status: Checking for updates...
2026-05-29 08:07:38 [INFO] AutoUpdater: Silent updater: Already on latest version (1.0.0)
2026-05-29 08:07:38 [INFO] AutoUpdater: Silent update status: Already up to date
2026-05-29 08:07:41 [INFO] APIDbManager: API token obtained from http://222.127.90.218
2026-05-29 08:07:42 [INFO] ping_monitor: PingMonitor started for test_admin_A (admin)
2026-05-29 08:07:45 [INFO] login: Logout requested - returning to login screen
2026-05-29 08:07:51 [INFO] CurrencyManager: Currencies table initialized
2026-05-29 08:07:52 [INFO] ping_monitor: PingMonitor started for IT-01 (super_admin)
2026-05-29 08:37:52 [INFO] login: Logout requested - returning to login screen
2026-05-29 08:37:56 [INFO] CurrencyManager: Currencies table initialized
2026-05-29 08:37:57 [INFO] ping_monitor: PingMonitor started for IT-01 (super_admin)
2026-05-29 09:55:34 [INFO] login: Logout requested - returning to login screen
2026-05-29 09:55:34 [INFO] ping_monitor: PingMonitor stopped for IT-01
2026-05-29 10:16:31 [INFO] CurrencyManager: Currencies table initialized
2026-05-29 10:16:32 [INFO] ping_monitor: PingMonitor started for IT-01 (super_admin)
2026-05-29 11:06:29 [INFO] login: Logout requested - returning to login screen
2026-05-29 11:06:29 [INFO] ping_monitor: PingMonitor stopped for IT-01
2026-05-29 11:06:34 [INFO] CurrencyManager: Currencies table initialized
2026-05-29 11:06:35 [INFO] ping_monitor: PingMonitor started for IT-01 (super_admin)
2026-05-29 13:27:09 [INFO] login: Logout requested - returning to login screen
2026-05-29 13:27:09 [INFO] ping_monitor: PingMonitor stopped for IT-01
2026-05-29 13:27:13 [INFO] CurrencyManager: Currencies table initialized
2026-05-29 13:27:14 [INFO] ping_monitor: PingMonitor started for IT-01 (super_admin)
2026-05-29 14:29:22 [INFO] login: Logout requested - returning to login screen
2026-05-29 14:29:22 [INFO] ping_monitor: PingMonitor stopped for IT-01
2026-05-29 14:40:15 [INFO] CurrencyManager: Currencies table initialized
2026-05-29 14:40:16 [INFO] ping_monitor: PingMonitor started for IT-01 (super_admin)
2026-05-30 09:23:57 [INFO] RemoteDatabaseManager: API mode enabled — connecting via http://222.127.90.218
2026-05-30 09:23:59 [INFO] AutoUpdater: Silent updater: Checking for updates...
2026-05-30 09:23:59 [INFO] AutoUpdater: Silent update status: Checking for updates...
2026-05-30 09:23:59 [INFO] AutoUpdater: Silent updater: Already on latest version (1.0.0)
2026-05-30 09:23:59 [INFO] AutoUpdater: Silent update status: Already up to date
2026-05-30 09:49:33 [INFO] APIDbManager: API token obtained from http://222.127.90.218
2026-05-30 09:49:33 [INFO] CurrencyManager: Currencies table initialized
2026-05-30 09:49:36 [INFO] ping_monitor: PingMonitor started for IT-01 (super_admin)
2026-05-30 10:40:38 [INFO] login: Logout requested - returning to login screen
2026-05-30 10:40:38 [INFO] ping_monitor: PingMonitor stopped for IT-01
2026-05-30 10:40:41 [INFO] CurrencyManager: Currencies table initialized
2026-05-30 10:40:41 [INFO] ping_monitor: PingMonitor started for IT-01 (super_admin)
2026-05-30 11:00:41 [INFO] login: Logout requested - returning to login screen
2026-05-30 11:00:41 [INFO] ping_monitor: PingMonitor stopped for IT-01
2026-05-30 11:00:48 [INFO] ping_monitor: PingMonitor started for CL-0381 (user)
2026-05-30 11:00:48 [INFO] APIDbManager: API token obtained from http://222.127.90.218
2026-05-30 12:03:33 [INFO] login: Logout requested - returning to login screen
2026-05-30 12:03:33 [INFO] ping_monitor: PingMonitor stopped for CL-0381
2026-05-30 12:56:53 [INFO] CurrencyManager: Currencies table initialized
2026-05-30 12:56:55 [INFO] ping_monitor: PingMonitor started for IT-01 (super_admin)
2026-05-30 13:35:08 [INFO] login: Logout requested - returning to login screen
2026-05-30 13:35:08 [INFO] ping_monitor: PingMonitor stopped for IT-01
2026-05-30 13:35:12 [INFO] CurrencyManager: Currencies table initialized
2026-05-30 13:35:12 [INFO] ping_monitor: PingMonitor started for IT-01 (super_admin)
2026-05-30 14:11:07 [INFO] login: Logout requested - returning to login screen
2026-05-30 14:11:07 [INFO] ping_monitor: PingMonitor stopped for IT-01
2026-05-30 14:11:12 [INFO] CurrencyManager: Currencies table initialized
2026-05-30 14:11:12 [INFO] ping_monitor: PingMonitor started for IT-01 (super_admin)
2026-05-30 16:13:21 [INFO] login: Logout requested - returning to login screen
2026-05-30 16:13:21 [INFO] ping_monitor: PingMonitor stopped for IT-01
2026-05-30 16:13:26 [INFO] CurrencyManager: Currencies table initialized
2026-05-30 16:13:27 [INFO] ping_monitor: PingMonitor started for IT-01 (super_admin)
2026-05-30 16:54:16 [INFO] login: Logout requested - returning to login screen
2026-05-30 16:54:16 [INFO] ping_monitor: PingMonitor stopped for IT-01
2026-06-01 08:23:57 [INFO] RemoteDatabaseManager: API mode enabled — connecting via http://222.127.90.218
2026-06-01 08:23:58 [INFO] AutoUpdater: Silent updater: Checking for updates...
2026-06-01 08:23:58 [INFO] AutoUpdater: Silent update status: Checking for updates...
2026-06-01 08:23:58 [INFO] AutoUpdater: Silent updater: Already on latest version (1.0.0)
2026-06-01 08:23:58 [INFO] AutoUpdater: Silent update status: Already up to date
2026-06-01 08:24:50 [INFO] APIDbManager: API token obtained from http://222.127.90.218
2026-06-01 08:24:51 [INFO] ping_monitor: PingMonitor started for test_admin_A (admin)
2026-06-01 08:27:45 [INFO] login: Logout requested - returning to login screen
2026-06-01 08:27:45 [INFO] ping_monitor: PingMonitor stopped for test_admin_A
2026-06-01 08:27:52 [INFO] ping_monitor: PingMonitor started for test_admin (admin)
2026-06-01 08:29:45 [INFO] login: Logout requested - returning to login screen
2026-06-01 08:29:45 [INFO] ping_monitor: PingMonitor stopped for test_admin
2026-06-01 08:29:51 [INFO] ping_monitor: PingMonitor started for CL-0381 (user)
2026-06-01 08:29:52 [INFO] APIDbManager: API token obtained from http://222.127.90.218
2026-06-01 08:32:25 [INFO] Client.client_dashboard: daily_reports_brand_a verified: Debit=19022.01, Credit=39.00, Ending=18983.01
2026-06-01 08:32:25 [INFO] Client.client_dashboard: daily_reports verified: Debit=180006.36, Credit=24.00, Ending=179982.36
2026-06-01 08:32:25 [INFO] Client.client_dashboard: Cash Float saved: 100.00
2026-06-01 08:32:29 [INFO] login: Logout requested - returning to login screen
2026-06-01 08:32:29 [INFO] ping_monitor: PingMonitor stopped for CL-0381
2026-06-01 08:32:36 [INFO] ping_monitor: PingMonitor started for test_admin_A (admin)
2026-06-01 08:40:41 [INFO] RemoteDatabaseManager: API mode enabled — connecting via http://222.127.90.218
2026-06-01 08:40:42 [INFO] AutoUpdater: Silent updater: Checking for updates...
2026-06-01 08:40:42 [INFO] AutoUpdater: Silent update status: Checking for updates...
2026-06-01 08:40:42 [INFO] AutoUpdater: Silent updater: Already on latest version (1.0.0)
2026-06-01 08:40:42 [INFO] AutoUpdater: Silent update status: Already up to date
2026-06-01 08:40:44 [INFO] APIDbManager: API token obtained from http://222.127.90.218
2026-06-01 08:40:45 [INFO] ping_monitor: PingMonitor started for test_admin_A (admin)
2026-06-01 08:41:52 [INFO] login: Logout requested - returning to login screen
2026-06-01 08:41:52 [INFO] ping_monitor: PingMonitor stopped for test_admin_A
2026-06-01 08:42:00 [INFO] ping_monitor: PingMonitor started for test_admin (admin)
2026-06-03 08:20:55 [INFO] RemoteDatabaseManager: API mode enabled — connecting via http://222.127.90.218
2026-06-03 08:20:57 [INFO] AutoUpdater: Silent updater: Checking for updates...
2026-06-03 08:20:57 [INFO] AutoUpdater: Silent update status: Checking for updates...
2026-06-03 08:20:57 [INFO] AutoUpdater: Silent updater: Already on latest version (1.0.0)
2026-06-03 08:20:57 [INFO] AutoUpdater: Silent update status: Already up to date
2026-06-03 08:21:00 [INFO] APIDbManager: API token obtained from http://222.127.90.218
2026-06-03 08:21:01 [INFO] ping_monitor: PingMonitor started for test_admin_A (admin)
2026-06-03 08:21:14 [INFO] login: Logout requested - returning to login screen
2026-06-03 08:21:14 [INFO] ping_monitor: PingMonitor stopped for test_admin_A
2026-06-03 08:21:33 [INFO] CurrencyManager: Currencies table initialized
2026-06-03 08:21:34 [INFO] ping_monitor: PingMonitor started for IT-01 (super_admin)
2026-06-03 08:22:29 [INFO] login: Logout requested - returning to login screen
2026-06-03 08:22:29 [INFO] ping_monitor: PingMonitor stopped for IT-01
2026-06-03 08:53:20 [INFO] CurrencyManager: Currencies table initialized
2026-06-03 08:53:21 [INFO] ping_monitor: PingMonitor started for IT-01 (super_admin)
2026-06-03 09:32:00 [INFO] RemoteDatabaseManager: API mode enabled — connecting via http://222.127.90.218
2026-06-03 09:32:02 [INFO] AutoUpdater: Silent updater: Checking for updates...
2026-06-03 09:32:02 [INFO] AutoUpdater: Silent update status: Checking for updates...
2026-06-03 09:32:03 [INFO] AutoUpdater: Silent updater: Already on latest version (1.0.0)
2026-06-03 09:32:03 [INFO] AutoUpdater: Silent update status: Already up to date
2026-06-03 09:32:39 [INFO] APIDbManager: API token obtained from http://222.127.90.218
2026-06-03 09:32:40 [INFO] ping_monitor: PingMonitor started for test_admin_A (admin)
2026-06-03 10:00:33 [INFO] RemoteDatabaseManager: API mode enabled — connecting via http://222.127.90.218
2026-06-03 10:00:39 [INFO] RemoteDatabaseManager: API mode enabled — connecting via http://222.127.90.218
2026-06-03 10:00:40 [INFO] AutoUpdater: Silent updater: Checking for updates...
2026-06-03 10:00:40 [INFO] AutoUpdater: Silent update status: Checking for updates...
2026-06-03 10:00:41 [INFO] AutoUpdater: Silent updater: Already on latest version (1.0.0)
2026-06-03 10:00:41 [INFO] AutoUpdater: Silent update status: Already up to date
2026-06-03 10:00:43 [INFO] APIDbManager: API token obtained from http://222.127.90.218
2026-06-03 10:00:44 [INFO] ping_monitor: PingMonitor started for test_admin_A (admin)
2026-06-03 10:06:40 [INFO] RemoteDatabaseManager: API mode enabled — connecting via http://222.127.90.218
2026-06-03 10:06:42 [INFO] AutoUpdater: Silent updater: Checking for updates...
2026-06-03 10:06:42 [INFO] AutoUpdater: Silent update status: Checking for updates...
2026-06-03 10:06:42 [INFO] AutoUpdater: Silent updater: Already on latest version (1.0.0)
2026-06-03 10:06:42 [INFO] AutoUpdater: Silent update status: Already up to date
2026-06-03 10:06:44 [INFO] APIDbManager: API token obtained from http://222.127.90.218
2026-06-03 10:06:46 [INFO] ping_monitor: PingMonitor started for test_admin_A (admin)
2026-06-03 10:31:25 [INFO] RemoteDatabaseManager: API mode enabled — connecting via http://222.127.90.218
2026-06-03 10:31:27 [INFO] AutoUpdater: Silent updater: Checking for updates...
2026-06-03 10:31:27 [INFO] AutoUpdater: Silent update status: Checking for updates...
2026-06-03 10:31:27 [INFO] AutoUpdater: Silent updater: Already on latest version (1.0.0)
2026-06-03 10:31:27 [INFO] AutoUpdater: Silent update status: Already up to date
2026-06-03 10:31:29 [INFO] APIDbManager: API token obtained from http://222.127.90.218
2026-06-03 10:31:30 [INFO] ping_monitor: PingMonitor started for test_admin_A (admin)
2026-06-03 10:33:34 [INFO] login: Logout requested - returning to login screen
2026-06-03 10:33:34 [INFO] ping_monitor: PingMonitor stopped for test_admin_A
2026-06-03 10:33:39 [INFO] ping_monitor: PingMonitor started for CL-0381 (user)
2026-06-03 10:33:39 [INFO] APIDbManager: API token obtained from http://222.127.90.218
2026-06-03 10:34:55 [INFO] Client.client_dashboard: daily_reports_brand_a verified: Debit=10138.68, Credit=155.00, Ending=9983.68
2026-06-03 10:34:55 [INFO] Client.client_dashboard: daily_reports verified: Debit=180007.36, Credit=24.00, Ending=179983.36
2026-06-03 10:34:55 [INFO] Client.client_dashboard: Cash Float saved: 100.00
2026-06-03 10:35:00 [INFO] login: Logout requested - returning to login screen
2026-06-03 10:35:00 [INFO] ping_monitor: PingMonitor stopped for CL-0381
2026-06-03 10:35:07 [INFO] ping_monitor: PingMonitor started for test_admin_A (admin)
2026-06-03 10:36:12 [INFO] login: Logout requested - returning to login screen
2026-06-03 10:36:12 [INFO] ping_monitor: PingMonitor stopped for test_admin_A
2026-06-03 10:36:17 [INFO] ping_monitor: PingMonitor started for CL-0381 (user)
2026-06-03 10:36:17 [INFO] APIDbManager: API token obtained from http://222.127.90.218
2026-06-03 10:39:47 [INFO] RemoteDatabaseManager: API mode enabled — connecting via http://222.127.90.218
2026-06-03 10:39:49 [INFO] AutoUpdater: Silent updater: Checking for updates...
2026-06-03 10:39:50 [INFO] AutoUpdater: Silent update status: Checking for updates...
2026-06-03 10:39:50 [INFO] AutoUpdater: Silent updater: Already on latest version (1.0.0)
2026-06-03 10:39:50 [INFO] AutoUpdater: Silent update status: Already up to date
2026-06-03 10:39:51 [INFO] ping_monitor: PingMonitor started for CL-0381 (user)
2026-06-03 10:39:52 [INFO] APIDbManager: API token obtained from http://222.127.90.218
2026-06-03 10:39:52 [INFO] APIDbManager: API token obtained from http://222.127.90.218
2026-06-03 10:39:57 [INFO] login: Logout requested - returning to login screen
2026-06-03 10:39:57 [INFO] ping_monitor: PingMonitor stopped for CL-0381
2026-06-03 10:40:02 [INFO] CurrencyManager: Currencies table initialized
2026-06-03 10:40:03 [INFO] ping_monitor: PingMonitor started for IT-01 (super_admin)
2026-06-03 10:40:05 [INFO] login: Logout requested - returning to login screen
2026-06-03 10:40:05 [INFO] ping_monitor: PingMonitor stopped for IT-01
2026-06-03 10:40:11 [INFO] ping_monitor: PingMonitor started for test_admin_A (admin)
2026-06-03 10:45:10 [INFO] RemoteDatabaseManager: API mode enabled — connecting via http://222.127.90.218
2026-06-03 10:45:12 [INFO] AutoUpdater: Silent updater: Checking for updates...
2026-06-03 10:45:13 [INFO] AutoUpdater: Silent update status: Checking for updates...
2026-06-03 10:45:13 [INFO] AutoUpdater: Silent updater: Already on latest version (1.0.0)
2026-06-03 10:45:13 [INFO] AutoUpdater: Silent update status: Already up to date
2026-06-03 10:45:15 [INFO] APIDbManager: API token obtained from http://222.127.90.218
2026-06-03 10:45:16 [INFO] ping_monitor: PingMonitor started for test_admin_A (admin)
2026-06-03 10:45:31 [INFO] login: Logout requested - returning to login screen
2026-06-03 10:45:31 [INFO] ping_monitor: PingMonitor stopped for test_admin_A
2026-06-03 10:45:35 [INFO] ping_monitor: PingMonitor started for test_admin (admin)
2026-06-03 10:57:26 [INFO] RemoteDatabaseManager: API mode enabled — connecting via http://222.127.90.218
2026-06-03 10:57:28 [INFO] AutoUpdater: Silent updater: Checking for updates...
2026-06-03 10:57:28 [INFO] AutoUpdater: Silent update status: Checking for updates...
2026-06-03 10:57:28 [INFO] AutoUpdater: Silent updater: Already on latest version (1.0.0)
2026-06-03 10:57:28 [INFO] AutoUpdater: Silent update status: Already up to date
2026-06-03 10:57:37 [INFO] ping_monitor: PingMonitor started for IT-01 (super_admin)
2026-06-03 10:57:38 [INFO] APIDbManager: API token obtained from http://222.127.90.218
2026-06-03 10:57:38 [INFO] CurrencyManager: Currencies table initialized
2026-06-03 10:58:14 [INFO] login: Logout requested - returning to login screen
2026-06-03 10:58:14 [INFO] ping_monitor: PingMonitor stopped for IT-01
2026-06-03 10:58:18 [INFO] ping_monitor: PingMonitor started for test (admin)
2026-06-03 11:10:46 [INFO] RemoteDatabaseManager: API mode enabled — connecting via http://222.127.90.218
2026-06-03 11:10:48 [INFO] AutoUpdater: Silent updater: Checking for updates...
2026-06-03 11:10:48 [INFO] AutoUpdater: Silent update status: Checking for updates...
2026-06-03 11:10:48 [INFO] AutoUpdater: Silent updater: Already on latest version (1.0.0)
2026-06-03 11:10:48 [INFO] AutoUpdater: Silent update status: Already up to date
2026-06-03 11:10:51 [INFO] APIDbManager: API token obtained from http://222.127.90.218
2026-06-03 11:10:52 [INFO] ping_monitor: PingMonitor started for test (admin)
2026-06-03 11:10:59 [INFO] login: Logout requested - returning to login screen
2026-06-03 11:10:59 [INFO] ping_monitor: PingMonitor stopped for test
2026-06-03 11:11:03 [INFO] ping_monitor: PingMonitor started for test (admin)
2026-06-03 11:11:05 [INFO] login: Logout requested - returning to login screen
2026-06-03 11:11:05 [INFO] ping_monitor: PingMonitor stopped for test
2026-06-03 11:14:38 [INFO] RemoteDatabaseManager: API mode enabled — connecting via http://222.127.90.218
2026-06-03 11:14:40 [INFO] AutoUpdater: Silent updater: Checking for updates...
2026-06-03 11:14:40 [INFO] AutoUpdater: Silent update status: Checking for updates...
2026-06-03 11:14:41 [INFO] AutoUpdater: Silent updater: Already on latest version (1.0.0)
2026-06-03 11:14:41 [INFO] AutoUpdater: Silent update status: Already up to date
2026-06-03 11:14:43 [INFO] APIDbManager: API token obtained from http://222.127.90.218
2026-06-03 11:14:44 [INFO] ping_monitor: PingMonitor started for test (admin)
2026-06-03 11:14:47 [INFO] login: Logout requested - returning to login screen
2026-06-03 11:14:47 [INFO] ping_monitor: PingMonitor stopped for test
2026-06-03 11:14:53 [INFO] CurrencyManager: Currencies table initialized
2026-06-03 11:14:53 [INFO] ping_monitor: PingMonitor started for IT-01 (super_admin)
2026-06-03 11:15:30 [INFO] login: Logout requested - returning to login screen
2026-06-03 11:15:30 [INFO] ping_monitor: PingMonitor stopped for IT-01
2026-06-03 11:15:36 [INFO] ping_monitor: PingMonitor started for CL-0381 (user)
2026-06-03 11:15:36 [INFO] APIDbManager: API token obtained from http://222.127.90.218
2026-06-03 11:15:52 [INFO] login: Logout requested - returning to login screen
2026-06-03 11:15:53 [INFO] ping_monitor: PingMonitor stopped for CL-0381
2026-06-03 11:15:55 [INFO] ping_monitor: PingMonitor started for CL-0381 (user)
2026-06-03 11:15:55 [INFO] APIDbManager: API token obtained from http://222.127.90.218
2026-06-03 11:16:18 [INFO] login: Logout requested - returning to login screen
2026-06-03 11:16:18 [INFO] ping_monitor: PingMonitor stopped for CL-0381
2026-06-03 11:16:25 [INFO] ping_monitor: PingMonitor started for test_admin (admin)
2026-06-03 11:16:29 [INFO] login: Logout requested - returning to login screen
2026-06-03 11:16:29 [INFO] ping_monitor: PingMonitor stopped for test_admin
2026-06-03 11:16:33 [INFO] ping_monitor: PingMonitor started for CL-0381 (user)
2026-06-03 11:16:33 [INFO] APIDbManager: API token obtained from http://222.127.90.218
2026-06-03 11:24:46 [INFO] RemoteDatabaseManager: API mode enabled — connecting via http://222.127.90.218
2026-06-03 11:24:49 [INFO] AutoUpdater: Silent updater: Checking for updates...
2026-06-03 11:24:49 [INFO] AutoUpdater: Silent update status: Checking for updates...
2026-06-03 11:24:49 [INFO] AutoUpdater: Silent updater: Already on latest version (1.0.0)
2026-06-03 11:24:49 [INFO] AutoUpdater: Silent update status: Already up to date
2026-06-03 11:24:51 [INFO] ping_monitor: PingMonitor started for CL-0381 (user)
2026-06-03 11:24:51 [INFO] APIDbManager: API token obtained from http://222.127.90.218
2026-06-03 11:24:51 [INFO] APIDbManager: API token obtained from http://222.127.90.218
2026-06-03 11:29:11 [INFO] login: Logout requested - returning to login screen
2026-06-03 11:29:11 [INFO] ping_monitor: PingMonitor stopped for CL-0381
2026-06-03 11:29:17 [INFO] ping_monitor: PingMonitor started for test_admin (admin)
2026-06-03 11:29:36 [INFO] login: Logout requested - returning to login screen
2026-06-03 11:29:36 [INFO] ping_monitor: PingMonitor stopped for test_admin
2026-06-03 11:29:39 [INFO] ping_monitor: PingMonitor started for test_admin_A (admin)
2026-06-03 11:30:12 [INFO] login: Logout requested - returning to login screen
2026-06-03 11:30:12 [INFO] ping_monitor: PingMonitor stopped for test_admin_A
2026-06-03 11:30:20 [INFO] ping_monitor: PingMonitor started for CL-0381 (user)
2026-06-03 11:30:21 [INFO] APIDbManager: API token obtained from http://222.127.90.218
2026-06-03 11:30:43 [INFO] RemoteDatabaseManager: API mode enabled — connecting via http://222.127.90.218
2026-06-03 11:30:45 [INFO] AutoUpdater: Silent updater: Checking for updates...
2026-06-03 11:30:45 [INFO] AutoUpdater: Silent update status: Checking for updates...
2026-06-03 11:30:46 [INFO] AutoUpdater: Silent updater: Already on latest version (1.0.0)
2026-06-03 11:30:46 [INFO] AutoUpdater: Silent update status: Already up to date
2026-06-03 11:30:47 [INFO] ping_monitor: PingMonitor started for CL-0381 (user)
2026-06-03 11:30:47 [INFO] APIDbManager: API token obtained from http://222.127.90.218
2026-06-03 11:30:47 [INFO] APIDbManager: API token obtained from http://222.127.90.218
2026-06-03 11:33:50 [WARNING] Client.client_dashboard: _load_brand_report_data: No row found for brand=Brand B branch=HEAD OFFICE date=2026-05-01 corp=HEAD OFFICE
2026-06-03 11:35:55 [INFO] login: Logout requested - returning to login screen
2026-06-03 11:35:55 [INFO] ping_monitor: PingMonitor stopped for CL-0381
2026-06-03 11:36:01 [INFO] ping_monitor: PingMonitor started for test (admin)
2026-06-03 11:37:31 [INFO] login: Logout requested - returning to login screen
2026-06-03 11:37:31 [INFO] ping_monitor: PingMonitor stopped for test
2026-06-03 11:37:35 [INFO] CurrencyManager: Currencies table initialized
2026-06-03 11:37:36 [INFO] ping_monitor: PingMonitor started for IT-01 (super_admin)
2026-06-03 11:38:23 [INFO] login: Logout requested - returning to login screen
2026-06-03 11:38:23 [INFO] ping_monitor: PingMonitor stopped for IT-01
2026-06-03 11:38:28 [INFO] ping_monitor: PingMonitor started for cclaro (admin)
2026-06-03 11:38:36 [INFO] login: Logout requested - returning to login screen
2026-06-03 11:38:36 [INFO] ping_monitor: PingMonitor stopped for cclaro
2026-06-03 11:38:40 [INFO] CurrencyManager: Currencies table initialized
2026-06-03 11:38:40 [INFO] ping_monitor: PingMonitor started for IT-01 (super_admin)
2026-06-03 11:40:10 [INFO] login: Logout requested - returning to login screen
2026-06-03 11:40:10 [INFO] ping_monitor: PingMonitor stopped for IT-01
2026-06-03 11:40:17 [INFO] CurrencyManager: Currencies table initialized
2026-06-03 11:40:18 [INFO] ping_monitor: PingMonitor started for IT-01 (super_admin)
2026-06-03 11:45:33 [INFO] login: Logout requested - returning to login screen
2026-06-03 11:45:33 [INFO] ping_monitor: PingMonitor stopped for IT-01
2026-06-03 11:45:40 [INFO] ping_monitor: PingMonitor started for test_admin_A (admin)
2026-06-03 13:00:17 [INFO] RemoteDatabaseManager: API mode enabled — connecting via http://222.127.90.218
2026-06-03 13:00:19 [INFO] AutoUpdater: Silent updater: Checking for updates...
2026-06-03 13:00:19 [INFO] AutoUpdater: Silent update status: Checking for updates...
2026-06-03 13:00:20 [INFO] AutoUpdater: Silent updater: Already on latest version (1.0.0)
2026-06-03 13:00:20 [INFO] AutoUpdater: Silent update status: Already up to date
2026-06-03 13:00:21 [INFO] APIDbManager: API token obtained from http://222.127.90.218
2026-06-03 13:00:23 [INFO] ping_monitor: PingMonitor started for test_admin_A (admin)
2026-06-03 13:00:26 [INFO] login: Logout requested - returning to login screen
2026-06-03 13:00:26 [INFO] ping_monitor: PingMonitor stopped for test_admin_A
2026-06-03 13:00:32 [INFO] ping_monitor: PingMonitor started for test_admin (admin)
2026-06-03 13:35:11 [INFO] RemoteDatabaseManager: API mode enabled — connecting via http://222.127.90.218
2026-06-03 13:35:13 [INFO] AutoUpdater: Silent updater: Checking for updates...
2026-06-03 13:35:13 [INFO] AutoUpdater: Silent update status: Checking for updates...
2026-06-03 13:35:14 [INFO] AutoUpdater: Silent updater: Already on latest version (1.0.0)
2026-06-03 13:35:14 [INFO] AutoUpdater: Silent update status: Already up to date
2026-06-03 13:35:51 [INFO] APIDbManager: API token obtained from http://222.127.90.218
2026-06-03 13:35:53 [INFO] ping_monitor: PingMonitor started for test_admin (admin)
2026-06-03 13:35:57 [INFO] login: Logout requested - returning to login screen
2026-06-03 13:35:57 [INFO] ping_monitor: PingMonitor stopped for test_admin
2026-06-03 13:36:01 [INFO] ping_monitor: PingMonitor started for CL-0381 (user)
2026-06-03 13:36:01 [INFO] APIDbManager: API token obtained from http://222.127.90.218
2026-06-03 13:37:26 [INFO] login: Logout requested - returning to login screen
2026-06-03 13:37:26 [INFO] ping_monitor: PingMonitor stopped for CL-0381
2026-06-03 13:37:31 [INFO] CurrencyManager: Currencies table initialized
2026-06-03 13:37:32 [INFO] ping_monitor: PingMonitor started for IT-01 (super_admin)
2026-06-03 13:38:01 [INFO] login: Logout requested - returning to login screen
2026-06-03 13:38:01 [INFO] ping_monitor: PingMonitor stopped for IT-01
2026-06-03 13:38:11 [INFO] ping_monitor: PingMonitor started for test_admin (admin)
2026-06-03 13:40:26 [INFO] login: Logout requested - returning to login screen
2026-06-03 13:40:26 [INFO] ping_monitor: PingMonitor stopped for test_admin
2026-06-03 13:40:32 [INFO] ping_monitor: PingMonitor started for test_admin_A (admin)
2026-06-03 13:41:15 [INFO] login: Logout requested - returning to login screen
2026-06-03 13:41:15 [INFO] ping_monitor: PingMonitor stopped for test_admin_A
2026-06-03 13:41:29 [INFO] CurrencyManager: Currencies table initialized
2026-06-03 13:41:30 [INFO] ping_monitor: PingMonitor started for IT-01 (super_admin)
2026-06-03 13:46:20 [INFO] login: Logout requested - returning to login screen
2026-06-03 13:46:20 [INFO] ping_monitor: PingMonitor stopped for IT-01
2026-06-03 13:46:26 [INFO] ping_monitor: PingMonitor started for test_admin (admin)
2026-06-03 13:57:47 [INFO] login: Logout requested - returning to login screen
2026-06-03 13:57:47 [INFO] ping_monitor: PingMonitor stopped for test_admin
2026-06-03 13:57:50 [INFO] ping_monitor: PingMonitor started for test_admin_A (admin)
2026-06-03 14:17:22 [INFO] login: Logout requested - returning to login screen
2026-06-03 14:17:22 [INFO] ping_monitor: PingMonitor stopped for test_admin_A
2026-06-03 14:17:27 [INFO] CurrencyManager: Currencies table initialized
2026-06-03 14:17:28 [INFO] ping_monitor: PingMonitor started for IT-01 (super_admin)
2026-06-03 14:30:22 [INFO] RemoteDatabaseManager: API mode enabled — connecting via http://222.127.90.218
2026-06-03 14:30:25 [INFO] AutoUpdater: Silent updater: Checking for updates...
2026-06-03 14:30:25 [INFO] AutoUpdater: Silent update status: Checking for updates...
2026-06-03 14:30:25 [INFO] AutoUpdater: Silent updater: Already on latest version (1.0.0)
2026-06-03 14:30:25 [INFO] AutoUpdater: Silent update status: Already up to date
2026-06-03 14:30:31 [INFO] APIDbManager: API token obtained from http://222.127.90.218
2026-06-03 14:30:32 [INFO] ping_monitor: PingMonitor started for test_admin (admin)
2026-06-03 14:30:57 [INFO] login: Logout requested - returning to login screen
2026-06-03 14:30:57 [INFO] ping_monitor: PingMonitor stopped for test_admin
2026-06-03 14:31:02 [INFO] ping_monitor: PingMonitor started for test_admin_A (admin)
2026-06-03 14:36:16 [INFO] RemoteDatabaseManager: API mode enabled — connecting via http://222.127.90.218
2026-06-03 14:36:19 [INFO] AutoUpdater: Silent updater: Checking for updates...
2026-06-03 14:36:19 [INFO] AutoUpdater: Silent update status: Checking for updates...
2026-06-03 14:36:19 [INFO] AutoUpdater: Silent updater: Already on latest version (1.0.0)
2026-06-03 14:36:19 [INFO] AutoUpdater: Silent update status: Already up to date
2026-06-03 14:36:21 [INFO] APIDbManager: API token obtained from http://222.127.90.218
2026-06-03 14:36:22 [INFO] ping_monitor: PingMonitor started for test_admin_A (admin)
2026-06-03 14:37:29 [INFO] login: Logout requested - returning to login screen
2026-06-03 14:37:29 [INFO] ping_monitor: PingMonitor stopped for test_admin_A
2026-06-03 14:37:33 [INFO] ping_monitor: PingMonitor started for CL-0381 (user)
2026-06-03 14:37:33 [INFO] APIDbManager: API token obtained from http://222.127.90.218
2026-06-03 14:42:22 [INFO] RemoteDatabaseManager: API mode enabled — connecting via http://222.127.90.218
2026-06-03 14:42:25 [INFO] AutoUpdater: Silent updater: Checking for updates...
2026-06-03 14:42:25 [INFO] AutoUpdater: Silent update status: Checking for updates...
2026-06-03 14:42:25 [INFO] AutoUpdater: Silent updater: Already on latest version (1.0.0)
2026-06-03 14:42:25 [INFO] AutoUpdater: Silent update status: Already up to date
2026-06-03 14:42:27 [INFO] ping_monitor: PingMonitor started for CL-0381 (user)
2026-06-03 14:42:27 [INFO] APIDbManager: API token obtained from http://222.127.90.218
2026-06-03 14:42:27 [INFO] APIDbManager: API token obtained from http://222.127.90.218
2026-06-03 14:42:32 [INFO] login: Logout requested - returning to login screen
2026-06-03 14:42:32 [INFO] ping_monitor: PingMonitor stopped for CL-0381
2026-06-03 14:42:38 [INFO] ping_monitor: PingMonitor started for test_admin_A (admin)
2026-06-03 14:42:44 [INFO] login: Logout requested - returning to login screen
2026-06-03 14:42:44 [INFO] ping_monitor: PingMonitor stopped for test_admin_A
2026-06-03 14:42:48 [INFO] ping_monitor: PingMonitor started for test_admin (admin)
2026-06-03 14:44:22 [INFO] RemoteDatabaseManager: API mode enabled — connecting via http://222.127.90.218
2026-06-03 14:44:24 [INFO] AutoUpdater: Silent updater: Checking for updates...
2026-06-03 14:44:24 [INFO] AutoUpdater: Silent update status: Checking for updates...
2026-06-03 14:44:25 [INFO] AutoUpdater: Silent updater: Already on latest version (1.0.0)
2026-06-03 14:44:25 [INFO] AutoUpdater: Silent update status: Already up to date
2026-06-03 14:44:26 [INFO] APIDbManager: API token obtained from http://222.127.90.218
2026-06-03 14:44:28 [INFO] ping_monitor: PingMonitor started for test_admin (admin)
2026-06-03 14:44:47 [INFO] login: Logout requested - returning to login screen
2026-06-03 14:44:47 [INFO] ping_monitor: PingMonitor stopped for test_admin
2026-06-03 14:44:53 [INFO] ping_monitor: PingMonitor started for CL-0381 (user)
2026-06-03 14:44:53 [INFO] APIDbManager: API token obtained from http://222.127.90.218
2026-06-03 14:47:58 [INFO] RemoteDatabaseManager: API mode enabled — connecting via http://222.127.90.218
2026-06-03 14:48:01 [INFO] AutoUpdater: Silent updater: Checking for updates...
2026-06-03 14:48:01 [INFO] AutoUpdater: Silent update status: Checking for updates...
2026-06-03 14:48:01 [INFO] AutoUpdater: Silent updater: Already on latest version (1.0.0)
2026-06-03 14:48:01 [INFO] AutoUpdater: Silent update status: Already up to date
2026-06-03 14:48:03 [INFO] ping_monitor: PingMonitor started for CL-0381 (user)
2026-06-03 14:48:03 [INFO] APIDbManager: API token obtained from http://222.127.90.218
2026-06-03 14:48:03 [INFO] APIDbManager: API token obtained from http://222.127.90.218
2026-06-03 14:48:36 [INFO] login: Logout requested - returning to login screen
2026-06-03 14:48:36 [INFO] ping_monitor: PingMonitor stopped for CL-0381
2026-06-03 14:48:38 [INFO] ping_monitor: PingMonitor started for CL-0381 (user)
2026-06-03 14:48:39 [INFO] APIDbManager: API token obtained from http://222.127.90.218
2026-06-03 14:49:16 [INFO] Client.client_dashboard: daily_reports_brand_a verified: Debit=10009.15, Credit=4.00, Ending=10005.15
2026-06-03 14:49:16 [INFO] Client.client_dashboard: daily_reports verified: Debit=180007.36, Credit=2.00, Ending=180005.36
2026-06-03 14:49:16 [INFO] Client.client_dashboard: Cash Float saved: 100.00
2026-06-03 14:50:49 [INFO] Client.client_dashboard: daily_reports_brand_a verified: Debit=10009.15, Credit=0.00, Ending=10009.15
2026-06-03 14:50:49 [INFO] Client.client_dashboard: daily_reports verified: Debit=180012.36, Credit=5.00, Ending=180007.36
2026-06-03 14:50:49 [INFO] Client.client_dashboard: Cash Float saved: 100.00
2026-06-03 14:50:59 [INFO] login: Logout requested - returning to login screen
2026-06-03 14:50:59 [INFO] ping_monitor: PingMonitor stopped for CL-0381
2026-06-03 14:51:01 [INFO] ping_monitor: PingMonitor started for CL-0381 (user)
2026-06-03 14:51:01 [INFO] APIDbManager: API token obtained from http://222.127.90.218
2026-06-03 14:54:18 [INFO] RemoteDatabaseManager: API mode enabled — connecting via http://222.127.90.218
2026-06-03 14:54:21 [INFO] AutoUpdater: Silent updater: Checking for updates...
2026-06-03 14:54:21 [INFO] AutoUpdater: Silent update status: Checking for updates...
2026-06-03 14:54:21 [INFO] AutoUpdater: Silent updater: Already on latest version (1.0.0)
2026-06-03 14:54:21 [INFO] AutoUpdater: Silent update status: Already up to date
2026-06-03 14:54:23 [INFO] ping_monitor: PingMonitor started for CL-0381 (user)
2026-06-03 14:54:23 [INFO] APIDbManager: API token obtained from http://222.127.90.218
2026-06-03 14:54:23 [INFO] APIDbManager: API token obtained from http://222.127.90.218
2026-06-03 14:55:12 [INFO] Client.client_dashboard: daily_reports_brand_a verified: Debit=10009.15, Credit=0.00, Ending=10009.15
2026-06-03 14:55:12 [INFO] Client.client_dashboard: daily_reports verified: Debit=180010.36, Credit=5.00, Ending=180005.36
2026-06-03 14:55:12 [INFO] Client.client_dashboard: Cash Float saved: 1000.00
2026-06-03 14:58:40 [INFO] RemoteDatabaseManager: API mode enabled — connecting via http://222.127.90.218
2026-06-03 14:58:42 [INFO] AutoUpdater: Silent updater: Checking for updates...
2026-06-03 14:58:42 [INFO] AutoUpdater: Silent update status: Checking for updates...
2026-06-03 14:58:42 [INFO] AutoUpdater: Silent updater: Already on latest version (1.0.0)
2026-06-03 14:58:42 [INFO] AutoUpdater: Silent update status: Already up to date
2026-06-03 14:58:44 [INFO] ping_monitor: PingMonitor started for CL-0381 (user)
2026-06-03 14:58:44 [INFO] APIDbManager: API token obtained from http://222.127.90.218
2026-06-03 14:58:44 [INFO] APIDbManager: API token obtained from http://222.127.90.218
2026-06-03 15:02:26 [INFO] RemoteDatabaseManager: API mode enabled — connecting via http://222.127.90.218
2026-06-03 15:02:29 [INFO] AutoUpdater: Silent updater: Checking for updates...
2026-06-03 15:02:29 [INFO] AutoUpdater: Silent update status: Checking for updates...
2026-06-03 15:02:30 [INFO] AutoUpdater: Silent updater: Already on latest version (1.0.0)
2026-06-03 15:02:30 [INFO] AutoUpdater: Silent update status: Already up to date
2026-06-03 15:02:32 [INFO] ping_monitor: PingMonitor started for CL-0381 (user)
2026-06-03 15:02:32 [INFO] APIDbManager: API token obtained from http://222.127.90.218
2026-06-03 15:02:32 [INFO] APIDbManager: API token obtained from http://222.127.90.218
2026-06-03 15:04:12 [INFO] Client.client_dashboard: daily_reports_brand_a verified: Debit=10009.15, Credit=0.00, Ending=10009.15
2026-06-03 15:04:12 [INFO] Client.client_dashboard: daily_reports verified: Debit=180008.36, Credit=1.00, Ending=180007.36
2026-06-03 15:04:12 [INFO] Client.client_dashboard: Cash Float saved: 100.00
2026-06-03 15:08:57 [INFO] RemoteDatabaseManager: API mode enabled — connecting via http://222.127.90.218
2026-06-03 15:09:00 [INFO] AutoUpdater: Silent updater: Checking for updates...
2026-06-03 15:09:00 [INFO] AutoUpdater: Silent update status: Checking for updates...
2026-06-03 15:09:00 [INFO] AutoUpdater: Silent updater: Already on latest version (1.0.0)
2026-06-03 15:09:00 [INFO] AutoUpdater: Silent update status: Already up to date
2026-06-03 15:09:02 [INFO] ping_monitor: PingMonitor started for CL-0381 (user)
2026-06-03 15:09:02 [INFO] APIDbManager: API token obtained from http://222.127.90.218
2026-06-03 15:09:02 [INFO] APIDbManager: API token obtained from http://222.127.90.218
2026-06-03 15:26:27 [INFO] RemoteDatabaseManager: API mode enabled — connecting via http://222.127.90.218
2026-06-03 15:26:29 [INFO] AutoUpdater: Silent updater: Checking for updates...
2026-06-03 15:26:29 [INFO] AutoUpdater: Silent update status: Checking for updates...
2026-06-03 15:26:30 [INFO] AutoUpdater: Silent updater: Already on latest version (1.0.0)
2026-06-03 15:26:30 [INFO] AutoUpdater: Silent update status: Already up to date
2026-06-03 15:26:33 [INFO] ping_monitor: PingMonitor started for CL-0381 (user)
2026-06-03 15:26:33 [INFO] APIDbManager: API token obtained from http://222.127.90.218
2026-06-03 15:26:33 [INFO] APIDbManager: API token obtained from http://222.127.90.218
2026-06-03 15:26:38 [INFO] login: Logout requested - returning to login screen
2026-06-03 15:26:38 [INFO] ping_monitor: PingMonitor stopped for CL-0381
2026-06-03 15:26:43 [INFO] ping_monitor: PingMonitor started for test_admin (admin)
2026-06-03 15:31:50 [INFO] login: Logout requested - returning to login screen
2026-06-03 15:31:50 [INFO] ping_monitor: PingMonitor stopped for test_admin
2026-06-03 15:31:54 [INFO] ping_monitor: PingMonitor started for test_admin_A (admin)
2026-06-03 15:36:01 [INFO] login: Logout requested - returning to login screen
2026-06-03 15:36:02 [INFO] ping_monitor: PingMonitor stopped for test_admin_A
2026-06-03 15:36:13 [INFO] ping_monitor: PingMonitor started for CL-0381 (user)
2026-06-03 15:36:13 [INFO] APIDbManager: API token obtained from http://222.127.90.218
2026-06-03 15:42:53 [INFO] Client.client_dashboard: daily_reports_brand_a verified: Debit=100053.79, Credit=39.00, Ending=100014.79
2026-06-03 15:42:53 [INFO] Client.client_dashboard: daily_reports verified: Debit=100059.06, Credit=44.00, Ending=100015.06
2026-06-03 15:42:53 [INFO] Client.client_dashboard: Cash Float saved: 100.00
2026-06-03 15:43:19 [INFO] login: Logout requested - returning to login screen
2026-06-03 15:43:19 [INFO] ping_monitor: PingMonitor stopped for CL-0381
2026-06-03 15:43:21 [INFO] ping_monitor: PingMonitor started for CL-0381 (user)
2026-06-03 15:43:21 [INFO] APIDbManager: API token obtained from http://222.127.90.218
2026-06-03 15:44:02 [INFO] login: Logout requested - returning to login screen
2026-06-03 15:44:02 [INFO] ping_monitor: PingMonitor stopped for CL-0381
2026-06-03 15:44:05 [INFO] ping_monitor: PingMonitor started for CL-0381 (user)
2026-06-03 15:44:05 [INFO] APIDbManager: API token obtained from http://222.127.90.218
2026-06-03 15:44:30 [INFO] RemoteDatabaseManager: API mode enabled — connecting via http://222.127.90.218
2026-06-03 15:44:32 [INFO] AutoUpdater: Silent updater: Checking for updates...
2026-06-03 15:44:32 [INFO] AutoUpdater: Silent update status: Checking for updates...
2026-06-03 15:44:33 [INFO] AutoUpdater: Silent updater: Already on latest version (1.0.0)
2026-06-03 15:44:33 [INFO] AutoUpdater: Silent update status: Already up to date
2026-06-03 15:44:36 [INFO] ping_monitor: PingMonitor started for CL-0381 (user)
2026-06-03 15:44:36 [INFO] APIDbManager: API token obtained from http://222.127.90.218
2026-06-03 15:44:36 [INFO] APIDbManager: API token obtained from http://222.127.90.218
2026-06-03 15:48:54 [INFO] RemoteDatabaseManager: API mode enabled — connecting via http://222.127.90.218
2026-06-03 15:48:56 [INFO] AutoUpdater: Silent updater: Checking for updates...
2026-06-03 15:48:56 [INFO] AutoUpdater: Silent update status: Checking for updates...
2026-06-03 15:48:56 [INFO] AutoUpdater: Silent updater: Already on latest version (1.0.0)
2026-06-03 15:48:56 [INFO] AutoUpdater: Silent update status: Already up to date
2026-06-03 15:48:58 [INFO] ping_monitor: PingMonitor started for CL-0381 (user)
2026-06-03 15:48:58 [INFO] APIDbManager: API token obtained from http://222.127.90.218
2026-06-03 15:48:58 [INFO] APIDbManager: API token obtained from http://222.127.90.218
2026-06-03 15:50:48 [INFO] Client.client_dashboard: daily_reports_brand_a verified: Debit=100014.79, Credit=0.00, Ending=100014.79
2026-06-03 15:50:48 [INFO] Client.client_dashboard: daily_reports verified: Debit=100028.06, Credit=5.00, Ending=100023.06
2026-06-03 15:50:48 [INFO] Client.client_dashboard: Cash Float saved: 100.00
2026-06-03 15:51:09 [INFO] login: Logout requested - returning to login screen
2026-06-03 15:51:11 [INFO] ping_monitor: PingMonitor started for CL-0381 (user)
2026-06-03 15:51:12 [INFO] APIDbManager: API token obtained from http://222.127.90.218
2026-06-03 15:53:19 [INFO] RemoteDatabaseManager: API mode enabled — connecting via http://222.127.90.218
2026-06-03 15:53:21 [INFO] AutoUpdater: Silent updater: Checking for updates...
2026-06-03 15:53:21 [INFO] AutoUpdater: Silent update status: Checking for updates...
2026-06-03 15:53:21 [INFO] AutoUpdater: Silent updater: Already on latest version (1.0.0)
2026-06-03 15:53:21 [INFO] AutoUpdater: Silent update status: Already up to date
2026-06-03 15:53:23 [INFO] ping_monitor: PingMonitor started for CL-0381 (user)
2026-06-03 15:53:23 [INFO] APIDbManager: API token obtained from http://222.127.90.218
2026-06-03 15:53:23 [INFO] APIDbManager: API token obtained from http://222.127.90.218
2026-06-03 15:54:42 [INFO] RemoteDatabaseManager: API mode enabled — connecting via http://222.127.90.218
2026-06-03 15:54:43 [INFO] AutoUpdater: Silent updater: Checking for updates...
2026-06-03 15:54:43 [INFO] AutoUpdater: Silent update status: Checking for updates...
2026-06-03 15:54:43 [INFO] AutoUpdater: Silent updater: Already on latest version (1.0.0)
2026-06-03 15:54:43 [INFO] AutoUpdater: Silent update status: Already up to date
2026-06-03 15:54:45 [INFO] ping_monitor: PingMonitor started for CL-0381 (user)
2026-06-03 15:54:45 [INFO] APIDbManager: API token obtained from http://222.127.90.218
2026-06-03 15:54:45 [INFO] APIDbManager: API token obtained from http://222.127.90.218
2026-06-03 15:55:27 [INFO] Client.client_dashboard: daily_reports_brand_a verified: Debit=100028.79, Credit=0.00, Ending=100028.79
2026-06-03 15:55:27 [INFO] Client.client_dashboard: daily_reports verified: Debit=100040.06, Credit=5.00, Ending=100035.06
2026-06-03 15:55:27 [INFO] Client.client_dashboard: Cash Float saved: 100.00
2026-06-03 15:57:04 [INFO] RemoteDatabaseManager: API mode enabled — connecting via http://222.127.90.218
2026-06-03 15:57:06 [INFO] AutoUpdater: Silent updater: Checking for updates...
2026-06-03 15:57:06 [INFO] AutoUpdater: Silent update status: Checking for updates...
2026-06-03 15:57:06 [INFO] AutoUpdater: Silent updater: Already on latest version (1.0.0)
2026-06-03 15:57:06 [INFO] AutoUpdater: Silent update status: Already up to date
2026-06-03 15:57:07 [INFO] ping_monitor: PingMonitor started for CL-0381 (user)
2026-06-03 15:57:08 [INFO] APIDbManager: API token obtained from http://222.127.90.218
2026-06-03 15:57:08 [INFO] APIDbManager: API token obtained from http://222.127.90.218
2026-06-03 15:57:38 [INFO] Client.client_dashboard: daily_reports_brand_a verified: Debit=100028.79, Credit=0.00, Ending=100028.79
2026-06-03 15:57:38 [INFO] Client.client_dashboard: daily_reports verified: Debit=100038.06, Credit=5.00, Ending=100033.06
2026-06-03 15:57:38 [INFO] Client.client_dashboard: Cash Float saved: 100.00
2026-06-03 16:01:22 [INFO] RemoteDatabaseManager: API mode enabled — connecting via http://222.127.90.218
2026-06-03 16:01:24 [INFO] AutoUpdater: Silent updater: Checking for updates...
2026-06-03 16:01:24 [INFO] AutoUpdater: Silent update status: Checking for updates...
2026-06-03 16:01:24 [INFO] AutoUpdater: Silent updater: Already on latest version (1.0.0)
2026-06-03 16:01:24 [INFO] AutoUpdater: Silent update status: Already up to date
2026-06-03 16:01:26 [INFO] ping_monitor: PingMonitor started for CL-0381 (user)
2026-06-03 16:01:26 [INFO] APIDbManager: API token obtained from http://222.127.90.218
2026-06-03 16:01:26 [INFO] APIDbManager: API token obtained from http://222.127.90.218
2026-06-03 16:04:51 [INFO] RemoteDatabaseManager: API mode enabled — connecting via http://222.127.90.218
2026-06-03 16:04:53 [INFO] AutoUpdater: Silent updater: Checking for updates...
2026-06-03 16:04:53 [INFO] AutoUpdater: Silent update status: Checking for updates...
2026-06-03 16:04:54 [INFO] AutoUpdater: Silent updater: Already on latest version (1.0.0)
2026-06-03 16:04:54 [INFO] AutoUpdater: Silent update status: Already up to date
2026-06-03 16:04:55 [INFO] ping_monitor: PingMonitor started for CL-0381 (user)
2026-06-03 16:04:55 [INFO] APIDbManager: API token obtained from http://222.127.90.218
2026-06-03 16:04:55 [INFO] APIDbManager: API token obtained from http://222.127.90.218
2026-06-03 16:05:33 [INFO] Client.client_dashboard: daily_reports_brand_a verified: Debit=100028.79, Credit=0.00, Ending=100028.79
2026-06-03 16:05:33 [INFO] Client.client_dashboard: daily_reports verified: Debit=100036.06, Credit=14.00, Ending=100022.06
2026-06-03 16:05:33 [INFO] Client.client_dashboard: Cash Float saved: 100.00
2026-06-03 16:08:06 [INFO] RemoteDatabaseManager: API mode enabled — connecting via http://222.127.90.218
2026-06-03 16:08:08 [INFO] AutoUpdater: Silent updater: Checking for updates...
2026-06-03 16:08:08 [INFO] AutoUpdater: Silent update status: Checking for updates...
2026-06-03 16:08:09 [INFO] AutoUpdater: Silent updater: Already on latest version (1.0.0)
2026-06-03 16:08:09 [INFO] AutoUpdater: Silent update status: Already up to date
2026-06-03 16:08:10 [INFO] ping_monitor: PingMonitor started for CL-0381 (user)
2026-06-03 16:08:10 [INFO] APIDbManager: API token obtained from http://222.127.90.218
2026-06-03 16:08:10 [INFO] APIDbManager: API token obtained from http://222.127.90.218
2026-06-03 16:08:54 [INFO] login: Logout requested - returning to login screen
2026-06-03 16:08:54 [INFO] ping_monitor: PingMonitor stopped for CL-0381
2026-06-03 16:09:00 [INFO] ping_monitor: PingMonitor started for test_admin_A (admin)
2026-06-03 16:09:39 [INFO] login: Logout requested - returning to login screen
2026-06-03 16:09:39 [INFO] ping_monitor: PingMonitor stopped for test_admin_A
2026-06-03 16:09:44 [INFO] ping_monitor: PingMonitor started for CL-0381 (user)
2026-06-03 16:09:44 [INFO] APIDbManager: API token obtained from http://222.127.90.218
2026-06-03 16:11:29 [INFO] login: Logout requested - returning to login screen
2026-06-03 16:11:29 [INFO] ping_monitor: PingMonitor stopped for CL-0381
2026-06-03 16:11:36 [INFO] ping_monitor: PingMonitor started for test_admin_A (admin)
2026-06-03 16:12:34 [INFO] login: Logout requested - returning to login screen
2026-06-03 16:12:34 [INFO] ping_monitor: PingMonitor stopped for test_admin_A
2026-06-03 16:12:37 [INFO] ping_monitor: PingMonitor started for test_admin (admin)
2026-06-03 16:14:19 [INFO] login: Logout requested - returning to login screen
2026-06-03 16:14:19 [INFO] ping_monitor: PingMonitor stopped for test_admin
2026-06-03 16:14:24 [INFO] ping_monitor: PingMonitor started for CL-0381 (user)
2026-06-03 16:14:24 [INFO] APIDbManager: API token obtained from http://222.127.90.218
2026-06-03 16:15:18 [INFO] Client.client_dashboard: daily_reports_brand_a verified: Debit=100028.79, Credit=2.00, Ending=100026.79
2026-06-03 16:15:18 [INFO] Client.client_dashboard: daily_reports verified: Debit=100022.06, Credit=2.00, Ending=100020.06
2026-06-03 16:15:18 [INFO] Client.client_dashboard: Cash Float saved: 0.00
2026-06-03 16:16:07 [INFO] login: Logout requested - returning to login screen
2026-06-03 16:16:07 [INFO] ping_monitor: PingMonitor stopped for CL-0381
2026-06-03 16:16:10 [INFO] ping_monitor: PingMonitor started for CL-0381 (user)
2026-06-03 16:16:10 [INFO] APIDbManager: API token obtained from http://222.127.90.218
2026-06-03 16:20:33 [INFO] RemoteDatabaseManager: API mode enabled — connecting via http://222.127.90.218
2026-06-03 16:20:35 [INFO] AutoUpdater: Silent updater: Checking for updates...
2026-06-03 16:20:35 [INFO] AutoUpdater: Silent update status: Checking for updates...
2026-06-03 16:20:36 [INFO] AutoUpdater: Silent updater: Already on latest version (1.0.0)
2026-06-03 16:20:36 [INFO] AutoUpdater: Silent update status: Already up to date
2026-06-03 16:20:37 [INFO] ping_monitor: PingMonitor started for CL-0381 (user)
2026-06-03 16:20:37 [INFO] APIDbManager: API token obtained from http://222.127.90.218
2026-06-03 16:20:37 [INFO] APIDbManager: API token obtained from http://222.127.90.218
2026-06-03 16:21:19 [INFO] Client.client_dashboard: daily_reports_brand_a verified: Debit=100026.79, Credit=4.00, Ending=100022.79
2026-06-03 16:21:19 [INFO] Client.client_dashboard: daily_reports verified: Debit=100020.06, Credit=4.00, Ending=100016.06
2026-06-03 16:21:19 [INFO] Client.client_dashboard: Cash Float saved: 0.00
2026-06-03 16:21:56 [INFO] Client.client_dashboard: daily_reports_brand_a verified: Debit=100022.79, Credit=2.00, Ending=100020.79
2026-06-03 16:21:56 [INFO] Client.client_dashboard: daily_reports verified: Debit=100016.06, Credit=2.00, Ending=100014.06
2026-06-03 16:21:56 [INFO] Client.client_dashboard: Cash Float saved: 0.00
2026-06-03 16:22:20 [INFO] login: Logout requested - returning to login screen
2026-06-03 16:22:20 [INFO] ping_monitor: PingMonitor stopped for CL-0381
2026-06-03 16:22:27 [INFO] ping_monitor: PingMonitor started for test_admin (admin)
2026-06-03 16:22:52 [INFO] login: Logout requested - returning to login screen
2026-06-03 16:22:52 [INFO] ping_monitor: PingMonitor stopped for test_admin
2026-06-03 16:22:55 [INFO] ping_monitor: PingMonitor started for test_admin_A (admin)
2026-06-03 16:23:37 [INFO] login: Logout requested - returning to login screen
2026-06-03 16:23:37 [INFO] ping_monitor: PingMonitor stopped for test_admin_A
2026-06-03 16:25:59 [INFO] RemoteDatabaseManager: API mode enabled — connecting via http://222.127.90.218
2026-06-03 16:26:01 [INFO] AutoUpdater: Silent updater: Checking for updates...
2026-06-03 16:26:01 [INFO] AutoUpdater: Silent update status: Checking for updates...
2026-06-03 16:26:01 [INFO] AutoUpdater: Silent updater: Already on latest version (1.0.0)
2026-06-03 16:26:01 [INFO] AutoUpdater: Silent update status: Already up to date
2026-06-03 16:26:04 [INFO] APIDbManager: API token obtained from http://222.127.90.218
2026-06-03 16:26:05 [INFO] ping_monitor: PingMonitor started for test_admin_A (admin)
2026-06-03 16:26:10 [INFO] login: Logout requested - returning to login screen
2026-06-03 16:26:10 [INFO] ping_monitor: PingMonitor stopped for test_admin_A
2026-06-03 16:26:16 [INFO] ping_monitor: PingMonitor started for CL-0381 (user)
2026-06-03 16:26:16 [INFO] APIDbManager: API token obtained from http://222.127.90.218
2026-06-03 16:29:24 [INFO] RemoteDatabaseManager: API mode enabled — connecting via http://222.127.90.218
2026-06-03 16:29:27 [INFO] AutoUpdater: Silent updater: Checking for updates...
2026-06-03 16:29:27 [INFO] AutoUpdater: Silent update status: Checking for updates...
2026-06-03 16:29:27 [INFO] AutoUpdater: Silent updater: Already on latest version (1.0.0)
2026-06-03 16:29:27 [INFO] AutoUpdater: Silent update status: Already up to date
2026-06-03 16:29:29 [INFO] ping_monitor: PingMonitor started for CL-0381 (user)
2026-06-03 16:29:29 [INFO] APIDbManager: API token obtained from http://222.127.90.218
2026-06-03 16:29:29 [INFO] APIDbManager: API token obtained from http://222.127.90.218
2026-06-03 16:32:17 [INFO] RemoteDatabaseManager: API mode enabled — connecting via http://222.127.90.218
2026-06-03 16:32:19 [INFO] AutoUpdater: Silent updater: Checking for updates...
2026-06-03 16:32:19 [INFO] AutoUpdater: Silent update status: Checking for updates...
2026-06-03 16:32:20 [INFO] AutoUpdater: Silent updater: Already on latest version (1.0.0)
2026-06-03 16:32:20 [INFO] AutoUpdater: Silent update status: Already up to date
2026-06-03 16:32:23 [INFO] ping_monitor: PingMonitor started for CL-0381 (user)
2026-06-03 16:32:23 [INFO] APIDbManager: API token obtained from http://222.127.90.218
2026-06-03 16:32:23 [INFO] APIDbManager: API token obtained from http://222.127.90.218
2026-06-03 16:36:55 [INFO] RemoteDatabaseManager: API mode enabled — connecting via http://222.127.90.218
2026-06-03 16:36:58 [INFO] AutoUpdater: Silent updater: Checking for updates...
2026-06-03 16:36:58 [INFO] AutoUpdater: Silent update status: Checking for updates...
2026-06-03 16:36:58 [INFO] AutoUpdater: Silent updater: Already on latest version (1.0.0)
2026-06-03 16:36:58 [INFO] AutoUpdater: Silent update status: Already up to date
2026-06-03 16:37:00 [INFO] ping_monitor: PingMonitor started for CL-0381 (user)
2026-06-03 16:37:00 [INFO] APIDbManager: API token obtained from http://222.127.90.218
2026-06-03 16:37:00 [INFO] APIDbManager: API token obtained from http://222.127.90.218
2026-06-03 16:37:19 [INFO] RemoteDatabaseManager: API mode enabled — connecting via http://222.127.90.218
2026-06-03 16:37:20 [INFO] AutoUpdater: Silent updater: Checking for updates...
2026-06-03 16:37:20 [INFO] AutoUpdater: Silent update status: Checking for updates...
2026-06-03 16:37:20 [INFO] AutoUpdater: Silent updater: Already on latest version (1.0.0)
2026-06-03 16:37:20 [INFO] AutoUpdater: Silent update status: Already up to date
2026-06-03 16:37:22 [INFO] ping_monitor: PingMonitor started for CL-0381 (user)
2026-06-03 16:37:22 [INFO] APIDbManager: API token obtained from http://222.127.90.218
2026-06-03 16:37:22 [INFO] APIDbManager: API token obtained from http://222.127.90.218
2026-06-03 16:40:23 [INFO] RemoteDatabaseManager: API mode enabled — connecting via http://222.127.90.218
2026-06-03 16:40:25 [INFO] AutoUpdater: Silent updater: Checking for updates...
2026-06-03 16:40:25 [INFO] AutoUpdater: Silent update status: Checking for updates...
2026-06-03 16:40:26 [INFO] AutoUpdater: Silent updater: Already on latest version (1.0.0)
2026-06-03 16:40:26 [INFO] AutoUpdater: Silent update status: Already up to date
2026-06-03 16:40:27 [INFO] ping_monitor: PingMonitor started for CL-0381 (user)
2026-06-03 16:40:27 [INFO] APIDbManager: API token obtained from http://222.127.90.218
2026-06-03 16:40:27 [INFO] APIDbManager: API token obtained from http://222.127.90.218
2026-06-03 16:41:29 [INFO] RemoteDatabaseManager: API mode enabled — connecting via http://222.127.90.218
2026-06-03 16:41:31 [INFO] AutoUpdater: Silent updater: Checking for updates...
2026-06-03 16:41:31 [INFO] AutoUpdater: Silent update status: Checking for updates...
2026-06-03 16:41:31 [INFO] AutoUpdater: Silent updater: Already on latest version (1.0.0)
2026-06-03 16:41:31 [INFO] AutoUpdater: Silent update status: Already up to date
2026-06-03 16:41:34 [INFO] ping_monitor: PingMonitor started for CL-0381 (user)
2026-06-03 16:41:34 [INFO] APIDbManager: API token obtained from http://222.127.90.218
2026-06-03 16:41:34 [INFO] APIDbManager: API token obtained from http://222.127.90.218
2026-06-03 16:41:42 [INFO] login: Logout requested - returning to login screen
2026-06-03 16:41:42 [INFO] ping_monitor: PingMonitor stopped for CL-0381
2026-06-03 16:41:44 [INFO] ping_monitor: PingMonitor started for CL-0381 (user)
2026-06-03 16:41:44 [INFO] APIDbManager: API token obtained from http://222.127.90.218
2026-06-03 16:47:49 [INFO] RemoteDatabaseManager: API mode enabled — connecting via http://222.127.90.218
2026-06-03 16:47:51 [INFO] AutoUpdater: Silent updater: Checking for updates...
2026-06-03 16:47:51 [INFO] AutoUpdater: Silent update status: Checking for updates...
2026-06-03 16:47:52 [INFO] AutoUpdater: Silent updater: Already on latest version (1.0.0)
2026-06-03 16:47:52 [INFO] AutoUpdater: Silent update status: Already up to date
2026-06-03 16:47:53 [INFO] ping_monitor: PingMonitor started for CL-0381 (user)
2026-06-03 16:47:53 [INFO] APIDbManager: API token obtained from http://222.127.90.218
2026-06-03 16:47:53 [INFO] APIDbManager: API token obtained from http://222.127.90.218
2026-06-04 07:58:41 [INFO] RemoteDatabaseManager: API mode enabled — connecting via http://222.127.90.218
2026-06-04 07:58:43 [INFO] AutoUpdater: Silent updater: Checking for updates...
2026-06-04 07:58:43 [INFO] AutoUpdater: Silent update status: Checking for updates...
2026-06-04 07:58:43 [INFO] AutoUpdater: Silent updater: Already on latest version (1.0.0)
2026-06-04 07:58:43 [INFO] AutoUpdater: Silent update status: Already up to date
2026-06-04 07:58:47 [INFO] ping_monitor: PingMonitor started for CL-0381 (user)
2026-06-04 07:58:47 [INFO] APIDbManager: API token obtained from http://222.127.90.218
2026-06-04 07:58:47 [INFO] APIDbManager: API token obtained from http://222.127.90.218
2026-06-04 07:59:22 [INFO] Client.client_dashboard: daily_reports_brand_a verified: Debit=100022.79, Credit=0.00, Ending=100022.79
2026-06-04 07:59:22 [INFO] Client.client_dashboard: daily_reports verified: Debit=100016.06, Credit=0.00, Ending=100016.06
2026-06-04 07:59:22 [INFO] Client.client_dashboard: Cash Float saved: 0.00
2026-06-04 07:59:31 [INFO] login: Logout requested - returning to login screen
2026-06-04 07:59:35 [INFO] ping_monitor: PingMonitor started for CL-0381 (user)
2026-06-04 07:59:35 [INFO] APIDbManager: API token obtained from http://222.127.90.218
2026-06-04 07:59:46 [INFO] login: Logout requested - returning to login screen
2026-06-04 08:36:14 [INFO] RemoteDatabaseManager: API mode enabled — connecting via http://222.127.90.218
2026-06-04 08:36:17 [INFO] AutoUpdater: Silent updater: Checking for updates...
2026-06-04 08:36:17 [INFO] AutoUpdater: Silent update status: Checking for updates...
2026-06-04 08:36:17 [INFO] AutoUpdater: Silent updater: Already on latest version (1.0.0)
2026-06-04 08:36:17 [INFO] AutoUpdater: Silent update status: Already up to date
2026-06-04 08:36:49 [INFO] APIDbManager: API token obtained from http://222.127.90.218
2026-06-04 08:36:50 [INFO] ping_monitor: PingMonitor started for test_admin_A (admin)
2026-06-04 08:39:19 [INFO] RemoteDatabaseManager: API mode enabled — connecting via http://222.127.90.218
2026-06-04 08:39:20 [INFO] AutoUpdater: Silent updater: Checking for updates...
2026-06-04 08:39:20 [INFO] AutoUpdater: Silent update status: Checking for updates...
2026-06-04 08:39:21 [INFO] AutoUpdater: Silent updater: Already on latest version (1.0.0)
2026-06-04 08:39:21 [INFO] AutoUpdater: Silent update status: Already up to date
2026-06-04 08:39:24 [INFO] APIDbManager: API token obtained from http://222.127.90.218
2026-06-04 08:39:26 [INFO] ping_monitor: PingMonitor started for test_admin (admin)
2026-06-04 09:24:25 [INFO] login: Logout requested - returning to login screen
2026-06-04 09:24:25 [INFO] ping_monitor: PingMonitor stopped for test_admin
2026-06-04 10:06:27 [INFO] ping_monitor: PingMonitor started for test_admin (admin)
2026-06-04 12:54:28 [INFO] RemoteDatabaseManager: API mode enabled — connecting via http://222.127.90.218
2026-06-04 12:54:31 [INFO] AutoUpdater: Silent updater: Checking for updates...
2026-06-04 12:54:31 [INFO] AutoUpdater: Silent update status: Checking for updates...
2026-06-04 12:54:31 [INFO] AutoUpdater: Silent updater: Already on latest version (1.1.1)
2026-06-04 12:54:31 [INFO] AutoUpdater: Silent update status: Already up to date
2026-06-04 12:54:39 [INFO] RemoteDatabaseManager: API mode enabled — connecting via http://222.127.90.218
2026-06-04 13:25:45 [INFO] RemoteDatabaseManager: API mode enabled — connecting via http://222.127.90.218
2026-06-04 13:25:49 [INFO] AutoUpdater: Silent updater: Checking for updates...
2026-06-04 13:25:49 [INFO] AutoUpdater: Silent update status: Checking for updates...
2026-06-04 13:25:49 [INFO] AutoUpdater: Silent updater: Already on latest version (1.0.0)
2026-06-04 13:25:49 [INFO] AutoUpdater: Silent update status: Already up to date
2026-06-04 13:27:54 [INFO] RemoteDatabaseManager: API mode enabled — connecting via http://222.127.90.218
2026-06-04 13:27:58 [INFO] AutoUpdater: Silent updater: Checking for updates...
2026-06-04 13:27:58 [INFO] AutoUpdater: Silent update status: Checking for updates...
2026-06-04 13:27:58 [INFO] AutoUpdater: Silent updater: Already on latest version (1.0.0)
2026-06-04 13:27:58 [INFO] AutoUpdater: Silent update status: Already up to date
2026-06-04 13:28:00 [INFO] APIDbManager: API token obtained from http://222.127.90.218
2026-06-04 13:28:01 [INFO] ping_monitor: PingMonitor started for test_admin (admin)
2026-06-04 13:28:09 [INFO] login: Logout requested - returning to login screen
2026-06-04 13:28:09 [INFO] ping_monitor: PingMonitor stopped for test_admin
2026-06-04 13:28:19 [INFO] CurrencyManager: Currencies table initialized
2026-06-04 13:28:20 [INFO] ping_monitor: PingMonitor started for IT-01 (super_admin)
2026-06-04 13:31:36 [INFO] login: Logout requested - returning to login screen
2026-06-04 13:31:36 [INFO] ping_monitor: PingMonitor stopped for IT-01
2026-06-04 13:31:41 [INFO] ping_monitor: PingMonitor started for test_admin (admin)
2026-06-04 13:32:51 [INFO] RemoteDatabaseManager: API mode enabled — connecting via http://222.127.90.218
2026-06-04 13:32:54 [INFO] AutoUpdater: Silent updater: Checking for updates...
2026-06-04 13:32:54 [INFO] AutoUpdater: Silent update status: Checking for updates...
2026-06-04 13:32:55 [INFO] AutoUpdater: Silent updater: Already on latest version (1.0.0)
2026-06-04 13:32:55 [INFO] AutoUpdater: Silent update status: Already up to date
2026-06-04 13:34:25 [INFO] APIDbManager: API token obtained from http://222.127.90.218
2026-06-04 13:34:26 [INFO] ping_monitor: PingMonitor started for test_admin_A (admin)
2026-06-04 14:03:56 [INFO] login: Logout requested - returning to login screen
2026-06-04 14:03:56 [INFO] ping_monitor: PingMonitor stopped for test_admin_A
2026-06-04 14:04:10 [INFO] CurrencyManager: Currencies table initialized
2026-06-04 14:04:11 [INFO] ping_monitor: PingMonitor started for IT-01 (super_admin)
2026-06-04 14:05:17 [INFO] RemoteDatabaseManager: API mode enabled — connecting via http://222.127.90.218
2026-06-04 14:05:20 [INFO] AutoUpdater: Silent updater: Checking for updates...
2026-06-04 14:05:20 [INFO] AutoUpdater: Silent update status: Checking for updates...
2026-06-04 14:05:20 [INFO] AutoUpdater: Silent updater: Already on latest version (1.0.0)
2026-06-04 14:05:20 [INFO] AutoUpdater: Silent update status: Already up to date
2026-06-04 14:05:21 [INFO] APIDbManager: API token obtained from http://222.127.90.218
2026-06-04 14:05:21 [INFO] CurrencyManager: Currencies table initialized
2026-06-04 14:05:23 [INFO] ping_monitor: PingMonitor started for IT-01 (super_admin)
2026-06-04 14:49:43 [INFO] login: Logout requested - returning to login screen
2026-06-04 14:49:43 [INFO] ping_monitor: PingMonitor stopped for IT-01
2026-06-04 14:49:56 [INFO] ping_monitor: PingMonitor started for test_admin (admin)
2026-06-04 14:51:16 [CRITICAL] __main__: Uncaught exception:
Traceback (most recent call last):
  File "C:\Users\Admin\Operation-Report-System\admin_dashboard.py", line 919, in eventFilter
    def eventFilter(self, obj, event):
    
KeyboardInterrupt

2026-06-05 08:54:48 [INFO] RemoteDatabaseManager: API mode enabled — connecting via http://222.127.90.218
2026-06-05 08:54:53 [INFO] AutoUpdater: Silent updater: Checking for updates...
2026-06-05 08:54:53 [INFO] AutoUpdater: Silent update status: Checking for updates...
2026-06-05 08:54:53 [INFO] AutoUpdater: Silent updater: Already on latest version (1.0.0)
2026-06-05 08:54:53 [INFO] AutoUpdater: Silent update status: Already up to date
2026-06-05 08:54:55 [INFO] APIDbManager: API token obtained from http://222.127.90.218
2026-06-05 08:54:56 [INFO] ping_monitor: PingMonitor started for test_admin (admin)
2026-06-05 08:55:16 [INFO] login: Logout requested - returning to login screen
2026-06-05 08:55:16 [INFO] ping_monitor: PingMonitor stopped for test_admin
2026-06-05 08:55:21 [INFO] ping_monitor: PingMonitor started for CL-0381 (user)
2026-06-05 08:55:21 [INFO] APIDbManager: API token obtained from http://222.127.90.218
2026-06-05 08:59:46 [INFO] login: Logout requested - returning to login screen
2026-06-05 08:59:46 [INFO] ping_monitor: PingMonitor stopped for CL-0381
2026-06-05 08:59:52 [INFO] ping_monitor: PingMonitor started for test_admin (admin)
2026-06-05 09:00:05 [INFO] login: Logout requested - returning to login screen
2026-06-05 09:00:05 [INFO] ping_monitor: PingMonitor stopped for test_admin
2026-06-05 09:00:11 [INFO] ping_monitor: PingMonitor started for CL-0381 (user)
2026-06-05 09:00:11 [INFO] APIDbManager: API token obtained from http://222.127.90.218
2026-06-05 09:43:00 [INFO] login: Logout requested - returning to login screen
2026-06-05 09:43:00 [INFO] ping_monitor: PingMonitor stopped for CL-0381
2026-06-05 09:43:14 [INFO] RemoteDatabaseManager: API mode enabled — connecting via http://222.127.90.218
2026-06-05 09:43:19 [INFO] AutoUpdater: Silent updater: Checking for updates...
2026-06-05 09:43:19 [INFO] AutoUpdater: Silent update status: Checking for updates...
2026-06-05 09:43:19 [INFO] AutoUpdater: Silent updater: Already on latest version (1.0.0)
2026-06-05 09:43:19 [INFO] AutoUpdater: Silent update status: Already up to date
2026-06-05 09:43:22 [INFO] ping_monitor: PingMonitor started for CL-0381 (user)
2026-06-05 09:43:22 [INFO] APIDbManager: API token obtained from http://222.127.90.218
2026-06-05 09:43:22 [INFO] APIDbManager: API token obtained from http://222.127.90.218
2026-06-05 09:43:52 [WARNING] urllib3.connectionpool: Retrying (Retry(total=0, connect=1, read=0, redirect=None, status=None)) after connection broken by 'ReadTimeoutError("HTTPConnectionPool(host='222.127.90.218', port=80): Read timed out. (read timeout=10)")': /api/exec
2026-06-05 09:43:52 [WARNING] APIDbManager: Transient network error, retrying in 0.8s: HTTPConnectionPool(host='222.127.90.218', port=80): Max retries exceeded with url: /api/exec (Caused by NewConnectionError("HTTPConnection(host='222.127.90.218', port=80): Failed to establish a new connection: [WinError 10065] A socket operation was attempted to an unreachable host"))
2026-06-05 09:43:53 [WARNING] urllib3.connectionpool: Retrying (Retry(total=0, connect=0, read=1, redirect=None, status=None)) after connection broken by 'NewConnectionError("HTTPConnection(host='222.127.90.218', port=80): Failed to establish a new connection: [WinError 10065] A socket operation was attempted to an unreachable host")': /api/exec
2026-06-05 09:43:53 [WARNING] APIDbManager: Transient network error, retrying in 1.6s: HTTPConnectionPool(host='222.127.90.218', port=80): Max retries exceeded with url: /api/exec (Caused by NewConnectionError("HTTPConnection(host='222.127.90.218', port=80): Failed to establish a new connection: [WinError 10065] A socket operation was attempted to an unreachable host"))
2026-06-05 09:43:54 [WARNING] urllib3.connectionpool: Retrying (Retry(total=0, connect=0, read=1, redirect=None, status=None)) after connection broken by 'NewConnectionError("HTTPConnection(host='222.127.90.218', port=80): Failed to establish a new connection: [WinError 10065] A socket operation was attempted to an unreachable host")': /api/exec
2026-06-05 09:43:54 [ERROR] APIDbManager: execute_query network error: HTTPConnectionPool(host='222.127.90.218', port=80): Max retries exceeded with url: /api/exec (Caused by NewConnectionError("HTTPConnection(host='222.127.90.218', port=80): Failed to establish a new connection: [WinError 10065] A socket operation was attempted to an unreachable host"))
2026-06-05 09:43:54 [WARNING] urllib3.connectionpool: Retrying (Retry(total=0, connect=0, read=1, redirect=None, status=None)) after connection broken by 'NewConnectionError("HTTPConnection(host='222.127.90.218', port=80): Failed to establish a new connection: [WinError 10065] A socket operation was attempted to an unreachable host")': /api/exec
2026-06-05 09:43:54 [WARNING] APIDbManager: Transient network error, retrying in 0.8s: HTTPConnectionPool(host='222.127.90.218', port=80): Max retries exceeded with url: /api/exec (Caused by NewConnectionError("HTTPConnection(host='222.127.90.218', port=80): Failed to establish a new connection: [WinError 10065] A socket operation was attempted to an unreachable host"))
2026-06-05 09:43:55 [WARNING] urllib3.connectionpool: Retrying (Retry(total=0, connect=0, read=1, redirect=None, status=None)) after connection broken by 'NewConnectionError("HTTPConnection(host='222.127.90.218', port=80): Failed to establish a new connection: [WinError 10065] A socket operation was attempted to an unreachable host")': /api/exec
2026-06-05 09:43:55 [WARNING] APIDbManager: Transient network error, retrying in 1.6s: HTTPConnectionPool(host='222.127.90.218', port=80): Max retries exceeded with url: /api/exec (Caused by NewConnectionError("HTTPConnection(host='222.127.90.218', port=80): Failed to establish a new connection: [WinError 10065] A socket operation was attempted to an unreachable host"))
2026-06-05 09:43:57 [WARNING] urllib3.connectionpool: Retrying (Retry(total=0, connect=0, read=1, redirect=None, status=None)) after connection broken by 'NewConnectionError("HTTPConnection(host='222.127.90.218', port=80): Failed to establish a new connection: [WinError 10065] A socket operation was attempted to an unreachable host")': /api/exec
2026-06-05 09:43:57 [ERROR] APIDbManager: execute_query network error: HTTPConnectionPool(host='222.127.90.218', port=80): Max retries exceeded with url: /api/exec (Caused by NewConnectionError("HTTPConnection(host='222.127.90.218', port=80): Failed to establish a new connection: [WinError 10065] A socket operation was attempted to an unreachable host"))
2026-06-05 09:43:57 [WARNING] urllib3.connectionpool: Retrying (Retry(total=0, connect=0, read=1, redirect=None, status=None)) after connection broken by 'NewConnectionError("HTTPConnection(host='222.127.90.218', port=80): Failed to establish a new connection: [WinError 10065] A socket operation was attempted to an unreachable host")': /api/exec
2026-06-05 09:43:57 [WARNING] APIDbManager: Transient network error, retrying in 0.8s: HTTPConnectionPool(host='222.127.90.218', port=80): Max retries exceeded with url: /api/exec (Caused by NewConnectionError("HTTPConnection(host='222.127.90.218', port=80): Failed to establish a new connection: [WinError 10065] A socket operation was attempted to an unreachable host"))
2026-06-05 09:43:58 [WARNING] urllib3.connectionpool: Retrying (Retry(total=0, connect=0, read=1, redirect=None, status=None)) after connection broken by 'NewConnectionError("HTTPConnection(host='222.127.90.218', port=80): Failed to establish a new connection: [WinError 10065] A socket operation was attempted to an unreachable host")': /api/exec
2026-06-05 09:43:58 [WARNING] APIDbManager: Transient network error, retrying in 1.6s: HTTPConnectionPool(host='222.127.90.218', port=80): Max retries exceeded with url: /api/exec (Caused by NewConnectionError("HTTPConnection(host='222.127.90.218', port=80): Failed to establish a new connection: [WinError 10065] A socket operation was attempted to an unreachable host"))
2026-06-05 09:43:59 [WARNING] urllib3.connectionpool: Retrying (Retry(total=0, connect=0, read=1, redirect=None, status=None)) after connection broken by 'NewConnectionError("HTTPConnection(host='222.127.90.218', port=80): Failed to establish a new connection: [WinError 10065] A socket operation was attempted to an unreachable host")': /api/exec
2026-06-05 09:43:59 [ERROR] APIDbManager: execute_query network error: HTTPConnectionPool(host='222.127.90.218', port=80): Max retries exceeded with url: /api/exec (Caused by NewConnectionError("HTTPConnection(host='222.127.90.218', port=80): Failed to establish a new connection: [WinError 10065] A socket operation was attempted to an unreachable host"))
2026-06-05 09:43:59 [WARNING] urllib3.connectionpool: Retrying (Retry(total=0, connect=0, read=1, redirect=None, status=None)) after connection broken by 'NewConnectionError("HTTPConnection(host='222.127.90.218', port=80): Failed to establish a new connection: [WinError 10065] A socket operation was attempted to an unreachable host")': /api/exec
2026-06-05 09:43:59 [WARNING] APIDbManager: Transient network error, retrying in 0.8s: HTTPConnectionPool(host='222.127.90.218', port=80): Max retries exceeded with url: /api/exec (Caused by NewConnectionError("HTTPConnection(host='222.127.90.218', port=80): Failed to establish a new connection: [WinError 10065] A socket operation was attempted to an unreachable host"))
2026-06-05 09:44:00 [WARNING] urllib3.connectionpool: Retrying (Retry(total=0, connect=0, read=1, redirect=None, status=None)) after connection broken by 'NewConnectionError("HTTPConnection(host='222.127.90.218', port=80): Failed to establish a new connection: [WinError 10065] A socket operation was attempted to an unreachable host")': /api/exec
2026-06-05 09:44:00 [WARNING] APIDbManager: Transient network error, retrying in 1.6s: HTTPConnectionPool(host='222.127.90.218', port=80): Max retries exceeded with url: /api/exec (Caused by NewConnectionError("HTTPConnection(host='222.127.90.218', port=80): Failed to establish a new connection: [WinError 10065] A socket operation was attempted to an unreachable host"))
2026-06-05 09:44:02 [WARNING] urllib3.connectionpool: Retrying (Retry(total=0, connect=0, read=1, redirect=None, status=None)) after connection broken by 'NewConnectionError("HTTPConnection(host='222.127.90.218', port=80): Failed to establish a new connection: [WinError 10065] A socket operation was attempted to an unreachable host")': /api/exec
2026-06-05 09:44:02 [ERROR] APIDbManager: execute_query network error: HTTPConnectionPool(host='222.127.90.218', port=80): Max retries exceeded with url: /api/exec (Caused by NewConnectionError("HTTPConnection(host='222.127.90.218', port=80): Failed to establish a new connection: [WinError 10065] A socket operation was attempted to an unreachable host"))
2026-06-05 09:44:02 [WARNING] urllib3.connectionpool: Retrying (Retry(total=0, connect=0, read=1, redirect=None, status=None)) after connection broken by 'NewConnectionError("HTTPConnection(host='222.127.90.218', port=80): Failed to establish a new connection: [WinError 10065] A socket operation was attempted to an unreachable host")': /api/exec
2026-06-05 09:44:02 [WARNING] APIDbManager: Transient network error, retrying in 0.8s: HTTPConnectionPool(host='222.127.90.218', port=80): Max retries exceeded with url: /api/exec (Caused by NewConnectionError("HTTPConnection(host='222.127.90.218', port=80): Failed to establish a new connection: [WinError 10065] A socket operation was attempted to an unreachable host"))
2026-06-05 09:44:03 [WARNING] urllib3.connectionpool: Retrying (Retry(total=0, connect=0, read=1, redirect=None, status=None)) after connection broken by 'NewConnectionError("HTTPConnection(host='222.127.90.218', port=80): Failed to establish a new connection: [WinError 10065] A socket operation was attempted to an unreachable host")': /api/exec
2026-06-05 09:44:03 [WARNING] APIDbManager: Transient network error, retrying in 1.6s: HTTPConnectionPool(host='222.127.90.218', port=80): Max retries exceeded with url: /api/exec (Caused by NewConnectionError("HTTPConnection(host='222.127.90.218', port=80): Failed to establish a new connection: [WinError 10065] A socket operation was attempted to an unreachable host"))
2026-06-05 09:44:04 [WARNING] urllib3.connectionpool: Retrying (Retry(total=0, connect=0, read=1, redirect=None, status=None)) after connection broken by 'NewConnectionError("HTTPConnection(host='222.127.90.218', port=80): Failed to establish a new connection: [WinError 10065] A socket operation was attempted to an unreachable host")': /api/exec
2026-06-05 09:44:04 [ERROR] APIDbManager: execute_query network error: HTTPConnectionPool(host='222.127.90.218', port=80): Max retries exceeded with url: /api/exec (Caused by NewConnectionError("HTTPConnection(host='222.127.90.218', port=80): Failed to establish a new connection: [WinError 10065] A socket operation was attempted to an unreachable host"))
2026-06-05 09:44:04 [WARNING] urllib3.connectionpool: Retrying (Retry(total=0, connect=0, read=1, redirect=None, status=None)) after connection broken by 'NewConnectionError("HTTPConnection(host='222.127.90.218', port=80): Failed to establish a new connection: [WinError 10065] A socket operation was attempted to an unreachable host")': /api/exec
2026-06-05 09:44:04 [WARNING] APIDbManager: Transient network error, retrying in 0.8s: HTTPConnectionPool(host='222.127.90.218', port=80): Max retries exceeded with url: /api/exec (Caused by NewConnectionError("HTTPConnection(host='222.127.90.218', port=80): Failed to establish a new connection: [WinError 10065] A socket operation was attempted to an unreachable host"))
2026-06-05 09:44:05 [WARNING] urllib3.connectionpool: Retrying (Retry(total=0, connect=0, read=1, redirect=None, status=None)) after connection broken by 'NewConnectionError("HTTPConnection(host='222.127.90.218', port=80): Failed to establish a new connection: [WinError 10065] A socket operation was attempted to an unreachable host")': /api/exec
2026-06-05 09:44:05 [WARNING] APIDbManager: Transient network error, retrying in 1.6s: HTTPConnectionPool(host='222.127.90.218', port=80): Max retries exceeded with url: /api/exec (Caused by NewConnectionError("HTTPConnection(host='222.127.90.218', port=80): Failed to establish a new connection: [WinError 10065] A socket operation was attempted to an unreachable host"))
2026-06-05 09:44:07 [WARNING] urllib3.connectionpool: Retrying (Retry(total=0, connect=0, read=1, redirect=None, status=None)) after connection broken by 'NewConnectionError("HTTPConnection(host='222.127.90.218', port=80): Failed to establish a new connection: [WinError 10065] A socket operation was attempted to an unreachable host")': /api/exec
2026-06-05 09:44:07 [ERROR] APIDbManager: execute_query network error: HTTPConnectionPool(host='222.127.90.218', port=80): Max retries exceeded with url: /api/exec (Caused by NewConnectionError("HTTPConnection(host='222.127.90.218', port=80): Failed to establish a new connection: [WinError 10065] A socket operation was attempted to an unreachable host"))
2026-06-05 09:44:07 [WARNING] urllib3.connectionpool: Retrying (Retry(total=0, connect=0, read=1, redirect=None, status=None)) after connection broken by 'NewConnectionError("HTTPConnection(host='222.127.90.218', port=80): Failed to establish a new connection: [WinError 10065] A socket operation was attempted to an unreachable host")': /api/exec
2026-06-05 09:44:07 [WARNING] APIDbManager: Transient network error, retrying in 0.8s: HTTPConnectionPool(host='222.127.90.218', port=80): Max retries exceeded with url: /api/exec (Caused by NewConnectionError("HTTPConnection(host='222.127.90.218', port=80): Failed to establish a new connection: [WinError 10065] A socket operation was attempted to an unreachable host"))
2026-06-05 09:44:08 [WARNING] urllib3.connectionpool: Retrying (Retry(total=0, connect=0, read=1, redirect=None, status=None)) after connection broken by 'NewConnectionError("HTTPConnection(host='222.127.90.218', port=80): Failed to establish a new connection: [WinError 10065] A socket operation was attempted to an unreachable host")': /api/exec
2026-06-05 09:44:08 [WARNING] APIDbManager: Transient network error, retrying in 1.6s: HTTPConnectionPool(host='222.127.90.218', port=80): Max retries exceeded with url: /api/exec (Caused by NewConnectionError("HTTPConnection(host='222.127.90.218', port=80): Failed to establish a new connection: [WinError 10065] A socket operation was attempted to an unreachable host"))
2026-06-05 09:51:36 [INFO] RemoteDatabaseManager: API mode enabled — connecting via http://222.127.90.218
2026-06-05 09:51:39 [INFO] AutoUpdater: Silent updater: Checking for updates...
2026-06-05 09:51:40 [INFO] AutoUpdater: Silent update status: Checking for updates...
2026-06-05 09:51:40 [INFO] AutoUpdater: Silent updater: Already on latest version (1.0.0)
2026-06-05 09:51:40 [INFO] AutoUpdater: Silent update status: Already up to date
2026-06-05 09:51:41 [INFO] ping_monitor: PingMonitor started for CL-0381 (user)
2026-06-05 09:51:41 [INFO] APIDbManager: API token obtained from http://222.127.90.218
2026-06-05 09:51:41 [ERROR] login: Error loading ClientDashboard: 'ConnectionWatcher' object has no attribute 'setDaemon'
Traceback (most recent call last):
  File "C:\Users\Admin\Operation-Report-System\login.py", line 749, in authenticate_user
    self.dashboard = ClientDashboard(db_username, branch, corporation, _client_db)
                     ~~~~~~~~~~~~~~~^^^^^^^^^^^^^^^^^^^^^^^^^^^^^^^^^^^^^^^^^^^^^^
  File "C:\Users\Admin\Operation-Report-System\Client\client_dashboard.py", line 694, in __init__
    self._conn_watcher = _ConnectionWatcher(self.db_manager)
                         ~~~~~~~~~~~~~~~~~~^^^^^^^^^^^^^^^^^
  File "C:\Users\Admin\Operation-Report-System\connection_watcher.py", line 53, in __init__
    self.setDaemon(True)             # thread exits automatically with the app
    ^^^^^^^^^^^^^^
AttributeError: 'ConnectionWatcher' object has no attribute 'setDaemon'
2026-06-05 09:52:17 [INFO] ping_monitor: PingMonitor stopped for CL-0381
2026-06-05 09:52:20 [INFO] RemoteDatabaseManager: API mode enabled — connecting via http://222.127.90.218
2026-06-05 09:52:23 [INFO] AutoUpdater: Silent updater: Checking for updates...
2026-06-05 09:52:23 [INFO] AutoUpdater: Silent update status: Checking for updates...
2026-06-05 09:52:23 [INFO] AutoUpdater: Silent updater: Already on latest version (1.0.0)
2026-06-05 09:52:23 [INFO] AutoUpdater: Silent update status: Already up to date
2026-06-05 09:52:25 [INFO] ping_monitor: PingMonitor started for CL-0381 (user)
2026-06-05 09:52:25 [INFO] APIDbManager: API token obtained from http://222.127.90.218
2026-06-05 09:52:25 [INFO] APIDbManager: API token obtained from http://222.127.90.218
2026-06-05 09:52:39 [WARNING] urllib3.connectionpool: Retrying (Retry(total=1, connect=2, read=1, redirect=None, status=None)) after connection broken by 'ReadTimeoutError("HTTPConnectionPool(host='222.127.90.218', port=80): Read timed out. (read timeout=4)")': /api/health
2026-06-05 09:52:40 [WARNING] urllib3.connectionpool: Retrying (Retry(total=0, connect=1, read=1, redirect=None, status=None)) after connection broken by 'NewConnectionError("HTTPConnection(host='222.127.90.218', port=80): Failed to establish a new connection: [WinError 10065] A socket operation was attempted to an unreachable host")': /api/health
2026-06-05 09:52:40 [WARNING] connection_watcher: ConnectionWatcher: connection lost
2026-06-05 09:52:45 [WARNING] urllib3.connectionpool: Retrying (Retry(total=1, connect=1, read=2, redirect=None, status=None)) after connection broken by 'NewConnectionError("HTTPConnection(host='222.127.90.218', port=80): Failed to establish a new connection: [WinError 10065] A socket operation was attempted to an unreachable host")': /api/health
2026-06-05 09:52:45 [WARNING] urllib3.connectionpool: Retrying (Retry(total=0, connect=1, read=0, redirect=None, status=None)) after connection broken by 'ReadTimeoutError("HTTPConnectionPool(host='222.127.90.218', port=80): Read timed out. (read timeout=10)")': /api/exec
2026-06-05 09:52:45 [WARNING] APIDbManager: Transient network error, retrying in 0.8s: HTTPConnectionPool(host='222.127.90.218', port=80): Max retries exceeded with url: /api/exec (Caused by NewConnectionError("HTTPConnection(host='222.127.90.218', port=80): Failed to establish a new connection: [WinError 10065] A socket operation was attempted to an unreachable host"))
2026-06-05 09:52:45 [WARNING] urllib3.connectionpool: Retrying (Retry(total=0, connect=0, read=1, redirect=None, status=None)) after connection broken by 'NewConnectionError("HTTPConnection(host='222.127.90.218', port=80): Failed to establish a new connection: [WinError 10065] A socket operation was attempted to an unreachable host")': /api/exec
2026-06-05 09:52:45 [WARNING] APIDbManager: Transient network error, retrying in 1.6s: HTTPConnectionPool(host='222.127.90.218', port=80): Max retries exceeded with url: /api/exec (Caused by NewConnectionError("HTTPConnection(host='222.127.90.218', port=80): Failed to establish a new connection: [WinError 10065] A socket operation was attempted to an unreachable host"))
2026-06-05 09:52:46 [WARNING] urllib3.connectionpool: Retrying (Retry(total=0, connect=0, read=2, redirect=None, status=None)) after connection broken by 'NewConnectionError("HTTPConnection(host='222.127.90.218', port=80): Failed to establish a new connection: [WinError 10065] A socket operation was attempted to an unreachable host")': /api/health
2026-06-05 09:52:47 [WARNING] urllib3.connectionpool: Retrying (Retry(total=0, connect=0, read=1, redirect=None, status=None)) after connection broken by 'NewConnectionError("HTTPConnection(host='222.127.90.218', port=80): Failed to establish a new connection: [WinError 10065] A socket operation was attempted to an unreachable host")': /api/exec
2026-06-05 09:52:47 [ERROR] APIDbManager: execute_query network error: HTTPConnectionPool(host='222.127.90.218', port=80): Max retries exceeded with url: /api/exec (Caused by NewConnectionError("HTTPConnection(host='222.127.90.218', port=80): Failed to establish a new connection: [WinError 10065] A socket operation was attempted to an unreachable host"))
2026-06-05 09:52:47 [WARNING] urllib3.connectionpool: Retrying (Retry(total=0, connect=0, read=1, redirect=None, status=None)) after connection broken by 'NewConnectionError("HTTPConnection(host='222.127.90.218', port=80): Failed to establish a new connection: [WinError 10065] A socket operation was attempted to an unreachable host")': /api/exec
2026-06-05 09:52:47 [WARNING] APIDbManager: Transient network error, retrying in 0.8s: HTTPConnectionPool(host='222.127.90.218', port=80): Max retries exceeded with url: /api/exec (Caused by NewConnectionError("HTTPConnection(host='222.127.90.218', port=80): Failed to establish a new connection: [WinError 10065] A socket operation was attempted to an unreachable host"))
2026-06-05 09:52:48 [WARNING] urllib3.connectionpool: Retrying (Retry(total=0, connect=0, read=1, redirect=None, status=None)) after connection broken by 'NewConnectionError("HTTPConnection(host='222.127.90.218', port=80): Failed to establish a new connection: [WinError 10065] A socket operation was attempted to an unreachable host")': /api/exec
2026-06-05 09:52:48 [WARNING] APIDbManager: Transient network error, retrying in 1.6s: HTTPConnectionPool(host='222.127.90.218', port=80): Max retries exceeded with url: /api/exec (Caused by NewConnectionError("HTTPConnection(host='222.127.90.218', port=80): Failed to establish a new connection: [WinError 10065] A socket operation was attempted to an unreachable host"))
2026-06-05 09:52:49 [WARNING] urllib3.connectionpool: Retrying (Retry(total=0, connect=0, read=1, redirect=None, status=None)) after connection broken by 'NewConnectionError("HTTPConnection(host='222.127.90.218', port=80): Failed to establish a new connection: [WinError 10065] A socket operation was attempted to an unreachable host")': /api/exec
2026-06-05 09:52:50 [ERROR] APIDbManager: execute_query network error: HTTPConnectionPool(host='222.127.90.218', port=80): Max retries exceeded with url: /api/exec (Caused by NewConnectionError("HTTPConnection(host='222.127.90.218', port=80): Failed to establish a new connection: [WinError 10065] A socket operation was attempted to an unreachable host"))
2026-06-05 09:52:50 [WARNING] urllib3.connectionpool: Retrying (Retry(total=0, connect=0, read=1, redirect=None, status=None)) after connection broken by 'NewConnectionError("HTTPConnection(host='222.127.90.218', port=80): Failed to establish a new connection: [WinError 10065] A socket operation was attempted to an unreachable host")': /api/exec
2026-06-05 09:52:50 [WARNING] APIDbManager: Transient network error, retrying in 0.8s: HTTPConnectionPool(host='222.127.90.218', port=80): Max retries exceeded with url: /api/exec (Caused by NewConnectionError("HTTPConnection(host='222.127.90.218', port=80): Failed to establish a new connection: [WinError 10065] A socket operation was attempted to an unreachable host"))
2026-06-05 09:52:50 [WARNING] urllib3.connectionpool: Retrying (Retry(total=0, connect=0, read=1, redirect=None, status=None)) after connection broken by 'NewConnectionError("HTTPConnection(host='222.127.90.218', port=80): Failed to establish a new connection: [WinError 10065] A socket operation was attempted to an unreachable host")': /api/exec
2026-06-05 09:52:50 [WARNING] APIDbManager: Transient network error, retrying in 1.6s: HTTPConnectionPool(host='222.127.90.218', port=80): Max retries exceeded with url: /api/exec (Caused by NewConnectionError("HTTPConnection(host='222.127.90.218', port=80): Failed to establish a new connection: [WinError 10065] A socket operation was attempted to an unreachable host"))
2026-06-05 09:52:51 [WARNING] urllib3.connectionpool: Retrying (Retry(total=1, connect=1, read=2, redirect=None, status=None)) after connection broken by 'NewConnectionError("HTTPConnection(host='222.127.90.218', port=80): Failed to establish a new connection: [WinError 10065] A socket operation was attempted to an unreachable host")': /api/health
2026-06-05 09:52:52 [WARNING] urllib3.connectionpool: Retrying (Retry(total=0, connect=0, read=2, redirect=None, status=None)) after connection broken by 'NewConnectionError("HTTPConnection(host='222.127.90.218', port=80): Failed to establish a new connection: [WinError 10065] A socket operation was attempted to an unreachable host")': /api/health
2026-06-05 09:52:52 [WARNING] urllib3.connectionpool: Retrying (Retry(total=0, connect=0, read=1, redirect=None, status=None)) after connection broken by 'NewConnectionError("HTTPConnection(host='222.127.90.218', port=80): Failed to establish a new connection: [WinError 10065] A socket operation was attempted to an unreachable host")': /api/exec
2026-06-05 09:52:52 [ERROR] APIDbManager: execute_query network error: HTTPConnectionPool(host='222.127.90.218', port=80): Max retries exceeded with url: /api/exec (Caused by NewConnectionError("HTTPConnection(host='222.127.90.218', port=80): Failed to establish a new connection: [WinError 10065] A socket operation was attempted to an unreachable host"))
2026-06-05 09:52:52 [WARNING] urllib3.connectionpool: Retrying (Retry(total=0, connect=0, read=1, redirect=None, status=None)) after connection broken by 'NewConnectionError("HTTPConnection(host='222.127.90.218', port=80): Failed to establish a new connection: [WinError 10065] A socket operation was attempted to an unreachable host")': /api/exec
2026-06-05 09:52:52 [WARNING] APIDbManager: Transient network error, retrying in 0.8s: HTTPConnectionPool(host='222.127.90.218', port=80): Max retries exceeded with url: /api/exec (Caused by NewConnectionError("HTTPConnection(host='222.127.90.218', port=80): Failed to establish a new connection: [WinError 10065] A socket operation was attempted to an unreachable host"))
2026-06-05 09:52:53 [WARNING] urllib3.connectionpool: Retrying (Retry(total=0, connect=0, read=1, redirect=None, status=None)) after connection broken by 'NewConnectionError("HTTPConnection(host='222.127.90.218', port=80): Failed to establish a new connection: [WinError 10065] A socket operation was attempted to an unreachable host")': /api/exec
2026-06-05 09:52:53 [WARNING] APIDbManager: Transient network error, retrying in 1.6s: HTTPConnectionPool(host='222.127.90.218', port=80): Max retries exceeded with url: /api/exec (Caused by NewConnectionError("HTTPConnection(host='222.127.90.218', port=80): Failed to establish a new connection: [WinError 10065] A socket operation was attempted to an unreachable host"))
2026-06-05 09:52:57 [INFO] connection_watcher: ConnectionWatcher: connection restored
2026-06-05 09:53:11 [WARNING] urllib3.connectionpool: Retrying (Retry(total=1, connect=2, read=1, redirect=None, status=None)) after connection broken by 'ReadTimeoutError("HTTPConnectionPool(host='222.127.90.218', port=80): Read timed out. (read timeout=4)")': /api/health
2026-06-05 09:53:12 [WARNING] urllib3.connectionpool: Retrying (Retry(total=0, connect=1, read=1, redirect=None, status=None)) after connection broken by 'NewConnectionError("HTTPConnection(host='222.127.90.218', port=80): Failed to establish a new connection: [WinError 10065] A socket operation was attempted to an unreachable host")': /api/health
2026-06-05 09:53:12 [WARNING] connection_watcher: ConnectionWatcher: connection lost
2026-06-05 09:53:15 [WARNING] urllib3.connectionpool: Retrying (Retry(total=0, connect=1, read=0, redirect=None, status=None)) after connection broken by 'ReadTimeoutError("HTTPConnectionPool(host='222.127.90.218', port=80): Read timed out. (read timeout=10)")': /api/exec
2026-06-05 09:53:15 [WARNING] APIDbManager: Transient network error, retrying in 0.8s: HTTPConnectionPool(host='222.127.90.218', port=80): Max retries exceeded with url: /api/exec (Caused by NewConnectionError("HTTPConnection(host='222.127.90.218', port=80): Failed to establish a new connection: [WinError 10065] A socket operation was attempted to an unreachable host"))
2026-06-05 09:53:15 [WARNING] urllib3.connectionpool: Retrying (Retry(total=0, connect=0, read=1, redirect=None, status=None)) after connection broken by 'NewConnectionError("HTTPConnection(host='222.127.90.218', port=80): Failed to establish a new connection: [WinError 10065] A socket operation was attempted to an unreachable host")': /api/exec
2026-06-05 09:53:15 [WARNING] APIDbManager: Transient network error, retrying in 1.6s: HTTPConnectionPool(host='222.127.90.218', port=80): Max retries exceeded with url: /api/exec (Caused by NewConnectionError("HTTPConnection(host='222.127.90.218', port=80): Failed to establish a new connection: [WinError 10065] A socket operation was attempted to an unreachable host"))
2026-06-05 09:53:17 [WARNING] urllib3.connectionpool: Retrying (Retry(total=1, connect=1, read=2, redirect=None, status=None)) after connection broken by 'NewConnectionError("HTTPConnection(host='222.127.90.218', port=80): Failed to establish a new connection: [WinError 10065] A socket operation was attempted to an unreachable host")': /api/health
2026-06-05 09:53:17 [WARNING] urllib3.connectionpool: Retrying (Retry(total=0, connect=0, read=1, redirect=None, status=None)) after connection broken by 'NewConnectionError("HTTPConnection(host='222.127.90.218', port=80): Failed to establish a new connection: [WinError 10065] A socket operation was attempted to an unreachable host")': /api/exec
2026-06-05 09:53:17 [ERROR] APIDbManager: execute_query network error: HTTPConnectionPool(host='222.127.90.218', port=80): Max retries exceeded with url: /api/exec (Caused by NewConnectionError("HTTPConnection(host='222.127.90.218', port=80): Failed to establish a new connection: [WinError 10065] A socket operation was attempted to an unreachable host"))
2026-06-05 09:53:17 [WARNING] urllib3.connectionpool: Retrying (Retry(total=0, connect=0, read=1, redirect=None, status=None)) after connection broken by 'NewConnectionError("HTTPConnection(host='222.127.90.218', port=80): Failed to establish a new connection: [WinError 10065] A socket operation was attempted to an unreachable host")': /api/exec
2026-06-05 09:53:17 [WARNING] APIDbManager: Transient network error, retrying in 0.8s: HTTPConnectionPool(host='222.127.90.218', port=80): Max retries exceeded with url: /api/exec (Caused by NewConnectionError("HTTPConnection(host='222.127.90.218', port=80): Failed to establish a new connection: [WinError 10065] A socket operation was attempted to an unreachable host"))
2026-06-05 09:53:18 [WARNING] urllib3.connectionpool: Retrying (Retry(total=0, connect=0, read=2, redirect=None, status=None)) after connection broken by 'NewConnectionError("HTTPConnection(host='222.127.90.218', port=80): Failed to establish a new connection: [WinError 10065] A socket operation was attempted to an unreachable host")': /api/health
2026-06-05 09:53:18 [WARNING] urllib3.connectionpool: Retrying (Retry(total=0, connect=0, read=1, redirect=None, status=None)) after connection broken by 'NewConnectionError("HTTPConnection(host='222.127.90.218', port=80): Failed to establish a new connection: [WinError 10065] A socket operation was attempted to an unreachable host")': /api/exec
2026-06-05 09:53:18 [WARNING] APIDbManager: Transient network error, retrying in 1.6s: HTTPConnectionPool(host='222.127.90.218', port=80): Max retries exceeded with url: /api/exec (Caused by NewConnectionError("HTTPConnection(host='222.127.90.218', port=80): Failed to establish a new connection: [WinError 10065] A socket operation was attempted to an unreachable host"))
2026-06-05 09:53:20 [WARNING] urllib3.connectionpool: Retrying (Retry(total=0, connect=0, read=1, redirect=None, status=None)) after connection broken by 'NewConnectionError("HTTPConnection(host='222.127.90.218', port=80): Failed to establish a new connection: [WinError 10065] A socket operation was attempted to an unreachable host")': /api/exec
2026-06-05 09:53:20 [ERROR] APIDbManager: execute_query network error: HTTPConnectionPool(host='222.127.90.218', port=80): Max retries exceeded with url: /api/exec (Caused by NewConnectionError("HTTPConnection(host='222.127.90.218', port=80): Failed to establish a new connection: [WinError 10065] A socket operation was attempted to an unreachable host"))
2026-06-05 09:53:20 [WARNING] urllib3.connectionpool: Retrying (Retry(total=0, connect=0, read=1, redirect=None, status=None)) after connection broken by 'NewConnectionError("HTTPConnection(host='222.127.90.218', port=80): Failed to establish a new connection: [WinError 10065] A socket operation was attempted to an unreachable host")': /api/exec
2026-06-05 09:53:20 [WARNING] APIDbManager: Transient network error, retrying in 0.8s: HTTPConnectionPool(host='222.127.90.218', port=80): Max retries exceeded with url: /api/exec (Caused by NewConnectionError("HTTPConnection(host='222.127.90.218', port=80): Failed to establish a new connection: [WinError 10065] A socket operation was attempted to an unreachable host"))
2026-06-05 09:53:20 [WARNING] urllib3.connectionpool: Retrying (Retry(total=0, connect=0, read=1, redirect=None, status=None)) after connection broken by 'NewConnectionError("HTTPConnection(host='222.127.90.218', port=80): Failed to establish a new connection: [WinError 10065] A socket operation was attempted to an unreachable host")': /api/exec
2026-06-05 09:53:20 [WARNING] APIDbManager: Transient network error, retrying in 1.6s: HTTPConnectionPool(host='222.127.90.218', port=80): Max retries exceeded with url: /api/exec (Caused by NewConnectionError("HTTPConnection(host='222.127.90.218', port=80): Failed to establish a new connection: [WinError 10065] A socket operation was attempted to an unreachable host"))
2026-06-05 09:53:22 [WARNING] urllib3.connectionpool: Retrying (Retry(total=0, connect=0, read=1, redirect=None, status=None)) after connection broken by 'NewConnectionError("HTTPConnection(host='222.127.90.218', port=80): Failed to establish a new connection: [WinError 10065] A socket operation was attempted to an unreachable host")': /api/exec
2026-06-05 09:53:22 [ERROR] APIDbManager: execute_query network error: HTTPConnectionPool(host='222.127.90.218', port=80): Max retries exceeded with url: /api/exec (Caused by NewConnectionError("HTTPConnection(host='222.127.90.218', port=80): Failed to establish a new connection: [WinError 10065] A socket operation was attempted to an unreachable host"))
2026-06-05 09:53:22 [WARNING] urllib3.connectionpool: Retrying (Retry(total=0, connect=0, read=1, redirect=None, status=None)) after connection broken by 'NewConnectionError("HTTPConnection(host='222.127.90.218', port=80): Failed to establish a new connection: [WinError 10065] A socket operation was attempted to an unreachable host")': /api/exec
2026-06-05 09:53:22 [WARNING] APIDbManager: Transient network error, retrying in 0.8s: HTTPConnectionPool(host='222.127.90.218', port=80): Max retries exceeded with url: /api/exec (Caused by NewConnectionError("HTTPConnection(host='222.127.90.218', port=80): Failed to establish a new connection: [WinError 10065] A socket operation was attempted to an unreachable host"))
2026-06-05 09:53:23 [WARNING] urllib3.connectionpool: Retrying (Retry(total=1, connect=1, read=2, redirect=None, status=None)) after connection broken by 'NewConnectionError("HTTPConnection(host='222.127.90.218', port=80): Failed to establish a new connection: [WinError 10065] A socket operation was attempted to an unreachable host")': /api/health
2026-06-05 09:53:23 [WARNING] urllib3.connectionpool: Retrying (Retry(total=0, connect=0, read=1, redirect=None, status=None)) after connection broken by 'NewConnectionError("HTTPConnection(host='222.127.90.218', port=80): Failed to establish a new connection: [WinError 10065] A socket operation was attempted to an unreachable host")': /api/exec
2026-06-05 09:53:23 [WARNING] APIDbManager: Transient network error, retrying in 1.6s: HTTPConnectionPool(host='222.127.90.218', port=80): Max retries exceeded with url: /api/exec (Caused by NewConnectionError("HTTPConnection(host='222.127.90.218', port=80): Failed to establish a new connection: [WinError 10065] A socket operation was attempted to an unreachable host"))
2026-06-05 09:53:24 [WARNING] urllib3.connectionpool: Retrying (Retry(total=0, connect=0, read=2, redirect=None, status=None)) after connection broken by 'NewConnectionError("HTTPConnection(host='222.127.90.218', port=80): Failed to establish a new connection: [WinError 10065] A socket operation was attempted to an unreachable host")': /api/health
2026-06-05 09:53:24 [WARNING] urllib3.connectionpool: Retrying (Retry(total=0, connect=0, read=1, redirect=None, status=None)) after connection broken by 'NewConnectionError("HTTPConnection(host='222.127.90.218', port=80): Failed to establish a new connection: [WinError 10065] A socket operation was attempted to an unreachable host")': /api/exec
2026-06-05 09:53:24 [ERROR] APIDbManager: execute_query network error: HTTPConnectionPool(host='222.127.90.218', port=80): Max retries exceeded with url: /api/exec (Caused by NewConnectionError("HTTPConnection(host='222.127.90.218', port=80): Failed to establish a new connection: [WinError 10065] A socket operation was attempted to an unreachable host"))
2026-06-05 09:53:25 [WARNING] urllib3.connectionpool: Retrying (Retry(total=0, connect=0, read=1, redirect=None, status=None)) after connection broken by 'NewConnectionError("HTTPConnection(host='222.127.90.218', port=80): Failed to establish a new connection: [WinError 10065] A socket operation was attempted to an unreachable host")': /api/exec
2026-06-05 09:53:25 [WARNING] APIDbManager: Transient network error, retrying in 0.8s: HTTPConnectionPool(host='222.127.90.218', port=80): Max retries exceeded with url: /api/exec (Caused by NewConnectionError("HTTPConnection(host='222.127.90.218', port=80): Failed to establish a new connection: [WinError 10065] A socket operation was attempted to an unreachable host"))
2026-06-05 09:53:25 [WARNING] urllib3.connectionpool: Retrying (Retry(total=0, connect=0, read=1, redirect=None, status=None)) after connection broken by 'NewConnectionError("HTTPConnection(host='222.127.90.218', port=80): Failed to establish a new connection: [WinError 10065] A socket operation was attempted to an unreachable host")': /api/exec
2026-06-05 09:53:25 [WARNING] APIDbManager: Transient network error, retrying in 1.6s: HTTPConnectionPool(host='222.127.90.218', port=80): Max retries exceeded with url: /api/exec (Caused by NewConnectionError("HTTPConnection(host='222.127.90.218', port=80): Failed to establish a new connection: [WinError 10065] A socket operation was attempted to an unreachable host"))
2026-06-05 09:53:29 [INFO] connection_watcher: ConnectionWatcher: connection restored
2026-06-05 09:55:43 [INFO] RemoteDatabaseManager: API mode enabled — connecting via http://222.127.90.218
2026-06-05 09:55:45 [INFO] AutoUpdater: Silent updater: Checking for updates...
2026-06-05 09:55:45 [INFO] AutoUpdater: Silent update status: Checking for updates...
2026-06-05 09:55:46 [INFO] AutoUpdater: Silent updater: Already on latest version (1.0.0)
2026-06-05 09:55:46 [INFO] AutoUpdater: Silent update status: Already up to date
2026-06-05 09:55:47 [INFO] ping_monitor: PingMonitor started for CL-0381 (user)
2026-06-05 09:55:47 [INFO] APIDbManager: API token obtained from http://222.127.90.218
2026-06-05 09:55:47 [INFO] APIDbManager: API token obtained from http://222.127.90.218
2026-06-05 09:56:02 [WARNING] urllib3.connectionpool: Retrying (Retry(total=1, connect=2, read=1, redirect=None, status=None)) after connection broken by 'ReadTimeoutError("HTTPConnectionPool(host='222.127.90.218', port=80): Read timed out. (read timeout=3)")': /api/health
2026-06-05 09:56:03 [WARNING] urllib3.connectionpool: Retrying (Retry(total=0, connect=1, read=1, redirect=None, status=None)) after connection broken by 'NewConnectionError("HTTPConnection(host='222.127.90.218', port=80): Failed to establish a new connection: [WinError 10065] A socket operation was attempted to an unreachable host")': /api/health
2026-06-05 09:56:03 [WARNING] connection_watcher: ConnectionWatcher: connection lost
2026-06-05 09:56:07 [WARNING] urllib3.connectionpool: Retrying (Retry(total=0, connect=1, read=0, redirect=None, status=None)) after connection broken by 'ReadTimeoutError("HTTPConnectionPool(host='222.127.90.218', port=80): Read timed out. (read timeout=10)")': /api/exec
2026-06-05 09:56:07 [WARNING] APIDbManager: Transient network error, retrying in 0.8s: HTTPConnectionPool(host='222.127.90.218', port=80): Max retries exceeded with url: /api/exec (Caused by NewConnectionError("HTTPConnection(host='222.127.90.218', port=80): Failed to establish a new connection: [WinError 10065] A socket operation was attempted to an unreachable host"))
2026-06-05 09:56:07 [WARNING] urllib3.connectionpool: Retrying (Retry(total=1, connect=1, read=2, redirect=None, status=None)) after connection broken by 'NewConnectionError("HTTPConnection(host='222.127.90.218', port=80): Failed to establish a new connection: [WinError 10065] A socket operation was attempted to an unreachable host")': /api/health
2026-06-05 09:56:08 [WARNING] urllib3.connectionpool: Retrying (Retry(total=0, connect=0, read=1, redirect=None, status=None)) after connection broken by 'NewConnectionError("HTTPConnection(host='222.127.90.218', port=80): Failed to establish a new connection: [WinError 10065] A socket operation was attempted to an unreachable host")': /api/exec
2026-06-05 09:56:08 [WARNING] APIDbManager: Transient network error, retrying in 1.6s: HTTPConnectionPool(host='222.127.90.218', port=80): Max retries exceeded with url: /api/exec (Caused by NewConnectionError("HTTPConnection(host='222.127.90.218', port=80): Failed to establish a new connection: [WinError 10065] A socket operation was attempted to an unreachable host"))
2026-06-05 09:56:08 [WARNING] urllib3.connectionpool: Retrying (Retry(total=0, connect=0, read=2, redirect=None, status=None)) after connection broken by 'NewConnectionError("HTTPConnection(host='222.127.90.218', port=80): Failed to establish a new connection: [WinError 10065] A socket operation was attempted to an unreachable host")': /api/health
2026-06-05 09:56:09 [WARNING] urllib3.connectionpool: Retrying (Retry(total=0, connect=0, read=1, redirect=None, status=None)) after connection broken by 'NewConnectionError("HTTPConnection(host='222.127.90.218', port=80): Failed to establish a new connection: [WinError 10065] A socket operation was attempted to an unreachable host")': /api/exec
2026-06-05 09:56:09 [ERROR] APIDbManager: execute_query network error: HTTPConnectionPool(host='222.127.90.218', port=80): Max retries exceeded with url: /api/exec (Caused by NewConnectionError("HTTPConnection(host='222.127.90.218', port=80): Failed to establish a new connection: [WinError 10065] A socket operation was attempted to an unreachable host"))
2026-06-05 09:56:09 [WARNING] urllib3.connectionpool: Retrying (Retry(total=0, connect=0, read=1, redirect=None, status=None)) after connection broken by 'NewConnectionError("HTTPConnection(host='222.127.90.218', port=80): Failed to establish a new connection: [WinError 10065] A socket operation was attempted to an unreachable host")': /api/exec
2026-06-05 09:56:09 [WARNING] APIDbManager: Transient network error, retrying in 0.8s: HTTPConnectionPool(host='222.127.90.218', port=80): Max retries exceeded with url: /api/exec (Caused by NewConnectionError("HTTPConnection(host='222.127.90.218', port=80): Failed to establish a new connection: [WinError 10065] A socket operation was attempted to an unreachable host"))
2026-06-05 09:56:10 [WARNING] urllib3.connectionpool: Retrying (Retry(total=0, connect=0, read=1, redirect=None, status=None)) after connection broken by 'NewConnectionError("HTTPConnection(host='222.127.90.218', port=80): Failed to establish a new connection: [WinError 10065] A socket operation was attempted to an unreachable host")': /api/exec
2026-06-05 09:56:10 [WARNING] APIDbManager: Transient network error, retrying in 1.6s: HTTPConnectionPool(host='222.127.90.218', port=80): Max retries exceeded with url: /api/exec (Caused by NewConnectionError("HTTPConnection(host='222.127.90.218', port=80): Failed to establish a new connection: [WinError 10065] A socket operation was attempted to an unreachable host"))
2026-06-05 09:56:12 [WARNING] urllib3.connectionpool: Retrying (Retry(total=0, connect=0, read=1, redirect=None, status=None)) after connection broken by 'NewConnectionError("HTTPConnection(host='222.127.90.218', port=80): Failed to establish a new connection: [WinError 10065] A socket operation was attempted to an unreachable host")': /api/exec
2026-06-05 09:56:12 [ERROR] APIDbManager: execute_query network error: HTTPConnectionPool(host='222.127.90.218', port=80): Max retries exceeded with url: /api/exec (Caused by NewConnectionError("HTTPConnection(host='222.127.90.218', port=80): Failed to establish a new connection: [WinError 10065] A socket operation was attempted to an unreachable host"))
2026-06-05 09:56:12 [WARNING] urllib3.connectionpool: Retrying (Retry(total=0, connect=0, read=1, redirect=None, status=None)) after connection broken by 'NewConnectionError("HTTPConnection(host='222.127.90.218', port=80): Failed to establish a new connection: [WinError 10065] A socket operation was attempted to an unreachable host")': /api/exec
2026-06-05 09:56:12 [WARNING] APIDbManager: Transient network error, retrying in 0.8s: HTTPConnectionPool(host='222.127.90.218', port=80): Max retries exceeded with url: /api/exec (Caused by NewConnectionError("HTTPConnection(host='222.127.90.218', port=80): Failed to establish a new connection: [WinError 10065] A socket operation was attempted to an unreachable host"))
2026-06-05 09:56:12 [WARNING] urllib3.connectionpool: Retrying (Retry(total=1, connect=1, read=2, redirect=None, status=None)) after connection broken by 'NewConnectionError("HTTPConnection(host='222.127.90.218', port=80): Failed to establish a new connection: [WinError 10065] A socket operation was attempted to an unreachable host")': /api/health
2026-06-05 09:56:13 [WARNING] urllib3.connectionpool: Retrying (Retry(total=0, connect=0, read=1, redirect=None, status=None)) after connection broken by 'NewConnectionError("HTTPConnection(host='222.127.90.218', port=80): Failed to establish a new connection: [WinError 10065] A socket operation was attempted to an unreachable host")': /api/exec
2026-06-05 09:56:13 [WARNING] APIDbManager: Transient network error, retrying in 1.6s: HTTPConnectionPool(host='222.127.90.218', port=80): Max retries exceeded with url: /api/exec (Caused by NewConnectionError("HTTPConnection(host='222.127.90.218', port=80): Failed to establish a new connection: [WinError 10065] A socket operation was attempted to an unreachable host"))
2026-06-05 09:56:13 [WARNING] urllib3.connectionpool: Retrying (Retry(total=0, connect=0, read=2, redirect=None, status=None)) after connection broken by 'NewConnectionError("HTTPConnection(host='222.127.90.218', port=80): Failed to establish a new connection: [WinError 10065] A socket operation was attempted to an unreachable host")': /api/health
2026-06-05 09:56:14 [WARNING] urllib3.connectionpool: Retrying (Retry(total=0, connect=0, read=1, redirect=None, status=None)) after connection broken by 'NewConnectionError("HTTPConnection(host='222.127.90.218', port=80): Failed to establish a new connection: [WinError 10065] A socket operation was attempted to an unreachable host")': /api/exec
2026-06-05 09:56:14 [ERROR] APIDbManager: execute_query network error: HTTPConnectionPool(host='222.127.90.218', port=80): Max retries exceeded with url: /api/exec (Caused by NewConnectionError("HTTPConnection(host='222.127.90.218', port=80): Failed to establish a new connection: [WinError 10065] A socket operation was attempted to an unreachable host"))
2026-06-05 09:56:14 [WARNING] urllib3.connectionpool: Retrying (Retry(total=0, connect=0, read=1, redirect=None, status=None)) after connection broken by 'NewConnectionError("HTTPConnection(host='222.127.90.218', port=80): Failed to establish a new connection: [WinError 10065] A socket operation was attempted to an unreachable host")': /api/exec
2026-06-05 09:56:14 [WARNING] APIDbManager: Transient network error, retrying in 0.8s: HTTPConnectionPool(host='222.127.90.218', port=80): Max retries exceeded with url: /api/exec (Caused by NewConnectionError("HTTPConnection(host='222.127.90.218', port=80): Failed to establish a new connection: [WinError 10065] A socket operation was attempted to an unreachable host"))
2026-06-05 09:56:15 [WARNING] urllib3.connectionpool: Retrying (Retry(total=0, connect=0, read=1, redirect=None, status=None)) after connection broken by 'NewConnectionError("HTTPConnection(host='222.127.90.218', port=80): Failed to establish a new connection: [WinError 10065] A socket operation was attempted to an unreachable host")': /api/exec
2026-06-05 09:56:15 [WARNING] APIDbManager: Transient network error, retrying in 1.6s: HTTPConnectionPool(host='222.127.90.218', port=80): Max retries exceeded with url: /api/exec (Caused by NewConnectionError("HTTPConnection(host='222.127.90.218', port=80): Failed to establish a new connection: [WinError 10065] A socket operation was attempted to an unreachable host"))
2026-06-05 09:56:17 [WARNING] urllib3.connectionpool: Retrying (Retry(total=0, connect=0, read=1, redirect=None, status=None)) after connection broken by 'NewConnectionError("HTTPConnection(host='222.127.90.218', port=80): Failed to establish a new connection: [WinError 10065] A socket operation was attempted to an unreachable host")': /api/exec
2026-06-05 09:56:17 [ERROR] APIDbManager: execute_query network error: HTTPConnectionPool(host='222.127.90.218', port=80): Max retries exceeded with url: /api/exec (Caused by NewConnectionError("HTTPConnection(host='222.127.90.218', port=80): Failed to establish a new connection: [WinError 10065] A socket operation was attempted to an unreachable host"))
2026-06-05 09:56:17 [WARNING] urllib3.connectionpool: Retrying (Retry(total=0, connect=0, read=1, redirect=None, status=None)) after connection broken by 'NewConnectionError("HTTPConnection(host='222.127.90.218', port=80): Failed to establish a new connection: [WinError 10065] A socket operation was attempted to an unreachable host")': /api/exec
2026-06-05 09:56:17 [WARNING] APIDbManager: Transient network error, retrying in 0.8s: HTTPConnectionPool(host='222.127.90.218', port=80): Max retries exceeded with url: /api/exec (Caused by NewConnectionError("HTTPConnection(host='222.127.90.218', port=80): Failed to establish a new connection: [WinError 10065] A socket operation was attempted to an unreachable host"))
2026-06-05 09:56:17 [WARNING] urllib3.connectionpool: Retrying (Retry(total=1, connect=1, read=2, redirect=None, status=None)) after connection broken by 'NewConnectionError("HTTPConnection(host='222.127.90.218', port=80): Failed to establish a new connection: [WinError 10065] A socket operation was attempted to an unreachable host")': /api/health
2026-06-05 09:56:18 [WARNING] urllib3.connectionpool: Retrying (Retry(total=0, connect=0, read=1, redirect=None, status=None)) after connection broken by 'NewConnectionError("HTTPConnection(host='222.127.90.218', port=80): Failed to establish a new connection: [WinError 10065] A socket operation was attempted to an unreachable host")': /api/exec
2026-06-05 09:56:18 [WARNING] APIDbManager: Transient network error, retrying in 1.6s: HTTPConnectionPool(host='222.127.90.218', port=80): Max retries exceeded with url: /api/exec (Caused by NewConnectionError("HTTPConnection(host='222.127.90.218', port=80): Failed to establish a new connection: [WinError 10065] A socket operation was attempted to an unreachable host"))
2026-06-05 09:56:18 [WARNING] urllib3.connectionpool: Retrying (Retry(total=0, connect=0, read=2, redirect=None, status=None)) after connection broken by 'NewConnectionError("HTTPConnection(host='222.127.90.218', port=80): Failed to establish a new connection: [WinError 10065] A socket operation was attempted to an unreachable host")': /api/health
2026-06-05 09:56:19 [WARNING] urllib3.connectionpool: Retrying (Retry(total=0, connect=0, read=1, redirect=None, status=None)) after connection broken by 'NewConnectionError("HTTPConnection(host='222.127.90.218', port=80): Failed to establish a new connection: [WinError 10065] A socket operation was attempted to an unreachable host")': /api/exec
2026-06-05 09:56:19 [ERROR] APIDbManager: execute_query network error: HTTPConnectionPool(host='222.127.90.218', port=80): Max retries exceeded with url: /api/exec (Caused by NewConnectionError("HTTPConnection(host='222.127.90.218', port=80): Failed to establish a new connection: [WinError 10065] A socket operation was attempted to an unreachable host"))
2026-06-05 09:56:19 [WARNING] urllib3.connectionpool: Retrying (Retry(total=0, connect=0, read=1, redirect=None, status=None)) after connection broken by 'NewConnectionError("HTTPConnection(host='222.127.90.218', port=80): Failed to establish a new connection: [WinError 10065] A socket operation was attempted to an unreachable host")': /api/exec
2026-06-05 09:56:19 [WARNING] APIDbManager: Transient network error, retrying in 0.8s: HTTPConnectionPool(host='222.127.90.218', port=80): Max retries exceeded with url: /api/exec (Caused by NewConnectionError("HTTPConnection(host='222.127.90.218', port=80): Failed to establish a new connection: [WinError 10065] A socket operation was attempted to an unreachable host"))
2026-06-05 09:56:20 [WARNING] urllib3.connectionpool: Retrying (Retry(total=0, connect=0, read=1, redirect=None, status=None)) after connection broken by 'NewConnectionError("HTTPConnection(host='222.127.90.218', port=80): Failed to establish a new connection: [WinError 10065] A socket operation was attempted to an unreachable host")': /api/exec
2026-06-05 09:56:20 [WARNING] APIDbManager: Transient network error, retrying in 1.6s: HTTPConnectionPool(host='222.127.90.218', port=80): Max retries exceeded with url: /api/exec (Caused by NewConnectionError("HTTPConnection(host='222.127.90.218', port=80): Failed to establish a new connection: [WinError 10065] A socket operation was attempted to an unreachable host"))
2026-06-05 09:56:22 [WARNING] urllib3.connectionpool: Retrying (Retry(total=0, connect=0, read=1, redirect=None, status=None)) after connection broken by 'NewConnectionError("HTTPConnection(host='222.127.90.218', port=80): Failed to establish a new connection: [WinError 10065] A socket operation was attempted to an unreachable host")': /api/exec
2026-06-05 09:56:22 [ERROR] APIDbManager: execute_query network error: HTTPConnectionPool(host='222.127.90.218', port=80): Max retries exceeded with url: /api/exec (Caused by NewConnectionError("HTTPConnection(host='222.127.90.218', port=80): Failed to establish a new connection: [WinError 10065] A socket operation was attempted to an unreachable host"))
2026-06-05 09:56:22 [WARNING] urllib3.connectionpool: Retrying (Retry(total=0, connect=0, read=1, redirect=None, status=None)) after connection broken by 'NewConnectionError("HTTPConnection(host='222.127.90.218', port=80): Failed to establish a new connection: [WinError 10065] A socket operation was attempted to an unreachable host")': /api/exec
2026-06-05 09:56:22 [WARNING] APIDbManager: Transient network error, retrying in 0.8s: HTTPConnectionPool(host='222.127.90.218', port=80): Max retries exceeded with url: /api/exec (Caused by NewConnectionError("HTTPConnection(host='222.127.90.218', port=80): Failed to establish a new connection: [WinError 10065] A socket operation was attempted to an unreachable host"))
2026-06-05 09:56:22 [WARNING] urllib3.connectionpool: Retrying (Retry(total=1, connect=1, read=2, redirect=None, status=None)) after connection broken by 'NewConnectionError("HTTPConnection(host='222.127.90.218', port=80): Failed to establish a new connection: [WinError 10065] A socket operation was attempted to an unreachable host")': /api/health
2026-06-05 09:56:23 [WARNING] urllib3.connectionpool: Retrying (Retry(total=0, connect=0, read=1, redirect=None, status=None)) after connection broken by 'NewConnectionError("HTTPConnection(host='222.127.90.218', port=80): Failed to establish a new connection: [WinError 10065] A socket operation was attempted to an unreachable host")': /api/exec
2026-06-05 09:56:23 [WARNING] APIDbManager: Transient network error, retrying in 1.6s: HTTPConnectionPool(host='222.127.90.218', port=80): Max retries exceeded with url: /api/exec (Caused by NewConnectionError("HTTPConnection(host='222.127.90.218', port=80): Failed to establish a new connection: [WinError 10065] A socket operation was attempted to an unreachable host"))
2026-06-05 09:56:23 [WARNING] urllib3.connectionpool: Retrying (Retry(total=0, connect=0, read=2, redirect=None, status=None)) after connection broken by 'NewConnectionError("HTTPConnection(host='222.127.90.218', port=80): Failed to establish a new connection: [WinError 10065] A socket operation was attempted to an unreachable host")': /api/health
2026-06-05 09:56:24 [WARNING] urllib3.connectionpool: Retrying (Retry(total=0, connect=0, read=1, redirect=None, status=None)) after connection broken by 'NewConnectionError("HTTPConnection(host='222.127.90.218', port=80): Failed to establish a new connection: [WinError 10065] A socket operation was attempted to an unreachable host")': /api/exec
2026-06-05 09:56:24 [ERROR] APIDbManager: execute_query network error: HTTPConnectionPool(host='222.127.90.218', port=80): Max retries exceeded with url: /api/exec (Caused by NewConnectionError("HTTPConnection(host='222.127.90.218', port=80): Failed to establish a new connection: [WinError 10065] A socket operation was attempted to an unreachable host"))
2026-06-05 09:56:24 [WARNING] urllib3.connectionpool: Retrying (Retry(total=0, connect=0, read=1, redirect=None, status=None)) after connection broken by 'NewConnectionError("HTTPConnection(host='222.127.90.218', port=80): Failed to establish a new connection: [WinError 10065] A socket operation was attempted to an unreachable host")': /api/exec
2026-06-05 09:56:24 [WARNING] APIDbManager: Transient network error, retrying in 0.8s: HTTPConnectionPool(host='222.127.90.218', port=80): Max retries exceeded with url: /api/exec (Caused by NewConnectionError("HTTPConnection(host='222.127.90.218', port=80): Failed to establish a new connection: [WinError 10065] A socket operation was attempted to an unreachable host"))
2026-06-05 09:56:25 [WARNING] urllib3.connectionpool: Retrying (Retry(total=0, connect=0, read=1, redirect=None, status=None)) after connection broken by 'NewConnectionError("HTTPConnection(host='222.127.90.218', port=80): Failed to establish a new connection: [WinError 10065] A socket operation was attempted to an unreachable host")': /api/exec
2026-06-05 09:56:25 [WARNING] APIDbManager: Transient network error, retrying in 1.6s: HTTPConnectionPool(host='222.127.90.218', port=80): Max retries exceeded with url: /api/exec (Caused by NewConnectionError("HTTPConnection(host='222.127.90.218', port=80): Failed to establish a new connection: [WinError 10065] A socket operation was attempted to an unreachable host"))
2026-06-05 09:56:27 [WARNING] urllib3.connectionpool: Retrying (Retry(total=0, connect=0, read=1, redirect=None, status=None)) after connection broken by 'NewConnectionError("HTTPConnection(host='222.127.90.218', port=80): Failed to establish a new connection: [WinError 10065] A socket operation was attempted to an unreachable host")': /api/exec
2026-06-05 09:56:27 [ERROR] APIDbManager: execute_query network error: HTTPConnectionPool(host='222.127.90.218', port=80): Max retries exceeded with url: /api/exec (Caused by NewConnectionError("HTTPConnection(host='222.127.90.218', port=80): Failed to establish a new connection: [WinError 10065] A socket operation was attempted to an unreachable host"))
2026-06-05 09:56:27 [WARNING] urllib3.connectionpool: Retrying (Retry(total=0, connect=0, read=1, redirect=None, status=None)) after connection broken by 'NewConnectionError("HTTPConnection(host='222.127.90.218', port=80): Failed to establish a new connection: [WinError 10065] A socket operation was attempted to an unreachable host")': /api/exec
2026-06-05 09:56:27 [WARNING] APIDbManager: Transient network error, retrying in 0.8s: HTTPConnectionPool(host='222.127.90.218', port=80): Max retries exceeded with url: /api/exec (Caused by NewConnectionError("HTTPConnection(host='222.127.90.218', port=80): Failed to establish a new connection: [WinError 10065] A socket operation was attempted to an unreachable host"))
2026-06-05 09:56:27 [WARNING] urllib3.connectionpool: Retrying (Retry(total=1, connect=1, read=2, redirect=None, status=None)) after connection broken by 'NewConnectionError("HTTPConnection(host='222.127.90.218', port=80): Failed to establish a new connection: [WinError 10065] A socket operation was attempted to an unreachable host")': /api/health
2026-06-05 09:56:28 [WARNING] urllib3.connectionpool: Retrying (Retry(total=0, connect=0, read=1, redirect=None, status=None)) after connection broken by 'NewConnectionError("HTTPConnection(host='222.127.90.218', port=80): Failed to establish a new connection: [WinError 10065] A socket operation was attempted to an unreachable host")': /api/exec
2026-06-05 09:56:28 [WARNING] APIDbManager: Transient network error, retrying in 1.6s: HTTPConnectionPool(host='222.127.90.218', port=80): Max retries exceeded with url: /api/exec (Caused by NewConnectionError("HTTPConnection(host='222.127.90.218', port=80): Failed to establish a new connection: [WinError 10065] A socket operation was attempted to an unreachable host"))
2026-06-05 09:56:28 [WARNING] urllib3.connectionpool: Retrying (Retry(total=0, connect=0, read=2, redirect=None, status=None)) after connection broken by 'NewConnectionError("HTTPConnection(host='222.127.90.218', port=80): Failed to establish a new connection: [WinError 10065] A socket operation was attempted to an unreachable host")': /api/health
2026-06-05 09:56:29 [WARNING] urllib3.connectionpool: Retrying (Retry(total=0, connect=0, read=1, redirect=None, status=None)) after connection broken by 'NewConnectionError("HTTPConnection(host='222.127.90.218', port=80): Failed to establish a new connection: [WinError 10065] A socket operation was attempted to an unreachable host")': /api/exec
2026-06-05 09:56:29 [ERROR] APIDbManager: execute_query network error: HTTPConnectionPool(host='222.127.90.218', port=80): Max retries exceeded with url: /api/exec (Caused by NewConnectionError("HTTPConnection(host='222.127.90.218', port=80): Failed to establish a new connection: [WinError 10065] A socket operation was attempted to an unreachable host"))
2026-06-05 09:56:29 [WARNING] urllib3.connectionpool: Retrying (Retry(total=0, connect=0, read=1, redirect=None, status=None)) after connection broken by 'NewConnectionError("HTTPConnection(host='222.127.90.218', port=80): Failed to establish a new connection: [WinError 10065] A socket operation was attempted to an unreachable host")': /api/exec
2026-06-05 09:56:29 [WARNING] APIDbManager: Transient network error, retrying in 0.8s: HTTPConnectionPool(host='222.127.90.218', port=80): Max retries exceeded with url: /api/exec (Caused by NewConnectionError("HTTPConnection(host='222.127.90.218', port=80): Failed to establish a new connection: [WinError 10065] A socket operation was attempted to an unreachable host"))
2026-06-05 09:56:30 [WARNING] urllib3.connectionpool: Retrying (Retry(total=0, connect=0, read=1, redirect=None, status=None)) after connection broken by 'NewConnectionError("HTTPConnection(host='222.127.90.218', port=80): Failed to establish a new connection: [WinError 10065] A socket operation was attempted to an unreachable host")': /api/exec
2026-06-05 09:56:30 [WARNING] APIDbManager: Transient network error, retrying in 1.6s: HTTPConnectionPool(host='222.127.90.218', port=80): Max retries exceeded with url: /api/exec (Caused by NewConnectionError("HTTPConnection(host='222.127.90.218', port=80): Failed to establish a new connection: [WinError 10065] A socket operation was attempted to an unreachable host"))
2026-06-05 09:56:32 [WARNING] urllib3.connectionpool: Retrying (Retry(total=0, connect=0, read=1, redirect=None, status=None)) after connection broken by 'NewConnectionError("HTTPConnection(host='222.127.90.218', port=80): Failed to establish a new connection: [WinError 10065] A socket operation was attempted to an unreachable host")': /api/exec
2026-06-05 09:56:32 [ERROR] APIDbManager: execute_query network error: HTTPConnectionPool(host='222.127.90.218', port=80): Max retries exceeded with url: /api/exec (Caused by NewConnectionError("HTTPConnection(host='222.127.90.218', port=80): Failed to establish a new connection: [WinError 10065] A socket operation was attempted to an unreachable host"))
2026-06-05 09:56:32 [WARNING] urllib3.connectionpool: Retrying (Retry(total=0, connect=0, read=1, redirect=None, status=None)) after connection broken by 'NewConnectionError("HTTPConnection(host='222.127.90.218', port=80): Failed to establish a new connection: [WinError 10065] A socket operation was attempted to an unreachable host")': /api/exec
2026-06-05 09:56:32 [WARNING] APIDbManager: Transient network error, retrying in 0.8s: HTTPConnectionPool(host='222.127.90.218', port=80): Max retries exceeded with url: /api/exec (Caused by NewConnectionError("HTTPConnection(host='222.127.90.218', port=80): Failed to establish a new connection: [WinError 10065] A socket operation was attempted to an unreachable host"))
2026-06-05 09:56:32 [WARNING] urllib3.connectionpool: Retrying (Retry(total=1, connect=1, read=2, redirect=None, status=None)) after connection broken by 'NewConnectionError("HTTPConnection(host='222.127.90.218', port=80): Failed to establish a new connection: [WinError 10065] A socket operation was attempted to an unreachable host")': /api/health
2026-06-05 09:56:33 [WARNING] urllib3.connectionpool: Retrying (Retry(total=0, connect=0, read=1, redirect=None, status=None)) after connection broken by 'NewConnectionError("HTTPConnection(host='222.127.90.218', port=80): Failed to establish a new connection: [WinError 10065] A socket operation was attempted to an unreachable host")': /api/exec
2026-06-05 09:56:33 [WARNING] APIDbManager: Transient network error, retrying in 1.6s: HTTPConnectionPool(host='222.127.90.218', port=80): Max retries exceeded with url: /api/exec (Caused by NewConnectionError("HTTPConnection(host='222.127.90.218', port=80): Failed to establish a new connection: [WinError 10065] A socket operation was attempted to an unreachable host"))
2026-06-05 09:56:33 [WARNING] urllib3.connectionpool: Retrying (Retry(total=0, connect=0, read=2, redirect=None, status=None)) after connection broken by 'NewConnectionError("HTTPConnection(host='222.127.90.218', port=80): Failed to establish a new connection: [WinError 10065] A socket operation was attempted to an unreachable host")': /api/health
2026-06-05 09:56:34 [WARNING] urllib3.connectionpool: Retrying (Retry(total=0, connect=0, read=1, redirect=None, status=None)) after connection broken by 'NewConnectionError("HTTPConnection(host='222.127.90.218', port=80): Failed to establish a new connection: [WinError 10065] A socket operation was attempted to an unreachable host")': /api/exec
2026-06-05 09:56:34 [ERROR] APIDbManager: execute_query network error: HTTPConnectionPool(host='222.127.90.218', port=80): Max retries exceeded with url: /api/exec (Caused by NewConnectionError("HTTPConnection(host='222.127.90.218', port=80): Failed to establish a new connection: [WinError 10065] A socket operation was attempted to an unreachable host"))
2026-06-05 09:56:34 [WARNING] urllib3.connectionpool: Retrying (Retry(total=0, connect=0, read=1, redirect=None, status=None)) after connection broken by 'NewConnectionError("HTTPConnection(host='222.127.90.218', port=80): Failed to establish a new connection: [WinError 10065] A socket operation was attempted to an unreachable host")': /api/exec
2026-06-05 09:56:34 [WARNING] APIDbManager: Transient network error, retrying in 0.8s: HTTPConnectionPool(host='222.127.90.218', port=80): Max retries exceeded with url: /api/exec (Caused by NewConnectionError("HTTPConnection(host='222.127.90.218', port=80): Failed to establish a new connection: [WinError 10065] A socket operation was attempted to an unreachable host"))
2026-06-05 09:56:35 [WARNING] urllib3.connectionpool: Retrying (Retry(total=0, connect=0, read=1, redirect=None, status=None)) after connection broken by 'NewConnectionError("HTTPConnection(host='222.127.90.218', port=80): Failed to establish a new connection: [WinError 10065] A socket operation was attempted to an unreachable host")': /api/exec
2026-06-05 09:56:35 [WARNING] APIDbManager: Transient network error, retrying in 1.6s: HTTPConnectionPool(host='222.127.90.218', port=80): Max retries exceeded with url: /api/exec (Caused by NewConnectionError("HTTPConnection(host='222.127.90.218', port=80): Failed to establish a new connection: [WinError 10065] A socket operation was attempted to an unreachable host"))
2026-06-05 09:56:37 [WARNING] urllib3.connectionpool: Retrying (Retry(total=0, connect=0, read=1, redirect=None, status=None)) after connection broken by 'NewConnectionError("HTTPConnection(host='222.127.90.218', port=80): Failed to establish a new connection: [WinError 10065] A socket operation was attempted to an unreachable host")': /api/exec
2026-06-05 09:56:37 [ERROR] APIDbManager: execute_query network error: HTTPConnectionPool(host='222.127.90.218', port=80): Max retries exceeded with url: /api/exec (Caused by NewConnectionError("HTTPConnection(host='222.127.90.218', port=80): Failed to establish a new connection: [WinError 10065] A socket operation was attempted to an unreachable host"))
2026-06-05 09:56:37 [WARNING] urllib3.connectionpool: Retrying (Retry(total=0, connect=0, read=1, redirect=None, status=None)) after connection broken by 'NewConnectionError("HTTPConnection(host='222.127.90.218', port=80): Failed to establish a new connection: [WinError 10065] A socket operation was attempted to an unreachable host")': /api/exec
2026-06-05 09:56:37 [WARNING] APIDbManager: Transient network error, retrying in 0.8s: HTTPConnectionPool(host='222.127.90.218', port=80): Max retries exceeded with url: /api/exec (Caused by NewConnectionError("HTTPConnection(host='222.127.90.218', port=80): Failed to establish a new connection: [WinError 10065] A socket operation was attempted to an unreachable host"))
2026-06-05 09:56:37 [WARNING] urllib3.connectionpool: Retrying (Retry(total=1, connect=1, read=2, redirect=None, status=None)) after connection broken by 'NewConnectionError("HTTPConnection(host='222.127.90.218', port=80): Failed to establish a new connection: [WinError 10065] A socket operation was attempted to an unreachable host")': /api/health
2026-06-05 09:56:38 [WARNING] urllib3.connectionpool: Retrying (Retry(total=0, connect=0, read=1, redirect=None, status=None)) after connection broken by 'NewConnectionError("HTTPConnection(host='222.127.90.218', port=80): Failed to establish a new connection: [WinError 10065] A socket operation was attempted to an unreachable host")': /api/exec
2026-06-05 09:56:38 [WARNING] APIDbManager: Transient network error, retrying in 1.6s: HTTPConnectionPool(host='222.127.90.218', port=80): Max retries exceeded with url: /api/exec (Caused by NewConnectionError("HTTPConnection(host='222.127.90.218', port=80): Failed to establish a new connection: [WinError 10065] A socket operation was attempted to an unreachable host"))
2026-06-05 09:56:38 [WARNING] urllib3.connectionpool: Retrying (Retry(total=0, connect=0, read=2, redirect=None, status=None)) after connection broken by 'NewConnectionError("HTTPConnection(host='222.127.90.218', port=80): Failed to establish a new connection: [WinError 10065] A socket operation was attempted to an unreachable host")': /api/health
2026-06-05 09:56:39 [WARNING] urllib3.connectionpool: Retrying (Retry(total=0, connect=0, read=1, redirect=None, status=None)) after connection broken by 'NewConnectionError("HTTPConnection(host='222.127.90.218', port=80): Failed to establish a new connection: [WinError 10065] A socket operation was attempted to an unreachable host")': /api/exec
2026-06-05 09:56:39 [ERROR] APIDbManager: execute_query network error: HTTPConnectionPool(host='222.127.90.218', port=80): Max retries exceeded with url: /api/exec (Caused by NewConnectionError("HTTPConnection(host='222.127.90.218', port=80): Failed to establish a new connection: [WinError 10065] A socket operation was attempted to an unreachable host"))
2026-06-05 09:56:39 [WARNING] urllib3.connectionpool: Retrying (Retry(total=0, connect=0, read=1, redirect=None, status=None)) after connection broken by 'NewConnectionError("HTTPConnection(host='222.127.90.218', port=80): Failed to establish a new connection: [WinError 10065] A socket operation was attempted to an unreachable host")': /api/exec
2026-06-05 09:56:39 [WARNING] APIDbManager: Transient network error, retrying in 0.8s: HTTPConnectionPool(host='222.127.90.218', port=80): Max retries exceeded with url: /api/exec (Caused by NewConnectionError("HTTPConnection(host='222.127.90.218', port=80): Failed to establish a new connection: [WinError 10065] A socket operation was attempted to an unreachable host"))
2026-06-05 09:56:40 [WARNING] urllib3.connectionpool: Retrying (Retry(total=0, connect=0, read=1, redirect=None, status=None)) after connection broken by 'NewConnectionError("HTTPConnection(host='222.127.90.218', port=80): Failed to establish a new connection: [WinError 10065] A socket operation was attempted to an unreachable host")': /api/exec
2026-06-05 09:56:40 [WARNING] APIDbManager: Transient network error, retrying in 1.6s: HTTPConnectionPool(host='222.127.90.218', port=80): Max retries exceeded with url: /api/exec (Caused by NewConnectionError("HTTPConnection(host='222.127.90.218', port=80): Failed to establish a new connection: [WinError 10065] A socket operation was attempted to an unreachable host"))
2026-06-05 09:56:42 [WARNING] urllib3.connectionpool: Retrying (Retry(total=0, connect=0, read=1, redirect=None, status=None)) after connection broken by 'NewConnectionError("HTTPConnection(host='222.127.90.218', port=80): Failed to establish a new connection: [WinError 10065] A socket operation was attempted to an unreachable host")': /api/exec
2026-06-05 09:56:42 [ERROR] APIDbManager: execute_query network error: HTTPConnectionPool(host='222.127.90.218', port=80): Max retries exceeded with url: /api/exec (Caused by NewConnectionError("HTTPConnection(host='222.127.90.218', port=80): Failed to establish a new connection: [WinError 10065] A socket operation was attempted to an unreachable host"))
2026-06-05 09:56:42 [WARNING] urllib3.connectionpool: Retrying (Retry(total=0, connect=0, read=1, redirect=None, status=None)) after connection broken by 'NewConnectionError("HTTPConnection(host='222.127.90.218', port=80): Failed to establish a new connection: [WinError 10065] A socket operation was attempted to an unreachable host")': /api/exec
2026-06-05 09:56:42 [WARNING] APIDbManager: Transient network error, retrying in 0.8s: HTTPConnectionPool(host='222.127.90.218', port=80): Max retries exceeded with url: /api/exec (Caused by NewConnectionError("HTTPConnection(host='222.127.90.218', port=80): Failed to establish a new connection: [WinError 10065] A socket operation was attempted to an unreachable host"))
2026-06-05 09:56:42 [WARNING] urllib3.connectionpool: Retrying (Retry(total=1, connect=1, read=2, redirect=None, status=None)) after connection broken by 'NewConnectionError("HTTPConnection(host='222.127.90.218', port=80): Failed to establish a new connection: [WinError 10065] A socket operation was attempted to an unreachable host")': /api/health
2026-06-05 09:56:43 [WARNING] urllib3.connectionpool: Retrying (Retry(total=0, connect=0, read=1, redirect=None, status=None)) after connection broken by 'NewConnectionError("HTTPConnection(host='222.127.90.218', port=80): Failed to establish a new connection: [WinError 10065] A socket operation was attempted to an unreachable host")': /api/exec
2026-06-05 09:56:43 [WARNING] APIDbManager: Transient network error, retrying in 1.6s: HTTPConnectionPool(host='222.127.90.218', port=80): Max retries exceeded with url: /api/exec (Caused by NewConnectionError("HTTPConnection(host='222.127.90.218', port=80): Failed to establish a new connection: [WinError 10065] A socket operation was attempted to an unreachable host"))
2026-06-05 09:56:43 [WARNING] urllib3.connectionpool: Retrying (Retry(total=0, connect=0, read=2, redirect=None, status=None)) after connection broken by 'NewConnectionError("HTTPConnection(host='222.127.90.218', port=80): Failed to establish a new connection: [WinError 10065] A socket operation was attempted to an unreachable host")': /api/health
2026-06-05 09:56:44 [WARNING] urllib3.connectionpool: Retrying (Retry(total=0, connect=0, read=1, redirect=None, status=None)) after connection broken by 'NewConnectionError("HTTPConnection(host='222.127.90.218', port=80): Failed to establish a new connection: [WinError 10065] A socket operation was attempted to an unreachable host")': /api/exec
2026-06-05 09:56:44 [ERROR] APIDbManager: execute_query network error: HTTPConnectionPool(host='222.127.90.218', port=80): Max retries exceeded with url: /api/exec (Caused by NewConnectionError("HTTPConnection(host='222.127.90.218', port=80): Failed to establish a new connection: [WinError 10065] A socket operation was attempted to an unreachable host"))
2026-06-05 09:56:44 [WARNING] urllib3.connectionpool: Retrying (Retry(total=0, connect=0, read=1, redirect=None, status=None)) after connection broken by 'NewConnectionError("HTTPConnection(host='222.127.90.218', port=80): Failed to establish a new connection: [WinError 10065] A socket operation was attempted to an unreachable host")': /api/exec
2026-06-05 09:56:44 [WARNING] APIDbManager: Transient network error, retrying in 0.8s: HTTPConnectionPool(host='222.127.90.218', port=80): Max retries exceeded with url: /api/exec (Caused by NewConnectionError("HTTPConnection(host='222.127.90.218', port=80): Failed to establish a new connection: [WinError 10065] A socket operation was attempted to an unreachable host"))
2026-06-05 09:56:45 [WARNING] urllib3.connectionpool: Retrying (Retry(total=0, connect=0, read=1, redirect=None, status=None)) after connection broken by 'NewConnectionError("HTTPConnection(host='222.127.90.218', port=80): Failed to establish a new connection: [WinError 10065] A socket operation was attempted to an unreachable host")': /api/exec
2026-06-05 09:56:45 [WARNING] APIDbManager: Transient network error, retrying in 1.6s: HTTPConnectionPool(host='222.127.90.218', port=80): Max retries exceeded with url: /api/exec (Caused by NewConnectionError("HTTPConnection(host='222.127.90.218', port=80): Failed to establish a new connection: [WinError 10065] A socket operation was attempted to an unreachable host"))
2026-06-05 09:56:47 [WARNING] urllib3.connectionpool: Retrying (Retry(total=0, connect=0, read=1, redirect=None, status=None)) after connection broken by 'NewConnectionError("HTTPConnection(host='222.127.90.218', port=80): Failed to establish a new connection: [WinError 10065] A socket operation was attempted to an unreachable host")': /api/exec
2026-06-05 09:56:47 [ERROR] APIDbManager: execute_query network error: HTTPConnectionPool(host='222.127.90.218', port=80): Max retries exceeded with url: /api/exec (Caused by NewConnectionError("HTTPConnection(host='222.127.90.218', port=80): Failed to establish a new connection: [WinError 10065] A socket operation was attempted to an unreachable host"))
2026-06-05 09:56:47 [WARNING] urllib3.connectionpool: Retrying (Retry(total=0, connect=0, read=1, redirect=None, status=None)) after connection broken by 'NewConnectionError("HTTPConnection(host='222.127.90.218', port=80): Failed to establish a new connection: [WinError 10065] A socket operation was attempted to an unreachable host")': /api/exec
2026-06-05 09:56:47 [WARNING] APIDbManager: Transient network error, retrying in 0.8s: HTTPConnectionPool(host='222.127.90.218', port=80): Max retries exceeded with url: /api/exec (Caused by NewConnectionError("HTTPConnection(host='222.127.90.218', port=80): Failed to establish a new connection: [WinError 10065] A socket operation was attempted to an unreachable host"))
2026-06-05 09:56:47 [WARNING] urllib3.connectionpool: Retrying (Retry(total=1, connect=1, read=2, redirect=None, status=None)) after connection broken by 'NewConnectionError("HTTPConnection(host='222.127.90.218', port=80): Failed to establish a new connection: [WinError 10065] A socket operation was attempted to an unreachable host")': /api/health
2026-06-05 09:56:48 [WARNING] urllib3.connectionpool: Retrying (Retry(total=0, connect=0, read=1, redirect=None, status=None)) after connection broken by 'NewConnectionError("HTTPConnection(host='222.127.90.218', port=80): Failed to establish a new connection: [WinError 10065] A socket operation was attempted to an unreachable host")': /api/exec
2026-06-05 09:56:48 [WARNING] APIDbManager: Transient network error, retrying in 1.6s: HTTPConnectionPool(host='222.127.90.218', port=80): Max retries exceeded with url: /api/exec (Caused by NewConnectionError("HTTPConnection(host='222.127.90.218', port=80): Failed to establish a new connection: [WinError 10065] A socket operation was attempted to an unreachable host"))
2026-06-05 09:56:48 [WARNING] urllib3.connectionpool: Retrying (Retry(total=0, connect=0, read=2, redirect=None, status=None)) after connection broken by 'NewConnectionError("HTTPConnection(host='222.127.90.218', port=80): Failed to establish a new connection: [WinError 10065] A socket operation was attempted to an unreachable host")': /api/health
2026-06-05 09:56:49 [WARNING] urllib3.connectionpool: Retrying (Retry(total=0, connect=0, read=1, redirect=None, status=None)) after connection broken by 'NewConnectionError("HTTPConnection(host='222.127.90.218', port=80): Failed to establish a new connection: [WinError 10065] A socket operation was attempted to an unreachable host")': /api/exec
2026-06-05 09:56:49 [ERROR] APIDbManager: execute_query network error: HTTPConnectionPool(host='222.127.90.218', port=80): Max retries exceeded with url: /api/exec (Caused by NewConnectionError("HTTPConnection(host='222.127.90.218', port=80): Failed to establish a new connection: [WinError 10065] A socket operation was attempted to an unreachable host"))
2026-06-05 09:56:49 [WARNING] urllib3.connectionpool: Retrying (Retry(total=0, connect=0, read=1, redirect=None, status=None)) after connection broken by 'NewConnectionError("HTTPConnection(host='222.127.90.218', port=80): Failed to establish a new connection: [WinError 10065] A socket operation was attempted to an unreachable host")': /api/exec
2026-06-05 09:56:49 [WARNING] APIDbManager: Transient network error, retrying in 0.8s: HTTPConnectionPool(host='222.127.90.218', port=80): Max retries exceeded with url: /api/exec (Caused by NewConnectionError("HTTPConnection(host='222.127.90.218', port=80): Failed to establish a new connection: [WinError 10065] A socket operation was attempted to an unreachable host"))
2026-06-05 09:56:50 [WARNING] urllib3.connectionpool: Retrying (Retry(total=0, connect=0, read=1, redirect=None, status=None)) after connection broken by 'NewConnectionError("HTTPConnection(host='222.127.90.218', port=80): Failed to establish a new connection: [WinError 10065] A socket operation was attempted to an unreachable host")': /api/exec
2026-06-05 09:56:50 [WARNING] APIDbManager: Transient network error, retrying in 1.6s: HTTPConnectionPool(host='222.127.90.218', port=80): Max retries exceeded with url: /api/exec (Caused by NewConnectionError("HTTPConnection(host='222.127.90.218', port=80): Failed to establish a new connection: [WinError 10065] A socket operation was attempted to an unreachable host"))
2026-06-05 09:56:52 [WARNING] urllib3.connectionpool: Retrying (Retry(total=0, connect=0, read=1, redirect=None, status=None)) after connection broken by 'NewConnectionError("HTTPConnection(host='222.127.90.218', port=80): Failed to establish a new connection: [WinError 10065] A socket operation was attempted to an unreachable host")': /api/exec
2026-06-05 09:56:52 [ERROR] APIDbManager: execute_query network error: HTTPConnectionPool(host='222.127.90.218', port=80): Max retries exceeded with url: /api/exec (Caused by NewConnectionError("HTTPConnection(host='222.127.90.218', port=80): Failed to establish a new connection: [WinError 10065] A socket operation was attempted to an unreachable host"))
2026-06-05 09:56:52 [WARNING] urllib3.connectionpool: Retrying (Retry(total=0, connect=0, read=1, redirect=None, status=None)) after connection broken by 'NewConnectionError("HTTPConnection(host='222.127.90.218', port=80): Failed to establish a new connection: [WinError 10065] A socket operation was attempted to an unreachable host")': /api/exec
2026-06-05 09:56:52 [WARNING] APIDbManager: Transient network error, retrying in 0.8s: HTTPConnectionPool(host='222.127.90.218', port=80): Max retries exceeded with url: /api/exec (Caused by NewConnectionError("HTTPConnection(host='222.127.90.218', port=80): Failed to establish a new connection: [WinError 10065] A socket operation was attempted to an unreachable host"))
2026-06-05 09:56:52 [WARNING] urllib3.connectionpool: Retrying (Retry(total=1, connect=1, read=2, redirect=None, status=None)) after connection broken by 'NewConnectionError("HTTPConnection(host='222.127.90.218', port=80): Failed to establish a new connection: [WinError 10065] A socket operation was attempted to an unreachable host")': /api/health
2026-06-05 09:56:53 [WARNING] urllib3.connectionpool: Retrying (Retry(total=0, connect=0, read=1, redirect=None, status=None)) after connection broken by 'NewConnectionError("HTTPConnection(host='222.127.90.218', port=80): Failed to establish a new connection: [WinError 10065] A socket operation was attempted to an unreachable host")': /api/exec
2026-06-05 09:56:53 [WARNING] APIDbManager: Transient network error, retrying in 1.6s: HTTPConnectionPool(host='222.127.90.218', port=80): Max retries exceeded with url: /api/exec (Caused by NewConnectionError("HTTPConnection(host='222.127.90.218', port=80): Failed to establish a new connection: [WinError 10065] A socket operation was attempted to an unreachable host"))
2026-06-05 09:56:53 [WARNING] urllib3.connectionpool: Retrying (Retry(total=0, connect=0, read=2, redirect=None, status=None)) after connection broken by 'NewConnectionError("HTTPConnection(host='222.127.90.218', port=80): Failed to establish a new connection: [WinError 10065] A socket operation was attempted to an unreachable host")': /api/health
2026-06-05 09:56:54 [WARNING] urllib3.connectionpool: Retrying (Retry(total=0, connect=0, read=1, redirect=None, status=None)) after connection broken by 'NewConnectionError("HTTPConnection(host='222.127.90.218', port=80): Failed to establish a new connection: [WinError 10065] A socket operation was attempted to an unreachable host")': /api/exec
2026-06-05 09:56:54 [ERROR] APIDbManager: execute_query network error: HTTPConnectionPool(host='222.127.90.218', port=80): Max retries exceeded with url: /api/exec (Caused by NewConnectionError("HTTPConnection(host='222.127.90.218', port=80): Failed to establish a new connection: [WinError 10065] A socket operation was attempted to an unreachable host"))
2026-06-05 09:56:54 [WARNING] urllib3.connectionpool: Retrying (Retry(total=0, connect=0, read=1, redirect=None, status=None)) after connection broken by 'NewConnectionError("HTTPConnection(host='222.127.90.218', port=80): Failed to establish a new connection: [WinError 10065] A socket operation was attempted to an unreachable host")': /api/exec
2026-06-05 09:56:54 [WARNING] APIDbManager: Transient network error, retrying in 0.8s: HTTPConnectionPool(host='222.127.90.218', port=80): Max retries exceeded with url: /api/exec (Caused by NewConnectionError("HTTPConnection(host='222.127.90.218', port=80): Failed to establish a new connection: [WinError 10065] A socket operation was attempted to an unreachable host"))
2026-06-05 09:56:55 [WARNING] urllib3.connectionpool: Retrying (Retry(total=0, connect=0, read=1, redirect=None, status=None)) after connection broken by 'NewConnectionError("HTTPConnection(host='222.127.90.218', port=80): Failed to establish a new connection: [WinError 10065] A socket operation was attempted to an unreachable host")': /api/exec
2026-06-05 09:56:55 [WARNING] APIDbManager: Transient network error, retrying in 1.6s: HTTPConnectionPool(host='222.127.90.218', port=80): Max retries exceeded with url: /api/exec (Caused by NewConnectionError("HTTPConnection(host='222.127.90.218', port=80): Failed to establish a new connection: [WinError 10065] A socket operation was attempted to an unreachable host"))
2026-06-05 09:56:57 [WARNING] urllib3.connectionpool: Retrying (Retry(total=0, connect=0, read=1, redirect=None, status=None)) after connection broken by 'NewConnectionError("HTTPConnection(host='222.127.90.218', port=80): Failed to establish a new connection: [WinError 10065] A socket operation was attempted to an unreachable host")': /api/exec
2026-06-05 09:56:57 [ERROR] APIDbManager: execute_query network error: HTTPConnectionPool(host='222.127.90.218', port=80): Max retries exceeded with url: /api/exec (Caused by NewConnectionError("HTTPConnection(host='222.127.90.218', port=80): Failed to establish a new connection: [WinError 10065] A socket operation was attempted to an unreachable host"))
2026-06-05 09:56:57 [WARNING] urllib3.connectionpool: Retrying (Retry(total=0, connect=0, read=1, redirect=None, status=None)) after connection broken by 'NewConnectionError("HTTPConnection(host='222.127.90.218', port=80): Failed to establish a new connection: [WinError 10065] A socket operation was attempted to an unreachable host")': /api/exec
2026-06-05 09:56:57 [WARNING] APIDbManager: Transient network error, retrying in 0.8s: HTTPConnectionPool(host='222.127.90.218', port=80): Max retries exceeded with url: /api/exec (Caused by NewConnectionError("HTTPConnection(host='222.127.90.218', port=80): Failed to establish a new connection: [WinError 10065] A socket operation was attempted to an unreachable host"))
2026-06-05 09:56:57 [WARNING] urllib3.connectionpool: Retrying (Retry(total=1, connect=1, read=2, redirect=None, status=None)) after connection broken by 'NewConnectionError("HTTPConnection(host='222.127.90.218', port=80): Failed to establish a new connection: [WinError 10065] A socket operation was attempted to an unreachable host")': /api/health
2026-06-05 09:56:58 [WARNING] urllib3.connectionpool: Retrying (Retry(total=0, connect=0, read=1, redirect=None, status=None)) after connection broken by 'NewConnectionError("HTTPConnection(host='222.127.90.218', port=80): Failed to establish a new connection: [WinError 10065] A socket operation was attempted to an unreachable host")': /api/exec
2026-06-05 09:56:58 [WARNING] APIDbManager: Transient network error, retrying in 1.6s: HTTPConnectionPool(host='222.127.90.218', port=80): Max retries exceeded with url: /api/exec (Caused by NewConnectionError("HTTPConnection(host='222.127.90.218', port=80): Failed to establish a new connection: [WinError 10065] A socket operation was attempted to an unreachable host"))
2026-06-05 09:56:58 [WARNING] urllib3.connectionpool: Retrying (Retry(total=0, connect=0, read=2, redirect=None, status=None)) after connection broken by 'NewConnectionError("HTTPConnection(host='222.127.90.218', port=80): Failed to establish a new connection: [WinError 10065] A socket operation was attempted to an unreachable host")': /api/health
2026-06-05 09:56:59 [WARNING] urllib3.connectionpool: Retrying (Retry(total=0, connect=0, read=1, redirect=None, status=None)) after connection broken by 'NewConnectionError("HTTPConnection(host='222.127.90.218', port=80): Failed to establish a new connection: [WinError 10065] A socket operation was attempted to an unreachable host")': /api/exec
2026-06-05 09:56:59 [ERROR] APIDbManager: execute_query network error: HTTPConnectionPool(host='222.127.90.218', port=80): Max retries exceeded with url: /api/exec (Caused by NewConnectionError("HTTPConnection(host='222.127.90.218', port=80): Failed to establish a new connection: [WinError 10065] A socket operation was attempted to an unreachable host"))
2026-06-05 09:56:59 [WARNING] urllib3.connectionpool: Retrying (Retry(total=0, connect=0, read=1, redirect=None, status=None)) after connection broken by 'NewConnectionError("HTTPConnection(host='222.127.90.218', port=80): Failed to establish a new connection: [WinError 10065] A socket operation was attempted to an unreachable host")': /api/exec
2026-06-05 09:56:59 [WARNING] APIDbManager: Transient network error, retrying in 0.8s: HTTPConnectionPool(host='222.127.90.218', port=80): Max retries exceeded with url: /api/exec (Caused by NewConnectionError("HTTPConnection(host='222.127.90.218', port=80): Failed to establish a new connection: [WinError 10065] A socket operation was attempted to an unreachable host"))
2026-06-05 09:57:00 [WARNING] urllib3.connectionpool: Retrying (Retry(total=0, connect=0, read=1, redirect=None, status=None)) after connection broken by 'NewConnectionError("HTTPConnection(host='222.127.90.218', port=80): Failed to establish a new connection: [WinError 10065] A socket operation was attempted to an unreachable host")': /api/exec
2026-06-05 09:57:00 [WARNING] APIDbManager: Transient network error, retrying in 1.6s: HTTPConnectionPool(host='222.127.90.218', port=80): Max retries exceeded with url: /api/exec (Caused by NewConnectionError("HTTPConnection(host='222.127.90.218', port=80): Failed to establish a new connection: [WinError 10065] A socket operation was attempted to an unreachable host"))
2026-06-05 09:57:02 [WARNING] urllib3.connectionpool: Retrying (Retry(total=0, connect=0, read=1, redirect=None, status=None)) after connection broken by 'NewConnectionError("HTTPConnection(host='222.127.90.218', port=80): Failed to establish a new connection: [WinError 10065] A socket operation was attempted to an unreachable host")': /api/exec
2026-06-05 09:57:02 [ERROR] APIDbManager: execute_query network error: HTTPConnectionPool(host='222.127.90.218', port=80): Max retries exceeded with url: /api/exec (Caused by NewConnectionError("HTTPConnection(host='222.127.90.218', port=80): Failed to establish a new connection: [WinError 10065] A socket operation was attempted to an unreachable host"))
2026-06-05 09:57:02 [INFO] connection_watcher: ConnectionWatcher: connection restored
2026-06-05 10:01:28 [INFO] RemoteDatabaseManager: API mode enabled — connecting via http://222.127.90.218
2026-06-05 10:01:31 [INFO] AutoUpdater: Silent updater: Checking for updates...
2026-06-05 10:01:31 [INFO] AutoUpdater: Silent update status: Checking for updates...
2026-06-05 10:01:31 [INFO] AutoUpdater: Silent updater: Already on latest version (1.0.0)
2026-06-05 10:01:31 [INFO] AutoUpdater: Silent update status: Already up to date
2026-06-05 10:01:32 [INFO] ping_monitor: PingMonitor started for CL-0381 (user)
2026-06-05 10:01:32 [INFO] APIDbManager: API token obtained from http://222.127.90.218
2026-06-05 10:01:32 [INFO] APIDbManager: API token obtained from http://222.127.90.218
2026-06-05 10:01:44 [WARNING] urllib3.connectionpool: Retrying (Retry(total=1, connect=2, read=1, redirect=None, status=None)) after connection broken by 'ReadTimeoutError("HTTPConnectionPool(host='222.127.90.218', port=80): Read timed out. (read timeout=1.5)")': /api/health
2026-06-05 10:01:45 [WARNING] urllib3.connectionpool: Retrying (Retry(total=0, connect=1, read=1, redirect=None, status=None)) after connection broken by 'NewConnectionError("HTTPConnection(host='222.127.90.218', port=80): Failed to establish a new connection: [WinError 10065] A socket operation was attempted to an unreachable host")': /api/health
2026-06-05 10:01:45 [WARNING] connection_watcher: ConnectionWatcher: connection lost
2026-06-05 10:01:47 [WARNING] urllib3.connectionpool: Retrying (Retry(total=1, connect=1, read=2, redirect=None, status=None)) after connection broken by 'NewConnectionError("HTTPConnection(host='222.127.90.218', port=80): Failed to establish a new connection: [WinError 10065] A socket operation was attempted to an unreachable host")': /api/health
2026-06-05 10:01:48 [WARNING] urllib3.connectionpool: Retrying (Retry(total=0, connect=0, read=2, redirect=None, status=None)) after connection broken by 'NewConnectionError("HTTPConnection(host='222.127.90.218', port=80): Failed to establish a new connection: [WinError 10065] A socket operation was attempted to an unreachable host")': /api/health
2026-06-05 10:01:50 [WARNING] urllib3.connectionpool: Retrying (Retry(total=1, connect=1, read=2, redirect=None, status=None)) after connection broken by 'NewConnectionError("HTTPConnection(host='222.127.90.218', port=80): Failed to establish a new connection: [WinError 10065] A socket operation was attempted to an unreachable host")': /api/health
2026-06-05 10:01:51 [WARNING] urllib3.connectionpool: Retrying (Retry(total=0, connect=0, read=2, redirect=None, status=None)) after connection broken by 'NewConnectionError("HTTPConnection(host='222.127.90.218', port=80): Failed to establish a new connection: [WinError 10065] A socket operation was attempted to an unreachable host")': /api/health
2026-06-05 10:01:52 [WARNING] urllib3.connectionpool: Retrying (Retry(total=0, connect=1, read=0, redirect=None, status=None)) after connection broken by 'ReadTimeoutError("HTTPConnectionPool(host='222.127.90.218', port=80): Read timed out. (read timeout=10)")': /api/exec
2026-06-05 10:01:52 [WARNING] APIDbManager: Transient network error, retrying in 0.8s: HTTPConnectionPool(host='222.127.90.218', port=80): Max retries exceeded with url: /api/exec (Caused by NewConnectionError("HTTPConnection(host='222.127.90.218', port=80): Failed to establish a new connection: [WinError 10065] A socket operation was attempted to an unreachable host"))
2026-06-05 10:01:53 [WARNING] urllib3.connectionpool: Retrying (Retry(total=1, connect=1, read=2, redirect=None, status=None)) after connection broken by 'NewConnectionError("HTTPConnection(host='222.127.90.218', port=80): Failed to establish a new connection: [WinError 10065] A socket operation was attempted to an unreachable host")': /api/health
2026-06-05 10:01:53 [WARNING] urllib3.connectionpool: Retrying (Retry(total=0, connect=0, read=1, redirect=None, status=None)) after connection broken by 'NewConnectionError("HTTPConnection(host='222.127.90.218', port=80): Failed to establish a new connection: [WinError 10065] A socket operation was attempted to an unreachable host")': /api/exec
2026-06-05 10:01:53 [WARNING] APIDbManager: Transient network error, retrying in 1.6s: HTTPConnectionPool(host='222.127.90.218', port=80): Max retries exceeded with url: /api/exec (Caused by NewConnectionError("HTTPConnection(host='222.127.90.218', port=80): Failed to establish a new connection: [WinError 10065] A socket operation was attempted to an unreachable host"))
2026-06-05 10:01:54 [WARNING] urllib3.connectionpool: Retrying (Retry(total=0, connect=0, read=2, redirect=None, status=None)) after connection broken by 'NewConnectionError("HTTPConnection(host='222.127.90.218', port=80): Failed to establish a new connection: [WinError 10065] A socket operation was attempted to an unreachable host")': /api/health
2026-06-05 10:01:55 [WARNING] urllib3.connectionpool: Retrying (Retry(total=0, connect=0, read=1, redirect=None, status=None)) after connection broken by 'NewConnectionError("HTTPConnection(host='222.127.90.218', port=80): Failed to establish a new connection: [WinError 10065] A socket operation was attempted to an unreachable host")': /api/exec
2026-06-05 10:01:55 [ERROR] APIDbManager: execute_query network error: HTTPConnectionPool(host='222.127.90.218', port=80): Max retries exceeded with url: /api/exec (Caused by NewConnectionError("HTTPConnection(host='222.127.90.218', port=80): Failed to establish a new connection: [WinError 10065] A socket operation was attempted to an unreachable host"))
2026-06-05 10:01:55 [WARNING] urllib3.connectionpool: Retrying (Retry(total=0, connect=0, read=1, redirect=None, status=None)) after connection broken by 'NewConnectionError("HTTPConnection(host='222.127.90.218', port=80): Failed to establish a new connection: [WinError 10065] A socket operation was attempted to an unreachable host")': /api/exec
2026-06-05 10:01:55 [WARNING] APIDbManager: Transient network error, retrying in 0.8s: HTTPConnectionPool(host='222.127.90.218', port=80): Max retries exceeded with url: /api/exec (Caused by NewConnectionError("HTTPConnection(host='222.127.90.218', port=80): Failed to establish a new connection: [WinError 10065] A socket operation was attempted to an unreachable host"))
2026-06-05 10:01:56 [WARNING] urllib3.connectionpool: Retrying (Retry(total=0, connect=0, read=1, redirect=None, status=None)) after connection broken by 'NewConnectionError("HTTPConnection(host='222.127.90.218', port=80): Failed to establish a new connection: [WinError 10065] A socket operation was attempted to an unreachable host")': /api/exec
2026-06-05 10:01:56 [WARNING] APIDbManager: Transient network error, retrying in 1.6s: HTTPConnectionPool(host='222.127.90.218', port=80): Max retries exceeded with url: /api/exec (Caused by NewConnectionError("HTTPConnection(host='222.127.90.218', port=80): Failed to establish a new connection: [WinError 10065] A socket operation was attempted to an unreachable host"))
2026-06-05 10:01:56 [WARNING] urllib3.connectionpool: Retrying (Retry(total=1, connect=1, read=2, redirect=None, status=None)) after connection broken by 'NewConnectionError("HTTPConnection(host='222.127.90.218', port=80): Failed to establish a new connection: [WinError 10065] A socket operation was attempted to an unreachable host")': /api/health
2026-06-05 10:01:57 [WARNING] urllib3.connectionpool: Retrying (Retry(total=0, connect=0, read=2, redirect=None, status=None)) after connection broken by 'NewConnectionError("HTTPConnection(host='222.127.90.218', port=80): Failed to establish a new connection: [WinError 10065] A socket operation was attempted to an unreachable host")': /api/health
2026-06-05 10:01:57 [WARNING] urllib3.connectionpool: Retrying (Retry(total=0, connect=0, read=1, redirect=None, status=None)) after connection broken by 'NewConnectionError("HTTPConnection(host='222.127.90.218', port=80): Failed to establish a new connection: [WinError 10065] A socket operation was attempted to an unreachable host")': /api/exec
2026-06-05 10:01:57 [ERROR] APIDbManager: execute_query network error: HTTPConnectionPool(host='222.127.90.218', port=80): Max retries exceeded with url: /api/exec (Caused by NewConnectionError("HTTPConnection(host='222.127.90.218', port=80): Failed to establish a new connection: [WinError 10065] A socket operation was attempted to an unreachable host"))
2026-06-05 10:01:57 [WARNING] urllib3.connectionpool: Retrying (Retry(total=0, connect=0, read=1, redirect=None, status=None)) after connection broken by 'NewConnectionError("HTTPConnection(host='222.127.90.218', port=80): Failed to establish a new connection: [WinError 10065] A socket operation was attempted to an unreachable host")': /api/exec
2026-06-05 10:01:57 [WARNING] APIDbManager: Transient network error, retrying in 0.8s: HTTPConnectionPool(host='222.127.90.218', port=80): Max retries exceeded with url: /api/exec (Caused by NewConnectionError("HTTPConnection(host='222.127.90.218', port=80): Failed to establish a new connection: [WinError 10065] A socket operation was attempted to an unreachable host"))
2026-06-05 10:01:58 [WARNING] urllib3.connectionpool: Retrying (Retry(total=0, connect=0, read=1, redirect=None, status=None)) after connection broken by 'NewConnectionError("HTTPConnection(host='222.127.90.218', port=80): Failed to establish a new connection: [WinError 10065] A socket operation was attempted to an unreachable host")': /api/exec
2026-06-05 10:01:58 [WARNING] APIDbManager: Transient network error, retrying in 1.6s: HTTPConnectionPool(host='222.127.90.218', port=80): Max retries exceeded with url: /api/exec (Caused by NewConnectionError("HTTPConnection(host='222.127.90.218', port=80): Failed to establish a new connection: [WinError 10065] A socket operation was attempted to an unreachable host"))
2026-06-05 10:01:59 [WARNING] urllib3.connectionpool: Retrying (Retry(total=1, connect=1, read=2, redirect=None, status=None)) after connection broken by 'NewConnectionError("HTTPConnection(host='222.127.90.218', port=80): Failed to establish a new connection: [WinError 10065] A socket operation was attempted to an unreachable host")': /api/health
2026-06-05 10:02:00 [WARNING] urllib3.connectionpool: Retrying (Retry(total=0, connect=0, read=1, redirect=None, status=None)) after connection broken by 'NewConnectionError("HTTPConnection(host='222.127.90.218', port=80): Failed to establish a new connection: [WinError 10065] A socket operation was attempted to an unreachable host")': /api/exec
2026-06-05 10:02:00 [ERROR] APIDbManager: execute_query network error: HTTPConnectionPool(host='222.127.90.218', port=80): Max retries exceeded with url: /api/exec (Caused by NewConnectionError("HTTPConnection(host='222.127.90.218', port=80): Failed to establish a new connection: [WinError 10065] A socket operation was attempted to an unreachable host"))
2026-06-05 10:02:00 [WARNING] urllib3.connectionpool: Retrying (Retry(total=0, connect=0, read=1, redirect=None, status=None)) after connection broken by 'NewConnectionError("HTTPConnection(host='222.127.90.218', port=80): Failed to establish a new connection: [WinError 10065] A socket operation was attempted to an unreachable host")': /api/exec
2026-06-05 10:02:00 [WARNING] APIDbManager: Transient network error, retrying in 0.8s: HTTPConnectionPool(host='222.127.90.218', port=80): Max retries exceeded with url: /api/exec (Caused by NewConnectionError("HTTPConnection(host='222.127.90.218', port=80): Failed to establish a new connection: [WinError 10065] A socket operation was attempted to an unreachable host"))
2026-06-05 10:02:00 [WARNING] urllib3.connectionpool: Retrying (Retry(total=0, connect=0, read=2, redirect=None, status=None)) after connection broken by 'NewConnectionError("HTTPConnection(host='222.127.90.218', port=80): Failed to establish a new connection: [WinError 10065] A socket operation was attempted to an unreachable host")': /api/health
2026-06-05 10:02:01 [WARNING] urllib3.connectionpool: Retrying (Retry(total=0, connect=0, read=1, redirect=None, status=None)) after connection broken by 'NewConnectionError("HTTPConnection(host='222.127.90.218', port=80): Failed to establish a new connection: [WinError 10065] A socket operation was attempted to an unreachable host")': /api/exec
2026-06-05 10:02:01 [WARNING] APIDbManager: Transient network error, retrying in 1.6s: HTTPConnectionPool(host='222.127.90.218', port=80): Max retries exceeded with url: /api/exec (Caused by NewConnectionError("HTTPConnection(host='222.127.90.218', port=80): Failed to establish a new connection: [WinError 10065] A socket operation was attempted to an unreachable host"))
2026-06-05 10:02:02 [WARNING] urllib3.connectionpool: Retrying (Retry(total=1, connect=1, read=2, redirect=None, status=None)) after connection broken by 'NewConnectionError("HTTPConnection(host='222.127.90.218', port=80): Failed to establish a new connection: [WinError 10065] A socket operation was attempted to an unreachable host")': /api/health
2026-06-05 10:02:02 [WARNING] urllib3.connectionpool: Retrying (Retry(total=0, connect=0, read=1, redirect=None, status=None)) after connection broken by 'NewConnectionError("HTTPConnection(host='222.127.90.218', port=80): Failed to establish a new connection: [WinError 10065] A socket operation was attempted to an unreachable host")': /api/exec
2026-06-05 10:02:02 [ERROR] APIDbManager: execute_query network error: HTTPConnectionPool(host='222.127.90.218', port=80): Max retries exceeded with url: /api/exec (Caused by NewConnectionError("HTTPConnection(host='222.127.90.218', port=80): Failed to establish a new connection: [WinError 10065] A socket operation was attempted to an unreachable host"))
2026-06-05 10:02:02 [WARNING] urllib3.connectionpool: Retrying (Retry(total=0, connect=0, read=1, redirect=None, status=None)) after connection broken by 'NewConnectionError("HTTPConnection(host='222.127.90.218', port=80): Failed to establish a new connection: [WinError 10065] A socket operation was attempted to an unreachable host")': /api/exec
2026-06-05 10:02:02 [WARNING] APIDbManager: Transient network error, retrying in 0.8s: HTTPConnectionPool(host='222.127.90.218', port=80): Max retries exceeded with url: /api/exec (Caused by NewConnectionError("HTTPConnection(host='222.127.90.218', port=80): Failed to establish a new connection: [WinError 10065] A socket operation was attempted to an unreachable host"))
2026-06-05 10:02:03 [WARNING] urllib3.connectionpool: Retrying (Retry(total=0, connect=0, read=2, redirect=None, status=None)) after connection broken by 'NewConnectionError("HTTPConnection(host='222.127.90.218', port=80): Failed to establish a new connection: [WinError 10065] A socket operation was attempted to an unreachable host")': /api/health
2026-06-05 10:02:03 [WARNING] urllib3.connectionpool: Retrying (Retry(total=0, connect=0, read=1, redirect=None, status=None)) after connection broken by 'NewConnectionError("HTTPConnection(host='222.127.90.218', port=80): Failed to establish a new connection: [WinError 10065] A socket operation was attempted to an unreachable host")': /api/exec
2026-06-05 10:02:03 [WARNING] APIDbManager: Transient network error, retrying in 1.6s: HTTPConnectionPool(host='222.127.90.218', port=80): Max retries exceeded with url: /api/exec (Caused by NewConnectionError("HTTPConnection(host='222.127.90.218', port=80): Failed to establish a new connection: [WinError 10065] A socket operation was attempted to an unreachable host"))
2026-06-05 10:02:05 [WARNING] urllib3.connectionpool: Retrying (Retry(total=0, connect=0, read=1, redirect=None, status=None)) after connection broken by 'NewConnectionError("HTTPConnection(host='222.127.90.218', port=80): Failed to establish a new connection: [WinError 10065] A socket operation was attempted to an unreachable host")': /api/exec
2026-06-05 10:02:05 [ERROR] APIDbManager: execute_query network error: HTTPConnectionPool(host='222.127.90.218', port=80): Max retries exceeded with url: /api/exec (Caused by NewConnectionError("HTTPConnection(host='222.127.90.218', port=80): Failed to establish a new connection: [WinError 10065] A socket operation was attempted to an unreachable host"))
2026-06-05 10:02:05 [WARNING] urllib3.connectionpool: Retrying (Retry(total=0, connect=0, read=1, redirect=None, status=None)) after connection broken by 'NewConnectionError("HTTPConnection(host='222.127.90.218', port=80): Failed to establish a new connection: [WinError 10065] A socket operation was attempted to an unreachable host")': /api/exec
2026-06-05 10:02:05 [WARNING] APIDbManager: Transient network error, retrying in 0.8s: HTTPConnectionPool(host='222.127.90.218', port=80): Max retries exceeded with url: /api/exec (Caused by NewConnectionError("HTTPConnection(host='222.127.90.218', port=80): Failed to establish a new connection: [WinError 10065] A socket operation was attempted to an unreachable host"))
2026-06-05 10:02:05 [WARNING] urllib3.connectionpool: Retrying (Retry(total=1, connect=1, read=2, redirect=None, status=None)) after connection broken by 'NewConnectionError("HTTPConnection(host='222.127.90.218', port=80): Failed to establish a new connection: [WinError 10065] A socket operation was attempted to an unreachable host")': /api/health
2026-06-05 10:02:06 [WARNING] urllib3.connectionpool: Retrying (Retry(total=0, connect=0, read=1, redirect=None, status=None)) after connection broken by 'NewConnectionError("HTTPConnection(host='222.127.90.218', port=80): Failed to establish a new connection: [WinError 10065] A socket operation was attempted to an unreachable host")': /api/exec
2026-06-05 10:02:06 [WARNING] APIDbManager: Transient network error, retrying in 1.6s: HTTPConnectionPool(host='222.127.90.218', port=80): Max retries exceeded with url: /api/exec (Caused by NewConnectionError("HTTPConnection(host='222.127.90.218', port=80): Failed to establish a new connection: [WinError 10065] A socket operation was attempted to an unreachable host"))
2026-06-05 10:02:06 [WARNING] urllib3.connectionpool: Retrying (Retry(total=0, connect=0, read=2, redirect=None, status=None)) after connection broken by 'NewConnectionError("HTTPConnection(host='222.127.90.218', port=80): Failed to establish a new connection: [WinError 10065] A socket operation was attempted to an unreachable host")': /api/health
2026-06-05 10:02:07 [WARNING] urllib3.connectionpool: Retrying (Retry(total=0, connect=0, read=1, redirect=None, status=None)) after connection broken by 'NewConnectionError("HTTPConnection(host='222.127.90.218', port=80): Failed to establish a new connection: [WinError 10065] A socket operation was attempted to an unreachable host")': /api/exec
2026-06-05 10:02:07 [ERROR] APIDbManager: execute_query network error: HTTPConnectionPool(host='222.127.90.218', port=80): Max retries exceeded with url: /api/exec (Caused by NewConnectionError("HTTPConnection(host='222.127.90.218', port=80): Failed to establish a new connection: [WinError 10065] A socket operation was attempted to an unreachable host"))
2026-06-05 10:02:07 [WARNING] urllib3.connectionpool: Retrying (Retry(total=0, connect=0, read=1, redirect=None, status=None)) after connection broken by 'NewConnectionError("HTTPConnection(host='222.127.90.218', port=80): Failed to establish a new connection: [WinError 10065] A socket operation was attempted to an unreachable host")': /api/exec
2026-06-05 10:02:07 [WARNING] APIDbManager: Transient network error, retrying in 0.8s: HTTPConnectionPool(host='222.127.90.218', port=80): Max retries exceeded with url: /api/exec (Caused by NewConnectionError("HTTPConnection(host='222.127.90.218', port=80): Failed to establish a new connection: [WinError 10065] A socket operation was attempted to an unreachable host"))
2026-06-05 10:02:08 [WARNING] urllib3.connectionpool: Retrying (Retry(total=1, connect=1, read=2, redirect=None, status=None)) after connection broken by 'NewConnectionError("HTTPConnection(host='222.127.90.218', port=80): Failed to establish a new connection: [WinError 10065] A socket operation was attempted to an unreachable host")': /api/health
2026-06-05 10:02:08 [WARNING] urllib3.connectionpool: Retrying (Retry(total=0, connect=0, read=1, redirect=None, status=None)) after connection broken by 'NewConnectionError("HTTPConnection(host='222.127.90.218', port=80): Failed to establish a new connection: [WinError 10065] A socket operation was attempted to an unreachable host")': /api/exec
2026-06-05 10:02:08 [WARNING] APIDbManager: Transient network error, retrying in 1.6s: HTTPConnectionPool(host='222.127.90.218', port=80): Max retries exceeded with url: /api/exec (Caused by NewConnectionError("HTTPConnection(host='222.127.90.218', port=80): Failed to establish a new connection: [WinError 10065] A socket operation was attempted to an unreachable host"))
2026-06-05 10:02:09 [WARNING] urllib3.connectionpool: Retrying (Retry(total=0, connect=0, read=2, redirect=None, status=None)) after connection broken by 'NewConnectionError("HTTPConnection(host='222.127.90.218', port=80): Failed to establish a new connection: [WinError 10065] A socket operation was attempted to an unreachable host")': /api/health
2026-06-05 10:02:10 [WARNING] urllib3.connectionpool: Retrying (Retry(total=0, connect=0, read=1, redirect=None, status=None)) after connection broken by 'NewConnectionError("HTTPConnection(host='222.127.90.218', port=80): Failed to establish a new connection: [WinError 10065] A socket operation was attempted to an unreachable host")': /api/exec
2026-06-05 10:02:10 [ERROR] APIDbManager: execute_query network error: HTTPConnectionPool(host='222.127.90.218', port=80): Max retries exceeded with url: /api/exec (Caused by NewConnectionError("HTTPConnection(host='222.127.90.218', port=80): Failed to establish a new connection: [WinError 10065] A socket operation was attempted to an unreachable host"))
2026-06-05 10:02:10 [WARNING] urllib3.connectionpool: Retrying (Retry(total=0, connect=0, read=1, redirect=None, status=None)) after connection broken by 'NewConnectionError("HTTPConnection(host='222.127.90.218', port=80): Failed to establish a new connection: [WinError 10065] A socket operation was attempted to an unreachable host")': /api/exec
2026-06-05 10:02:10 [WARNING] APIDbManager: Transient network error, retrying in 0.8s: HTTPConnectionPool(host='222.127.90.218', port=80): Max retries exceeded with url: /api/exec (Caused by NewConnectionError("HTTPConnection(host='222.127.90.218', port=80): Failed to establish a new connection: [WinError 10065] A socket operation was attempted to an unreachable host"))
2026-06-05 10:02:11 [WARNING] urllib3.connectionpool: Retrying (Retry(total=0, connect=0, read=1, redirect=None, status=None)) after connection broken by 'NewConnectionError("HTTPConnection(host='222.127.90.218', port=80): Failed to establish a new connection: [WinError 10065] A socket operation was attempted to an unreachable host")': /api/exec
2026-06-05 10:02:11 [WARNING] APIDbManager: Transient network error, retrying in 1.6s: HTTPConnectionPool(host='222.127.90.218', port=80): Max retries exceeded with url: /api/exec (Caused by NewConnectionError("HTTPConnection(host='222.127.90.218', port=80): Failed to establish a new connection: [WinError 10065] A socket operation was attempted to an unreachable host"))
2026-06-05 10:02:11 [WARNING] urllib3.connectionpool: Retrying (Retry(total=1, connect=1, read=2, redirect=None, status=None)) after connection broken by 'NewConnectionError("HTTPConnection(host='222.127.90.218', port=80): Failed to establish a new connection: [WinError 10065] A socket operation was attempted to an unreachable host")': /api/health
2026-06-05 10:02:12 [WARNING] urllib3.connectionpool: Retrying (Retry(total=0, connect=0, read=2, redirect=None, status=None)) after connection broken by 'NewConnectionError("HTTPConnection(host='222.127.90.218', port=80): Failed to establish a new connection: [WinError 10065] A socket operation was attempted to an unreachable host")': /api/health
2026-06-05 10:02:12 [WARNING] urllib3.connectionpool: Retrying (Retry(total=0, connect=0, read=1, redirect=None, status=None)) after connection broken by 'NewConnectionError("HTTPConnection(host='222.127.90.218', port=80): Failed to establish a new connection: [WinError 10065] A socket operation was attempted to an unreachable host")': /api/exec
2026-06-05 10:02:12 [ERROR] APIDbManager: execute_query network error: HTTPConnectionPool(host='222.127.90.218', port=80): Max retries exceeded with url: /api/exec (Caused by NewConnectionError("HTTPConnection(host='222.127.90.218', port=80): Failed to establish a new connection: [WinError 10065] A socket operation was attempted to an unreachable host"))
2026-06-05 10:02:12 [WARNING] urllib3.connectionpool: Retrying (Retry(total=0, connect=0, read=1, redirect=None, status=None)) after connection broken by 'NewConnectionError("HTTPConnection(host='222.127.90.218', port=80): Failed to establish a new connection: [WinError 10065] A socket operation was attempted to an unreachable host")': /api/exec
2026-06-05 10:02:12 [WARNING] APIDbManager: Transient network error, retrying in 0.8s: HTTPConnectionPool(host='222.127.90.218', port=80): Max retries exceeded with url: /api/exec (Caused by NewConnectionError("HTTPConnection(host='222.127.90.218', port=80): Failed to establish a new connection: [WinError 10065] A socket operation was attempted to an unreachable host"))
2026-06-05 10:02:13 [WARNING] urllib3.connectionpool: Retrying (Retry(total=0, connect=0, read=1, redirect=None, status=None)) after connection broken by 'NewConnectionError("HTTPConnection(host='222.127.90.218', port=80): Failed to establish a new connection: [WinError 10065] A socket operation was attempted to an unreachable host")': /api/exec
2026-06-05 10:02:13 [WARNING] APIDbManager: Transient network error, retrying in 1.6s: HTTPConnectionPool(host='222.127.90.218', port=80): Max retries exceeded with url: /api/exec (Caused by NewConnectionError("HTTPConnection(host='222.127.90.218', port=80): Failed to establish a new connection: [WinError 10065] A socket operation was attempted to an unreachable host"))
2026-06-05 10:02:14 [WARNING] urllib3.connectionpool: Retrying (Retry(total=1, connect=1, read=2, redirect=None, status=None)) after connection broken by 'NewConnectionError("HTTPConnection(host='222.127.90.218', port=80): Failed to establish a new connection: [WinError 10065] A socket operation was attempted to an unreachable host")': /api/health
2026-06-05 10:02:15 [WARNING] urllib3.connectionpool: Retrying (Retry(total=0, connect=0, read=1, redirect=None, status=None)) after connection broken by 'NewConnectionError("HTTPConnection(host='222.127.90.218', port=80): Failed to establish a new connection: [WinError 10065] A socket operation was attempted to an unreachable host")': /api/exec
2026-06-05 10:02:15 [ERROR] APIDbManager: execute_query network error: HTTPConnectionPool(host='222.127.90.218', port=80): Max retries exceeded with url: /api/exec (Caused by NewConnectionError("HTTPConnection(host='222.127.90.218', port=80): Failed to establish a new connection: [WinError 10065] A socket operation was attempted to an unreachable host"))
2026-06-05 10:02:15 [WARNING] urllib3.connectionpool: Retrying (Retry(total=0, connect=0, read=1, redirect=None, status=None)) after connection broken by 'NewConnectionError("HTTPConnection(host='222.127.90.218', port=80): Failed to establish a new connection: [WinError 10065] A socket operation was attempted to an unreachable host")': /api/exec
2026-06-05 10:02:15 [WARNING] APIDbManager: Transient network error, retrying in 0.8s: HTTPConnectionPool(host='222.127.90.218', port=80): Max retries exceeded with url: /api/exec (Caused by NewConnectionError("HTTPConnection(host='222.127.90.218', port=80): Failed to establish a new connection: [WinError 10065] A socket operation was attempted to an unreachable host"))
2026-06-05 10:02:15 [WARNING] urllib3.connectionpool: Retrying (Retry(total=0, connect=0, read=2, redirect=None, status=None)) after connection broken by 'NewConnectionError("HTTPConnection(host='222.127.90.218', port=80): Failed to establish a new connection: [WinError 10065] A socket operation was attempted to an unreachable host")': /api/health
2026-06-05 10:02:16 [WARNING] urllib3.connectionpool: Retrying (Retry(total=0, connect=0, read=1, redirect=None, status=None)) after connection broken by 'NewConnectionError("HTTPConnection(host='222.127.90.218', port=80): Failed to establish a new connection: [WinError 10065] A socket operation was attempted to an unreachable host")': /api/exec
2026-06-05 10:02:16 [WARNING] APIDbManager: Transient network error, retrying in 1.6s: HTTPConnectionPool(host='222.127.90.218', port=80): Max retries exceeded with url: /api/exec (Caused by NewConnectionError("HTTPConnection(host='222.127.90.218', port=80): Failed to establish a new connection: [WinError 10065] A socket operation was attempted to an unreachable host"))
2026-06-05 10:02:17 [WARNING] urllib3.connectionpool: Retrying (Retry(total=1, connect=1, read=2, redirect=None, status=None)) after connection broken by 'NewConnectionError("HTTPConnection(host='222.127.90.218', port=80): Failed to establish a new connection: [WinError 10065] A socket operation was attempted to an unreachable host")': /api/health
2026-06-05 10:02:17 [WARNING] urllib3.connectionpool: Retrying (Retry(total=0, connect=0, read=1, redirect=None, status=None)) after connection broken by 'NewConnectionError("HTTPConnection(host='222.127.90.218', port=80): Failed to establish a new connection: [WinError 10065] A socket operation was attempted to an unreachable host")': /api/exec
2026-06-05 10:02:17 [ERROR] APIDbManager: execute_query network error: HTTPConnectionPool(host='222.127.90.218', port=80): Max retries exceeded with url: /api/exec (Caused by NewConnectionError("HTTPConnection(host='222.127.90.218', port=80): Failed to establish a new connection: [WinError 10065] A socket operation was attempted to an unreachable host"))
2026-06-05 10:02:17 [WARNING] urllib3.connectionpool: Retrying (Retry(total=0, connect=0, read=1, redirect=None, status=None)) after connection broken by 'NewConnectionError("HTTPConnection(host='222.127.90.218', port=80): Failed to establish a new connection: [WinError 10065] A socket operation was attempted to an unreachable host")': /api/exec
2026-06-05 10:02:17 [WARNING] APIDbManager: Transient network error, retrying in 0.8s: HTTPConnectionPool(host='222.127.90.218', port=80): Max retries exceeded with url: /api/exec (Caused by NewConnectionError("HTTPConnection(host='222.127.90.218', port=80): Failed to establish a new connection: [WinError 10065] A socket operation was attempted to an unreachable host"))
2026-06-05 10:02:18 [WARNING] urllib3.connectionpool: Retrying (Retry(total=0, connect=0, read=2, redirect=None, status=None)) after connection broken by 'NewConnectionError("HTTPConnection(host='222.127.90.218', port=80): Failed to establish a new connection: [WinError 10065] A socket operation was attempted to an unreachable host")': /api/health
2026-06-05 10:02:18 [WARNING] urllib3.connectionpool: Retrying (Retry(total=0, connect=0, read=1, redirect=None, status=None)) after connection broken by 'NewConnectionError("HTTPConnection(host='222.127.90.218', port=80): Failed to establish a new connection: [WinError 10065] A socket operation was attempted to an unreachable host")': /api/exec
2026-06-05 10:02:18 [WARNING] APIDbManager: Transient network error, retrying in 1.6s: HTTPConnectionPool(host='222.127.90.218', port=80): Max retries exceeded with url: /api/exec (Caused by NewConnectionError("HTTPConnection(host='222.127.90.218', port=80): Failed to establish a new connection: [WinError 10065] A socket operation was attempted to an unreachable host"))
2026-06-05 10:02:20 [WARNING] urllib3.connectionpool: Retrying (Retry(total=0, connect=0, read=1, redirect=None, status=None)) after connection broken by 'NewConnectionError("HTTPConnection(host='222.127.90.218', port=80): Failed to establish a new connection: [WinError 10065] A socket operation was attempted to an unreachable host")': /api/exec
2026-06-05 10:02:20 [ERROR] APIDbManager: execute_query network error: HTTPConnectionPool(host='222.127.90.218', port=80): Max retries exceeded with url: /api/exec (Caused by NewConnectionError("HTTPConnection(host='222.127.90.218', port=80): Failed to establish a new connection: [WinError 10065] A socket operation was attempted to an unreachable host"))
2026-06-05 10:02:20 [WARNING] urllib3.connectionpool: Retrying (Retry(total=0, connect=0, read=1, redirect=None, status=None)) after connection broken by 'NewConnectionError("HTTPConnection(host='222.127.90.218', port=80): Failed to establish a new connection: [WinError 10065] A socket operation was attempted to an unreachable host")': /api/exec
2026-06-05 10:02:20 [WARNING] APIDbManager: Transient network error, retrying in 0.8s: HTTPConnectionPool(host='222.127.90.218', port=80): Max retries exceeded with url: /api/exec (Caused by NewConnectionError("HTTPConnection(host='222.127.90.218', port=80): Failed to establish a new connection: [WinError 10065] A socket operation was attempted to an unreachable host"))
2026-06-05 10:02:20 [WARNING] urllib3.connectionpool: Retrying (Retry(total=1, connect=1, read=2, redirect=None, status=None)) after connection broken by 'NewConnectionError("HTTPConnection(host='222.127.90.218', port=80): Failed to establish a new connection: [WinError 10065] A socket operation was attempted to an unreachable host")': /api/health
2026-06-05 10:02:21 [WARNING] urllib3.connectionpool: Retrying (Retry(total=0, connect=0, read=1, redirect=None, status=None)) after connection broken by 'NewConnectionError("HTTPConnection(host='222.127.90.218', port=80): Failed to establish a new connection: [WinError 10065] A socket operation was attempted to an unreachable host")': /api/exec
2026-06-05 10:02:21 [WARNING] APIDbManager: Transient network error, retrying in 1.6s: HTTPConnectionPool(host='222.127.90.218', port=80): Max retries exceeded with url: /api/exec (Caused by NewConnectionError("HTTPConnection(host='222.127.90.218', port=80): Failed to establish a new connection: [WinError 10065] A socket operation was attempted to an unreachable host"))
2026-06-05 10:02:21 [WARNING] urllib3.connectionpool: Retrying (Retry(total=0, connect=0, read=2, redirect=None, status=None)) after connection broken by 'NewConnectionError("HTTPConnection(host='222.127.90.218', port=80): Failed to establish a new connection: [WinError 10065] A socket operation was attempted to an unreachable host")': /api/health
2026-06-05 10:02:22 [WARNING] urllib3.connectionpool: Retrying (Retry(total=0, connect=0, read=1, redirect=None, status=None)) after connection broken by 'NewConnectionError("HTTPConnection(host='222.127.90.218', port=80): Failed to establish a new connection: [WinError 10065] A socket operation was attempted to an unreachable host")': /api/exec
2026-06-05 10:02:22 [ERROR] APIDbManager: execute_query network error: HTTPConnectionPool(host='222.127.90.218', port=80): Max retries exceeded with url: /api/exec (Caused by NewConnectionError("HTTPConnection(host='222.127.90.218', port=80): Failed to establish a new connection: [WinError 10065] A socket operation was attempted to an unreachable host"))
2026-06-05 10:02:22 [WARNING] urllib3.connectionpool: Retrying (Retry(total=0, connect=0, read=1, redirect=None, status=None)) after connection broken by 'NewConnectionError("HTTPConnection(host='222.127.90.218', port=80): Failed to establish a new connection: [WinError 10065] A socket operation was attempted to an unreachable host")': /api/exec
2026-06-05 10:02:22 [WARNING] APIDbManager: Transient network error, retrying in 0.8s: HTTPConnectionPool(host='222.127.90.218', port=80): Max retries exceeded with url: /api/exec (Caused by NewConnectionError("HTTPConnection(host='222.127.90.218', port=80): Failed to establish a new connection: [WinError 10065] A socket operation was attempted to an unreachable host"))
2026-06-05 10:02:23 [WARNING] urllib3.connectionpool: Retrying (Retry(total=1, connect=1, read=2, redirect=None, status=None)) after connection broken by 'NewConnectionError("HTTPConnection(host='222.127.90.218', port=80): Failed to establish a new connection: [WinError 10065] A socket operation was attempted to an unreachable host")': /api/health
2026-06-05 10:02:23 [WARNING] urllib3.connectionpool: Retrying (Retry(total=0, connect=0, read=1, redirect=None, status=None)) after connection broken by 'NewConnectionError("HTTPConnection(host='222.127.90.218', port=80): Failed to establish a new connection: [WinError 10065] A socket operation was attempted to an unreachable host")': /api/exec
2026-06-05 10:02:23 [WARNING] APIDbManager: Transient network error, retrying in 1.6s: HTTPConnectionPool(host='222.127.90.218', port=80): Max retries exceeded with url: /api/exec (Caused by NewConnectionError("HTTPConnection(host='222.127.90.218', port=80): Failed to establish a new connection: [WinError 10065] A socket operation was attempted to an unreachable host"))
2026-06-05 10:02:24 [WARNING] urllib3.connectionpool: Retrying (Retry(total=0, connect=0, read=2, redirect=None, status=None)) after connection broken by 'NewConnectionError("HTTPConnection(host='222.127.90.218', port=80): Failed to establish a new connection: [WinError 10065] A socket operation was attempted to an unreachable host")': /api/health
2026-06-05 10:02:25 [WARNING] urllib3.connectionpool: Retrying (Retry(total=0, connect=0, read=1, redirect=None, status=None)) after connection broken by 'NewConnectionError("HTTPConnection(host='222.127.90.218', port=80): Failed to establish a new connection: [WinError 10065] A socket operation was attempted to an unreachable host")': /api/exec
2026-06-05 10:02:25 [ERROR] APIDbManager: execute_query network error: HTTPConnectionPool(host='222.127.90.218', port=80): Max retries exceeded with url: /api/exec (Caused by NewConnectionError("HTTPConnection(host='222.127.90.218', port=80): Failed to establish a new connection: [WinError 10065] A socket operation was attempted to an unreachable host"))
2026-06-05 10:02:25 [WARNING] urllib3.connectionpool: Retrying (Retry(total=0, connect=0, read=1, redirect=None, status=None)) after connection broken by 'NewConnectionError("HTTPConnection(host='222.127.90.218', port=80): Failed to establish a new connection: [WinError 10065] A socket operation was attempted to an unreachable host")': /api/exec
2026-06-05 10:02:25 [WARNING] APIDbManager: Transient network error, retrying in 0.8s: HTTPConnectionPool(host='222.127.90.218', port=80): Max retries exceeded with url: /api/exec (Caused by NewConnectionError("HTTPConnection(host='222.127.90.218', port=80): Failed to establish a new connection: [WinError 10065] A socket operation was attempted to an unreachable host"))
2026-06-05 10:02:26 [WARNING] urllib3.connectionpool: Retrying (Retry(total=0, connect=0, read=1, redirect=None, status=None)) after connection broken by 'NewConnectionError("HTTPConnection(host='222.127.90.218', port=80): Failed to establish a new connection: [WinError 10065] A socket operation was attempted to an unreachable host")': /api/exec
2026-06-05 10:02:26 [WARNING] APIDbManager: Transient network error, retrying in 1.6s: HTTPConnectionPool(host='222.127.90.218', port=80): Max retries exceeded with url: /api/exec (Caused by NewConnectionError("HTTPConnection(host='222.127.90.218', port=80): Failed to establish a new connection: [WinError 10065] A socket operation was attempted to an unreachable host"))
2026-06-05 10:02:26 [WARNING] urllib3.connectionpool: Retrying (Retry(total=1, connect=1, read=2, redirect=None, status=None)) after connection broken by 'NewConnectionError("HTTPConnection(host='222.127.90.218', port=80): Failed to establish a new connection: [WinError 10065] A socket operation was attempted to an unreachable host")': /api/health
2026-06-05 10:02:27 [WARNING] urllib3.connectionpool: Retrying (Retry(total=0, connect=0, read=2, redirect=None, status=None)) after connection broken by 'NewConnectionError("HTTPConnection(host='222.127.90.218', port=80): Failed to establish a new connection: [WinError 10065] A socket operation was attempted to an unreachable host")': /api/health
2026-06-05 10:02:27 [WARNING] urllib3.connectionpool: Retrying (Retry(total=0, connect=0, read=1, redirect=None, status=None)) after connection broken by 'NewConnectionError("HTTPConnection(host='222.127.90.218', port=80): Failed to establish a new connection: [WinError 10065] A socket operation was attempted to an unreachable host")': /api/exec
2026-06-05 10:02:27 [ERROR] APIDbManager: execute_query network error: HTTPConnectionPool(host='222.127.90.218', port=80): Max retries exceeded with url: /api/exec (Caused by NewConnectionError("HTTPConnection(host='222.127.90.218', port=80): Failed to establish a new connection: [WinError 10065] A socket operation was attempted to an unreachable host"))
2026-06-05 10:02:27 [WARNING] urllib3.connectionpool: Retrying (Retry(total=0, connect=0, read=1, redirect=None, status=None)) after connection broken by 'NewConnectionError("HTTPConnection(host='222.127.90.218', port=80): Failed to establish a new connection: [WinError 10065] A socket operation was attempted to an unreachable host")': /api/exec
2026-06-05 10:02:27 [WARNING] APIDbManager: Transient network error, retrying in 0.8s: HTTPConnectionPool(host='222.127.90.218', port=80): Max retries exceeded with url: /api/exec (Caused by NewConnectionError("HTTPConnection(host='222.127.90.218', port=80): Failed to establish a new connection: [WinError 10065] A socket operation was attempted to an unreachable host"))
2026-06-05 10:02:28 [WARNING] urllib3.connectionpool: Retrying (Retry(total=0, connect=0, read=1, redirect=None, status=None)) after connection broken by 'NewConnectionError("HTTPConnection(host='222.127.90.218', port=80): Failed to establish a new connection: [WinError 10065] A socket operation was attempted to an unreachable host")': /api/exec
2026-06-05 10:02:28 [WARNING] APIDbManager: Transient network error, retrying in 1.6s: HTTPConnectionPool(host='222.127.90.218', port=80): Max retries exceeded with url: /api/exec (Caused by NewConnectionError("HTTPConnection(host='222.127.90.218', port=80): Failed to establish a new connection: [WinError 10065] A socket operation was attempted to an unreachable host"))
2026-06-05 10:02:29 [WARNING] urllib3.connectionpool: Retrying (Retry(total=1, connect=1, read=2, redirect=None, status=None)) after connection broken by 'NewConnectionError("HTTPConnection(host='222.127.90.218', port=80): Failed to establish a new connection: [WinError 10065] A socket operation was attempted to an unreachable host")': /api/health
2026-06-05 10:02:30 [WARNING] urllib3.connectionpool: Retrying (Retry(total=0, connect=0, read=1, redirect=None, status=None)) after connection broken by 'NewConnectionError("HTTPConnection(host='222.127.90.218', port=80): Failed to establish a new connection: [WinError 10065] A socket operation was attempted to an unreachable host")': /api/exec
2026-06-05 10:02:30 [ERROR] APIDbManager: execute_query network error: HTTPConnectionPool(host='222.127.90.218', port=80): Max retries exceeded with url: /api/exec (Caused by NewConnectionError("HTTPConnection(host='222.127.90.218', port=80): Failed to establish a new connection: [WinError 10065] A socket operation was attempted to an unreachable host"))
2026-06-05 10:02:30 [WARNING] urllib3.connectionpool: Retrying (Retry(total=0, connect=0, read=1, redirect=None, status=None)) after connection broken by 'NewConnectionError("HTTPConnection(host='222.127.90.218', port=80): Failed to establish a new connection: [WinError 10065] A socket operation was attempted to an unreachable host")': /api/exec
2026-06-05 10:02:30 [WARNING] APIDbManager: Transient network error, retrying in 0.8s: HTTPConnectionPool(host='222.127.90.218', port=80): Max retries exceeded with url: /api/exec (Caused by NewConnectionError("HTTPConnection(host='222.127.90.218', port=80): Failed to establish a new connection: [WinError 10065] A socket operation was attempted to an unreachable host"))
2026-06-05 10:02:30 [WARNING] urllib3.connectionpool: Retrying (Retry(total=0, connect=0, read=2, redirect=None, status=None)) after connection broken by 'NewConnectionError("HTTPConnection(host='222.127.90.218', port=80): Failed to establish a new connection: [WinError 10065] A socket operation was attempted to an unreachable host")': /api/health
2026-06-05 10:02:31 [WARNING] urllib3.connectionpool: Retrying (Retry(total=0, connect=0, read=1, redirect=None, status=None)) after connection broken by 'NewConnectionError("HTTPConnection(host='222.127.90.218', port=80): Failed to establish a new connection: [WinError 10065] A socket operation was attempted to an unreachable host")': /api/exec
2026-06-05 10:02:31 [WARNING] APIDbManager: Transient network error, retrying in 1.6s: HTTPConnectionPool(host='222.127.90.218', port=80): Max retries exceeded with url: /api/exec (Caused by NewConnectionError("HTTPConnection(host='222.127.90.218', port=80): Failed to establish a new connection: [WinError 10065] A socket operation was attempted to an unreachable host"))
2026-06-05 10:02:32 [WARNING] urllib3.connectionpool: Retrying (Retry(total=1, connect=1, read=2, redirect=None, status=None)) after connection broken by 'NewConnectionError("HTTPConnection(host='222.127.90.218', port=80): Failed to establish a new connection: [WinError 10065] A socket operation was attempted to an unreachable host")': /api/health
2026-06-05 10:02:32 [WARNING] urllib3.connectionpool: Retrying (Retry(total=0, connect=0, read=1, redirect=None, status=None)) after connection broken by 'NewConnectionError("HTTPConnection(host='222.127.90.218', port=80): Failed to establish a new connection: [WinError 10065] A socket operation was attempted to an unreachable host")': /api/exec
2026-06-05 10:02:32 [ERROR] APIDbManager: execute_query network error: HTTPConnectionPool(host='222.127.90.218', port=80): Max retries exceeded with url: /api/exec (Caused by NewConnectionError("HTTPConnection(host='222.127.90.218', port=80): Failed to establish a new connection: [WinError 10065] A socket operation was attempted to an unreachable host"))
2026-06-05 10:02:32 [WARNING] urllib3.connectionpool: Retrying (Retry(total=0, connect=0, read=1, redirect=None, status=None)) after connection broken by 'NewConnectionError("HTTPConnection(host='222.127.90.218', port=80): Failed to establish a new connection: [WinError 10065] A socket operation was attempted to an unreachable host")': /api/exec
2026-06-05 10:02:32 [WARNING] APIDbManager: Transient network error, retrying in 0.8s: HTTPConnectionPool(host='222.127.90.218', port=80): Max retries exceeded with url: /api/exec (Caused by NewConnectionError("HTTPConnection(host='222.127.90.218', port=80): Failed to establish a new connection: [WinError 10065] A socket operation was attempted to an unreachable host"))
2026-06-05 10:02:33 [WARNING] urllib3.connectionpool: Retrying (Retry(total=0, connect=0, read=1, redirect=None, status=None)) after connection broken by 'NewConnectionError("HTTPConnection(host='222.127.90.218', port=80): Failed to establish a new connection: [WinError 10065] A socket operation was attempted to an unreachable host")': /api/exec
2026-06-05 10:02:33 [WARNING] APIDbManager: Transient network error, retrying in 1.6s: HTTPConnectionPool(host='222.127.90.218', port=80): Max retries exceeded with url: /api/exec (Caused by NewConnectionError("HTTPConnection(host='222.127.90.218', port=80): Failed to establish a new connection: [WinError 10065] A socket operation was attempted to an unreachable host"))
2026-06-05 10:02:33 [WARNING] urllib3.connectionpool: Retrying (Retry(total=0, connect=0, read=2, redirect=None, status=None)) after connection broken by 'NewConnectionError("HTTPConnection(host='222.127.90.218', port=80): Failed to establish a new connection: [WinError 10065] A socket operation was attempted to an unreachable host")': /api/health
2026-06-05 10:02:35 [WARNING] urllib3.connectionpool: Retrying (Retry(total=0, connect=0, read=1, redirect=None, status=None)) after connection broken by 'NewConnectionError("HTTPConnection(host='222.127.90.218', port=80): Failed to establish a new connection: [WinError 10065] A socket operation was attempted to an unreachable host")': /api/exec
2026-06-05 10:02:35 [ERROR] APIDbManager: execute_query network error: HTTPConnectionPool(host='222.127.90.218', port=80): Max retries exceeded with url: /api/exec (Caused by NewConnectionError("HTTPConnection(host='222.127.90.218', port=80): Failed to establish a new connection: [WinError 10065] A socket operation was attempted to an unreachable host"))
2026-06-05 10:02:35 [WARNING] urllib3.connectionpool: Retrying (Retry(total=0, connect=0, read=1, redirect=None, status=None)) after connection broken by 'NewConnectionError("HTTPConnection(host='222.127.90.218', port=80): Failed to establish a new connection: [WinError 10065] A socket operation was attempted to an unreachable host")': /api/exec
2026-06-05 10:02:35 [WARNING] APIDbManager: Transient network error, retrying in 0.8s: HTTPConnectionPool(host='222.127.90.218', port=80): Max retries exceeded with url: /api/exec (Caused by NewConnectionError("HTTPConnection(host='222.127.90.218', port=80): Failed to establish a new connection: [WinError 10065] A socket operation was attempted to an unreachable host"))
2026-06-05 10:02:35 [WARNING] urllib3.connectionpool: Retrying (Retry(total=1, connect=1, read=2, redirect=None, status=None)) after connection broken by 'NewConnectionError("HTTPConnection(host='222.127.90.218', port=80): Failed to establish a new connection: [WinError 10065] A socket operation was attempted to an unreachable host")': /api/health
2026-06-05 10:02:36 [WARNING] urllib3.connectionpool: Retrying (Retry(total=0, connect=0, read=1, redirect=None, status=None)) after connection broken by 'NewConnectionError("HTTPConnection(host='222.127.90.218', port=80): Failed to establish a new connection: [WinError 10065] A socket operation was attempted to an unreachable host")': /api/exec
2026-06-05 10:02:36 [WARNING] APIDbManager: Transient network error, retrying in 1.6s: HTTPConnectionPool(host='222.127.90.218', port=80): Max retries exceeded with url: /api/exec (Caused by NewConnectionError("HTTPConnection(host='222.127.90.218', port=80): Failed to establish a new connection: [WinError 10065] A socket operation was attempted to an unreachable host"))
2026-06-05 10:02:36 [WARNING] urllib3.connectionpool: Retrying (Retry(total=0, connect=0, read=2, redirect=None, status=None)) after connection broken by 'NewConnectionError("HTTPConnection(host='222.127.90.218', port=80): Failed to establish a new connection: [WinError 10065] A socket operation was attempted to an unreachable host")': /api/health
2026-06-05 10:02:37 [WARNING] urllib3.connectionpool: Retrying (Retry(total=0, connect=0, read=1, redirect=None, status=None)) after connection broken by 'NewConnectionError("HTTPConnection(host='222.127.90.218', port=80): Failed to establish a new connection: [WinError 10065] A socket operation was attempted to an unreachable host")': /api/exec
2026-06-05 10:02:37 [ERROR] APIDbManager: execute_query network error: HTTPConnectionPool(host='222.127.90.218', port=80): Max retries exceeded with url: /api/exec (Caused by NewConnectionError("HTTPConnection(host='222.127.90.218', port=80): Failed to establish a new connection: [WinError 10065] A socket operation was attempted to an unreachable host"))
2026-06-05 10:02:37 [WARNING] urllib3.connectionpool: Retrying (Retry(total=0, connect=0, read=1, redirect=None, status=None)) after connection broken by 'NewConnectionError("HTTPConnection(host='222.127.90.218', port=80): Failed to establish a new connection: [WinError 10065] A socket operation was attempted to an unreachable host")': /api/exec
2026-06-05 10:02:37 [WARNING] APIDbManager: Transient network error, retrying in 0.8s: HTTPConnectionPool(host='222.127.90.218', port=80): Max retries exceeded with url: /api/exec (Caused by NewConnectionError("HTTPConnection(host='222.127.90.218', port=80): Failed to establish a new connection: [WinError 10065] A socket operation was attempted to an unreachable host"))
2026-06-05 10:02:38 [WARNING] urllib3.connectionpool: Retrying (Retry(total=0, connect=0, read=1, redirect=None, status=None)) after connection broken by 'NewConnectionError("HTTPConnection(host='222.127.90.218', port=80): Failed to establish a new connection: [WinError 10065] A socket operation was attempted to an unreachable host")': /api/exec
2026-06-05 10:02:38 [WARNING] APIDbManager: Transient network error, retrying in 1.6s: HTTPConnectionPool(host='222.127.90.218', port=80): Max retries exceeded with url: /api/exec (Caused by NewConnectionError("HTTPConnection(host='222.127.90.218', port=80): Failed to establish a new connection: [WinError 10065] A socket operation was attempted to an unreachable host"))
2026-06-05 10:02:38 [WARNING] urllib3.connectionpool: Retrying (Retry(total=1, connect=1, read=2, redirect=None, status=None)) after connection broken by 'NewConnectionError("HTTPConnection(host='222.127.90.218', port=80): Failed to establish a new connection: [WinError 10065] A socket operation was attempted to an unreachable host")': /api/health
2026-06-05 10:02:39 [WARNING] urllib3.connectionpool: Retrying (Retry(total=0, connect=0, read=2, redirect=None, status=None)) after connection broken by 'NewConnectionError("HTTPConnection(host='222.127.90.218', port=80): Failed to establish a new connection: [WinError 10065] A socket operation was attempted to an unreachable host")': /api/health
2026-06-05 10:02:40 [WARNING] urllib3.connectionpool: Retrying (Retry(total=0, connect=0, read=1, redirect=None, status=None)) after connection broken by 'NewConnectionError("HTTPConnection(host='222.127.90.218', port=80): Failed to establish a new connection: [WinError 10065] A socket operation was attempted to an unreachable host")': /api/exec
2026-06-05 10:02:40 [ERROR] APIDbManager: execute_query network error: HTTPConnectionPool(host='222.127.90.218', port=80): Max retries exceeded with url: /api/exec (Caused by NewConnectionError("HTTPConnection(host='222.127.90.218', port=80): Failed to establish a new connection: [WinError 10065] A socket operation was attempted to an unreachable host"))
2026-06-05 10:02:40 [WARNING] urllib3.connectionpool: Retrying (Retry(total=0, connect=0, read=1, redirect=None, status=None)) after connection broken by 'NewConnectionError("HTTPConnection(host='222.127.90.218', port=80): Failed to establish a new connection: [WinError 10065] A socket operation was attempted to an unreachable host")': /api/exec
2026-06-05 10:02:40 [WARNING] APIDbManager: Transient network error, retrying in 0.8s: HTTPConnectionPool(host='222.127.90.218', port=80): Max retries exceeded with url: /api/exec (Caused by NewConnectionError("HTTPConnection(host='222.127.90.218', port=80): Failed to establish a new connection: [WinError 10065] A socket operation was attempted to an unreachable host"))
2026-06-05 10:02:41 [WARNING] urllib3.connectionpool: Retrying (Retry(total=0, connect=0, read=1, redirect=None, status=None)) after connection broken by 'NewConnectionError("HTTPConnection(host='222.127.90.218', port=80): Failed to establish a new connection: [WinError 10065] A socket operation was attempted to an unreachable host")': /api/exec
2026-06-05 10:02:41 [WARNING] APIDbManager: Transient network error, retrying in 1.6s: HTTPConnectionPool(host='222.127.90.218', port=80): Max retries exceeded with url: /api/exec (Caused by NewConnectionError("HTTPConnection(host='222.127.90.218', port=80): Failed to establish a new connection: [WinError 10065] A socket operation was attempted to an unreachable host"))
2026-06-05 10:02:41 [WARNING] urllib3.connectionpool: Retrying (Retry(total=1, connect=1, read=2, redirect=None, status=None)) after connection broken by 'NewConnectionError("HTTPConnection(host='222.127.90.218', port=80): Failed to establish a new connection: [WinError 10065] A socket operation was attempted to an unreachable host")': /api/health
2026-06-05 10:02:42 [WARNING] urllib3.connectionpool: Retrying (Retry(total=0, connect=0, read=1, redirect=None, status=None)) after connection broken by 'NewConnectionError("HTTPConnection(host='222.127.90.218', port=80): Failed to establish a new connection: [WinError 10065] A socket operation was attempted to an unreachable host")': /api/exec
2026-06-05 10:02:42 [ERROR] APIDbManager: execute_query network error: HTTPConnectionPool(host='222.127.90.218', port=80): Max retries exceeded with url: /api/exec (Caused by NewConnectionError("HTTPConnection(host='222.127.90.218', port=80): Failed to establish a new connection: [WinError 10065] A socket operation was attempted to an unreachable host"))
2026-06-05 10:02:42 [WARNING] urllib3.connectionpool: Retrying (Retry(total=0, connect=0, read=2, redirect=None, status=None)) after connection broken by 'NewConnectionError("HTTPConnection(host='222.127.90.218', port=80): Failed to establish a new connection: [WinError 10065] A socket operation was attempted to an unreachable host")': /api/health
2026-06-05 10:02:42 [WARNING] urllib3.connectionpool: Retrying (Retry(total=0, connect=0, read=1, redirect=None, status=None)) after connection broken by 'NewConnectionError("HTTPConnection(host='222.127.90.218', port=80): Failed to establish a new connection: [WinError 10065] A socket operation was attempted to an unreachable host")': /api/exec
2026-06-05 10:02:42 [WARNING] APIDbManager: Transient network error, retrying in 0.8s: HTTPConnectionPool(host='222.127.90.218', port=80): Max retries exceeded with url: /api/exec (Caused by NewConnectionError("HTTPConnection(host='222.127.90.218', port=80): Failed to establish a new connection: [WinError 10065] A socket operation was attempted to an unreachable host"))
2026-06-05 10:02:43 [WARNING] urllib3.connectionpool: Retrying (Retry(total=0, connect=0, read=1, redirect=None, status=None)) after connection broken by 'NewConnectionError("HTTPConnection(host='222.127.90.218', port=80): Failed to establish a new connection: [WinError 10065] A socket operation was attempted to an unreachable host")': /api/exec
2026-06-05 10:02:43 [WARNING] APIDbManager: Transient network error, retrying in 1.6s: HTTPConnectionPool(host='222.127.90.218', port=80): Max retries exceeded with url: /api/exec (Caused by NewConnectionError("HTTPConnection(host='222.127.90.218', port=80): Failed to establish a new connection: [WinError 10065] A socket operation was attempted to an unreachable host"))
2026-06-05 10:02:44 [WARNING] urllib3.connectionpool: Retrying (Retry(total=1, connect=1, read=2, redirect=None, status=None)) after connection broken by 'NewConnectionError("HTTPConnection(host='222.127.90.218', port=80): Failed to establish a new connection: [WinError 10065] A socket operation was attempted to an unreachable host")': /api/health
2026-06-05 10:02:45 [WARNING] urllib3.connectionpool: Retrying (Retry(total=0, connect=0, read=1, redirect=None, status=None)) after connection broken by 'NewConnectionError("HTTPConnection(host='222.127.90.218', port=80): Failed to establish a new connection: [WinError 10065] A socket operation was attempted to an unreachable host")': /api/exec
2026-06-05 10:02:45 [ERROR] APIDbManager: execute_query network error: HTTPConnectionPool(host='222.127.90.218', port=80): Max retries exceeded with url: /api/exec (Caused by NewConnectionError("HTTPConnection(host='222.127.90.218', port=80): Failed to establish a new connection: [WinError 10065] A socket operation was attempted to an unreachable host"))
2026-06-05 10:02:45 [WARNING] urllib3.connectionpool: Retrying (Retry(total=0, connect=0, read=1, redirect=None, status=None)) after connection broken by 'NewConnectionError("HTTPConnection(host='222.127.90.218', port=80): Failed to establish a new connection: [WinError 10065] A socket operation was attempted to an unreachable host")': /api/exec
2026-06-05 10:02:45 [WARNING] APIDbManager: Transient network error, retrying in 0.8s: HTTPConnectionPool(host='222.127.90.218', port=80): Max retries exceeded with url: /api/exec (Caused by NewConnectionError("HTTPConnection(host='222.127.90.218', port=80): Failed to establish a new connection: [WinError 10065] A socket operation was attempted to an unreachable host"))
2026-06-05 10:02:45 [WARNING] urllib3.connectionpool: Retrying (Retry(total=0, connect=0, read=2, redirect=None, status=None)) after connection broken by 'NewConnectionError("HTTPConnection(host='222.127.90.218', port=80): Failed to establish a new connection: [WinError 10065] A socket operation was attempted to an unreachable host")': /api/health
2026-06-05 10:02:46 [WARNING] urllib3.connectionpool: Retrying (Retry(total=0, connect=0, read=1, redirect=None, status=None)) after connection broken by 'NewConnectionError("HTTPConnection(host='222.127.90.218', port=80): Failed to establish a new connection: [WinError 10065] A socket operation was attempted to an unreachable host")': /api/exec
2026-06-05 10:02:46 [WARNING] APIDbManager: Transient network error, retrying in 1.6s: HTTPConnectionPool(host='222.127.90.218', port=80): Max retries exceeded with url: /api/exec (Caused by NewConnectionError("HTTPConnection(host='222.127.90.218', port=80): Failed to establish a new connection: [WinError 10065] A socket operation was attempted to an unreachable host"))
2026-06-05 10:02:47 [INFO] connection_watcher: ConnectionWatcher: connection restored
2026-06-05 10:07:15 [INFO] RemoteDatabaseManager: API mode enabled — connecting via http://222.127.90.218
2026-06-05 10:07:18 [INFO] AutoUpdater: Silent updater: Checking for updates...
2026-06-05 10:07:18 [INFO] AutoUpdater: Silent update status: Checking for updates...
2026-06-05 10:07:19 [INFO] AutoUpdater: Silent updater: Already on latest version (1.0.0)
2026-06-05 10:07:19 [INFO] AutoUpdater: Silent update status: Already up to date
2026-06-05 10:07:21 [INFO] ping_monitor: PingMonitor started for CL-0381 (user)
2026-06-05 10:07:21 [INFO] APIDbManager: API token obtained from http://222.127.90.218
2026-06-05 10:07:21 [INFO] APIDbManager: API token obtained from http://222.127.90.218
2026-06-05 10:07:31 [WARNING] connection_watcher: ConnectionWatcher: connection lost
2026-06-05 10:07:37 [WARNING] urllib3.connectionpool: Retrying (Retry(total=0, connect=1, read=0, redirect=None, status=None)) after connection broken by 'ReadTimeoutError("HTTPConnectionPool(host='222.127.90.218', port=80): Read timed out. (read timeout=6)")': /api/exec
2026-06-05 10:07:37 [WARNING] APIDbManager: Transient network error, retrying in 0.8s: HTTPConnectionPool(host='222.127.90.218', port=80): Max retries exceeded with url: /api/exec (Caused by NewConnectionError("HTTPConnection(host='222.127.90.218', port=80): Failed to establish a new connection: [WinError 10065] A socket operation was attempted to an unreachable host"))
2026-06-05 10:07:38 [WARNING] urllib3.connectionpool: Retrying (Retry(total=0, connect=0, read=1, redirect=None, status=None)) after connection broken by 'NewConnectionError("HTTPConnection(host='222.127.90.218', port=80): Failed to establish a new connection: [WinError 10065] A socket operation was attempted to an unreachable host")': /api/exec
2026-06-05 10:07:38 [WARNING] APIDbManager: Transient network error, retrying in 1.6s: HTTPConnectionPool(host='222.127.90.218', port=80): Max retries exceeded with url: /api/exec (Caused by NewConnectionError("HTTPConnection(host='222.127.90.218', port=80): Failed to establish a new connection: [WinError 10065] A socket operation was attempted to an unreachable host"))
2026-06-05 10:07:39 [WARNING] urllib3.connectionpool: Retrying (Retry(total=0, connect=0, read=1, redirect=None, status=None)) after connection broken by 'NewConnectionError("HTTPConnection(host='222.127.90.218', port=80): Failed to establish a new connection: [WinError 10065] A socket operation was attempted to an unreachable host")': /api/exec
2026-06-05 10:07:39 [ERROR] APIDbManager: execute_query network error: HTTPConnectionPool(host='222.127.90.218', port=80): Max retries exceeded with url: /api/exec (Caused by NewConnectionError("HTTPConnection(host='222.127.90.218', port=80): Failed to establish a new connection: [WinError 10065] A socket operation was attempted to an unreachable host"))
2026-06-05 10:07:39 [WARNING] urllib3.connectionpool: Retrying (Retry(total=0, connect=0, read=1, redirect=None, status=None)) after connection broken by 'NewConnectionError("HTTPConnection(host='222.127.90.218', port=80): Failed to establish a new connection: [WinError 10065] A socket operation was attempted to an unreachable host")': /api/exec
2026-06-05 10:07:39 [WARNING] APIDbManager: Transient network error, retrying in 0.8s: HTTPConnectionPool(host='222.127.90.218', port=80): Max retries exceeded with url: /api/exec (Caused by NewConnectionError("HTTPConnection(host='222.127.90.218', port=80): Failed to establish a new connection: [WinError 10065] A socket operation was attempted to an unreachable host"))
2026-06-05 10:07:40 [WARNING] urllib3.connectionpool: Retrying (Retry(total=0, connect=0, read=1, redirect=None, status=None)) after connection broken by 'NewConnectionError("HTTPConnection(host='222.127.90.218', port=80): Failed to establish a new connection: [WinError 10065] A socket operation was attempted to an unreachable host")': /api/exec
2026-06-05 10:07:40 [WARNING] APIDbManager: Transient network error, retrying in 1.6s: HTTPConnectionPool(host='222.127.90.218', port=80): Max retries exceeded with url: /api/exec (Caused by NewConnectionError("HTTPConnection(host='222.127.90.218', port=80): Failed to establish a new connection: [WinError 10065] A socket operation was attempted to an unreachable host"))
2026-06-05 10:07:42 [WARNING] urllib3.connectionpool: Retrying (Retry(total=0, connect=0, read=1, redirect=None, status=None)) after connection broken by 'NewConnectionError("HTTPConnection(host='222.127.90.218', port=80): Failed to establish a new connection: [WinError 10065] A socket operation was attempted to an unreachable host")': /api/exec
2026-06-05 10:07:42 [ERROR] APIDbManager: execute_query network error: HTTPConnectionPool(host='222.127.90.218', port=80): Max retries exceeded with url: /api/exec (Caused by NewConnectionError("HTTPConnection(host='222.127.90.218', port=80): Failed to establish a new connection: [WinError 10065] A socket operation was attempted to an unreachable host"))
2026-06-05 10:07:46 [WARNING] urllib3.connectionpool: Retrying (Retry(total=0, connect=0, read=1, redirect=None, status=None)) after connection broken by 'NewConnectionError("HTTPConnection(host='222.127.90.218', port=80): Failed to establish a new connection: [WinError 10065] A socket operation was attempted to an unreachable host")': /api/exec
2026-06-05 10:07:46 [WARNING] APIDbManager: Transient network error, retrying in 0.8s: HTTPConnectionPool(host='222.127.90.218', port=80): Max retries exceeded with url: /api/exec (Caused by NewConnectionError("HTTPConnection(host='222.127.90.218', port=80): Failed to establish a new connection: [WinError 10065] A socket operation was attempted to an unreachable host"))
2026-06-05 10:07:47 [WARNING] urllib3.connectionpool: Retrying (Retry(total=0, connect=0, read=1, redirect=None, status=None)) after connection broken by 'NewConnectionError("HTTPConnection(host='222.127.90.218', port=80): Failed to establish a new connection: [WinError 10065] A socket operation was attempted to an unreachable host")': /api/exec
2026-06-05 10:07:47 [WARNING] APIDbManager: Transient network error, retrying in 1.6s: HTTPConnectionPool(host='222.127.90.218', port=80): Max retries exceeded with url: /api/exec (Caused by NewConnectionError("HTTPConnection(host='222.127.90.218', port=80): Failed to establish a new connection: [WinError 10065] A socket operation was attempted to an unreachable host"))
2026-06-05 10:07:48 [WARNING] urllib3.connectionpool: Retrying (Retry(total=0, connect=0, read=1, redirect=None, status=None)) after connection broken by 'NewConnectionError("HTTPConnection(host='222.127.90.218', port=80): Failed to establish a new connection: [WinError 10065] A socket operation was attempted to an unreachable host")': /api/exec
2026-06-05 10:07:48 [ERROR] APIDbManager: execute_query network error: HTTPConnectionPool(host='222.127.90.218', port=80): Max retries exceeded with url: /api/exec (Caused by NewConnectionError("HTTPConnection(host='222.127.90.218', port=80): Failed to establish a new connection: [WinError 10065] A socket operation was attempted to an unreachable host"))
2026-06-05 10:07:48 [WARNING] urllib3.connectionpool: Retrying (Retry(total=0, connect=0, read=1, redirect=None, status=None)) after connection broken by 'NewConnectionError("HTTPConnection(host='222.127.90.218', port=80): Failed to establish a new connection: [WinError 10065] A socket operation was attempted to an unreachable host")': /api/exec
2026-06-05 10:07:48 [WARNING] APIDbManager: Transient network error, retrying in 0.8s: HTTPConnectionPool(host='222.127.90.218', port=80): Max retries exceeded with url: /api/exec (Caused by NewConnectionError("HTTPConnection(host='222.127.90.218', port=80): Failed to establish a new connection: [WinError 10065] A socket operation was attempted to an unreachable host"))
2026-06-05 10:07:49 [WARNING] urllib3.connectionpool: Retrying (Retry(total=0, connect=0, read=1, redirect=None, status=None)) after connection broken by 'NewConnectionError("HTTPConnection(host='222.127.90.218', port=80): Failed to establish a new connection: [WinError 10065] A socket operation was attempted to an unreachable host")': /api/exec
2026-06-05 10:07:49 [WARNING] APIDbManager: Transient network error, retrying in 1.6s: HTTPConnectionPool(host='222.127.90.218', port=80): Max retries exceeded with url: /api/exec (Caused by NewConnectionError("HTTPConnection(host='222.127.90.218', port=80): Failed to establish a new connection: [WinError 10065] A socket operation was attempted to an unreachable host"))
2026-06-05 10:07:51 [WARNING] urllib3.connectionpool: Retrying (Retry(total=0, connect=0, read=1, redirect=None, status=None)) after connection broken by 'NewConnectionError("HTTPConnection(host='222.127.90.218', port=80): Failed to establish a new connection: [WinError 10065] A socket operation was attempted to an unreachable host")': /api/exec
2026-06-05 10:07:51 [ERROR] APIDbManager: execute_query network error: HTTPConnectionPool(host='222.127.90.218', port=80): Max retries exceeded with url: /api/exec (Caused by NewConnectionError("HTTPConnection(host='222.127.90.218', port=80): Failed to establish a new connection: [WinError 10065] A socket operation was attempted to an unreachable host"))
2026-06-05 10:07:51 [WARNING] urllib3.connectionpool: Retrying (Retry(total=0, connect=0, read=1, redirect=None, status=None)) after connection broken by 'NewConnectionError("HTTPConnection(host='222.127.90.218', port=80): Failed to establish a new connection: [WinError 10065] A socket operation was attempted to an unreachable host")': /api/exec
2026-06-05 10:07:51 [WARNING] APIDbManager: Transient network error, retrying in 0.8s: HTTPConnectionPool(host='222.127.90.218', port=80): Max retries exceeded with url: /api/exec (Caused by NewConnectionError("HTTPConnection(host='222.127.90.218', port=80): Failed to establish a new connection: [WinError 10065] A socket operation was attempted to an unreachable host"))
2026-06-05 10:07:52 [WARNING] urllib3.connectionpool: Retrying (Retry(total=0, connect=0, read=1, redirect=None, status=None)) after connection broken by 'NewConnectionError("HTTPConnection(host='222.127.90.218', port=80): Failed to establish a new connection: [WinError 10065] A socket operation was attempted to an unreachable host")': /api/exec
2026-06-05 10:07:52 [WARNING] APIDbManager: Transient network error, retrying in 1.6s: HTTPConnectionPool(host='222.127.90.218', port=80): Max retries exceeded with url: /api/exec (Caused by NewConnectionError("HTTPConnection(host='222.127.90.218', port=80): Failed to establish a new connection: [WinError 10065] A socket operation was attempted to an unreachable host"))
2026-06-05 10:07:53 [WARNING] urllib3.connectionpool: Retrying (Retry(total=0, connect=0, read=1, redirect=None, status=None)) after connection broken by 'NewConnectionError("HTTPConnection(host='222.127.90.218', port=80): Failed to establish a new connection: [WinError 10065] A socket operation was attempted to an unreachable host")': /api/exec
2026-06-05 10:07:53 [ERROR] APIDbManager: execute_query network error: HTTPConnectionPool(host='222.127.90.218', port=80): Max retries exceeded with url: /api/exec (Caused by NewConnectionError("HTTPConnection(host='222.127.90.218', port=80): Failed to establish a new connection: [WinError 10065] A socket operation was attempted to an unreachable host"))
2026-06-05 10:07:53 [WARNING] urllib3.connectionpool: Retrying (Retry(total=0, connect=0, read=1, redirect=None, status=None)) after connection broken by 'NewConnectionError("HTTPConnection(host='222.127.90.218', port=80): Failed to establish a new connection: [WinError 10065] A socket operation was attempted to an unreachable host")': /api/exec
2026-06-05 10:07:53 [WARNING] APIDbManager: Transient network error, retrying in 0.8s: HTTPConnectionPool(host='222.127.90.218', port=80): Max retries exceeded with url: /api/exec (Caused by NewConnectionError("HTTPConnection(host='222.127.90.218', port=80): Failed to establish a new connection: [WinError 10065] A socket operation was attempted to an unreachable host"))
2026-06-05 10:07:54 [WARNING] urllib3.connectionpool: Retrying (Retry(total=0, connect=0, read=1, redirect=None, status=None)) after connection broken by 'NewConnectionError("HTTPConnection(host='222.127.90.218', port=80): Failed to establish a new connection: [WinError 10065] A socket operation was attempted to an unreachable host")': /api/exec
2026-06-05 10:07:54 [WARNING] APIDbManager: Transient network error, retrying in 1.6s: HTTPConnectionPool(host='222.127.90.218', port=80): Max retries exceeded with url: /api/exec (Caused by NewConnectionError("HTTPConnection(host='222.127.90.218', port=80): Failed to establish a new connection: [WinError 10065] A socket operation was attempted to an unreachable host"))
2026-06-05 10:07:56 [WARNING] urllib3.connectionpool: Retrying (Retry(total=0, connect=0, read=1, redirect=None, status=None)) after connection broken by 'NewConnectionError("HTTPConnection(host='222.127.90.218', port=80): Failed to establish a new connection: [WinError 10065] A socket operation was attempted to an unreachable host")': /api/exec
2026-06-05 10:07:56 [ERROR] APIDbManager: execute_query network error: HTTPConnectionPool(host='222.127.90.218', port=80): Max retries exceeded with url: /api/exec (Caused by NewConnectionError("HTTPConnection(host='222.127.90.218', port=80): Failed to establish a new connection: [WinError 10065] A socket operation was attempted to an unreachable host"))
2026-06-05 10:07:56 [WARNING] urllib3.connectionpool: Retrying (Retry(total=0, connect=0, read=1, redirect=None, status=None)) after connection broken by 'NewConnectionError("HTTPConnection(host='222.127.90.218', port=80): Failed to establish a new connection: [WinError 10065] A socket operation was attempted to an unreachable host")': /api/exec
2026-06-05 10:07:56 [WARNING] APIDbManager: Transient network error, retrying in 0.8s: HTTPConnectionPool(host='222.127.90.218', port=80): Max retries exceeded with url: /api/exec (Caused by NewConnectionError("HTTPConnection(host='222.127.90.218', port=80): Failed to establish a new connection: [WinError 10065] A socket operation was attempted to an unreachable host"))
2026-06-05 10:07:57 [WARNING] urllib3.connectionpool: Retrying (Retry(total=0, connect=0, read=1, redirect=None, status=None)) after connection broken by 'NewConnectionError("HTTPConnection(host='222.127.90.218', port=80): Failed to establish a new connection: [WinError 10065] A socket operation was attempted to an unreachable host")': /api/exec
2026-06-05 10:07:57 [WARNING] APIDbManager: Transient network error, retrying in 1.6s: HTTPConnectionPool(host='222.127.90.218', port=80): Max retries exceeded with url: /api/exec (Caused by NewConnectionError("HTTPConnection(host='222.127.90.218', port=80): Failed to establish a new connection: [WinError 10065] A socket operation was attempted to an unreachable host"))
2026-06-05 10:07:58 [WARNING] urllib3.connectionpool: Retrying (Retry(total=0, connect=0, read=1, redirect=None, status=None)) after connection broken by 'NewConnectionError("HTTPConnection(host='222.127.90.218', port=80): Failed to establish a new connection: [WinError 10065] A socket operation was attempted to an unreachable host")': /api/exec
2026-06-05 10:07:58 [ERROR] APIDbManager: execute_query network error: HTTPConnectionPool(host='222.127.90.218', port=80): Max retries exceeded with url: /api/exec (Caused by NewConnectionError("HTTPConnection(host='222.127.90.218', port=80): Failed to establish a new connection: [WinError 10065] A socket operation was attempted to an unreachable host"))
2026-06-05 10:07:58 [WARNING] urllib3.connectionpool: Retrying (Retry(total=0, connect=0, read=1, redirect=None, status=None)) after connection broken by 'NewConnectionError("HTTPConnection(host='222.127.90.218', port=80): Failed to establish a new connection: [WinError 10065] A socket operation was attempted to an unreachable host")': /api/exec
2026-06-05 10:07:58 [WARNING] APIDbManager: Transient network error, retrying in 0.8s: HTTPConnectionPool(host='222.127.90.218', port=80): Max retries exceeded with url: /api/exec (Caused by NewConnectionError("HTTPConnection(host='222.127.90.218', port=80): Failed to establish a new connection: [WinError 10065] A socket operation was attempted to an unreachable host"))
2026-06-05 10:07:59 [WARNING] urllib3.connectionpool: Retrying (Retry(total=0, connect=0, read=1, redirect=None, status=None)) after connection broken by 'NewConnectionError("HTTPConnection(host='222.127.90.218', port=80): Failed to establish a new connection: [WinError 10065] A socket operation was attempted to an unreachable host")': /api/exec
2026-06-05 10:07:59 [WARNING] APIDbManager: Transient network error, retrying in 1.6s: HTTPConnectionPool(host='222.127.90.218', port=80): Max retries exceeded with url: /api/exec (Caused by NewConnectionError("HTTPConnection(host='222.127.90.218', port=80): Failed to establish a new connection: [WinError 10065] A socket operation was attempted to an unreachable host"))
2026-06-05 10:08:01 [WARNING] urllib3.connectionpool: Retrying (Retry(total=0, connect=0, read=1, redirect=None, status=None)) after connection broken by 'NewConnectionError("HTTPConnection(host='222.127.90.218', port=80): Failed to establish a new connection: [WinError 10065] A socket operation was attempted to an unreachable host")': /api/exec
2026-06-05 10:08:01 [ERROR] APIDbManager: execute_query network error: HTTPConnectionPool(host='222.127.90.218', port=80): Max retries exceeded with url: /api/exec (Caused by NewConnectionError("HTTPConnection(host='222.127.90.218', port=80): Failed to establish a new connection: [WinError 10065] A socket operation was attempted to an unreachable host"))
2026-06-05 10:08:01 [WARNING] urllib3.connectionpool: Retrying (Retry(total=0, connect=0, read=1, redirect=None, status=None)) after connection broken by 'NewConnectionError("HTTPConnection(host='222.127.90.218', port=80): Failed to establish a new connection: [WinError 10065] A socket operation was attempted to an unreachable host")': /api/exec
2026-06-05 10:08:01 [WARNING] APIDbManager: Transient network error, retrying in 0.8s: HTTPConnectionPool(host='222.127.90.218', port=80): Max retries exceeded with url: /api/exec (Caused by NewConnectionError("HTTPConnection(host='222.127.90.218', port=80): Failed to establish a new connection: [WinError 10065] A socket operation was attempted to an unreachable host"))
2026-06-05 10:08:02 [WARNING] urllib3.connectionpool: Retrying (Retry(total=0, connect=0, read=1, redirect=None, status=None)) after connection broken by 'NewConnectionError("HTTPConnection(host='222.127.90.218', port=80): Failed to establish a new connection: [WinError 10065] A socket operation was attempted to an unreachable host")': /api/exec
2026-06-05 10:08:02 [WARNING] APIDbManager: Transient network error, retrying in 1.6s: HTTPConnectionPool(host='222.127.90.218', port=80): Max retries exceeded with url: /api/exec (Caused by NewConnectionError("HTTPConnection(host='222.127.90.218', port=80): Failed to establish a new connection: [WinError 10065] A socket operation was attempted to an unreachable host"))
2026-06-05 10:08:03 [WARNING] urllib3.connectionpool: Retrying (Retry(total=0, connect=0, read=1, redirect=None, status=None)) after connection broken by 'NewConnectionError("HTTPConnection(host='222.127.90.218', port=80): Failed to establish a new connection: [WinError 10065] A socket operation was attempted to an unreachable host")': /api/exec
2026-06-05 10:08:03 [ERROR] APIDbManager: execute_query network error: HTTPConnectionPool(host='222.127.90.218', port=80): Max retries exceeded with url: /api/exec (Caused by NewConnectionError("HTTPConnection(host='222.127.90.218', port=80): Failed to establish a new connection: [WinError 10065] A socket operation was attempted to an unreachable host"))
2026-06-05 10:08:03 [WARNING] urllib3.connectionpool: Retrying (Retry(total=0, connect=0, read=1, redirect=None, status=None)) after connection broken by 'NewConnectionError("HTTPConnection(host='222.127.90.218', port=80): Failed to establish a new connection: [WinError 10065] A socket operation was attempted to an unreachable host")': /api/exec
2026-06-05 10:08:03 [WARNING] APIDbManager: Transient network error, retrying in 0.8s: HTTPConnectionPool(host='222.127.90.218', port=80): Max retries exceeded with url: /api/exec (Caused by NewConnectionError("HTTPConnection(host='222.127.90.218', port=80): Failed to establish a new connection: [WinError 10065] A socket operation was attempted to an unreachable host"))
2026-06-05 10:08:04 [WARNING] urllib3.connectionpool: Retrying (Retry(total=0, connect=0, read=1, redirect=None, status=None)) after connection broken by 'NewConnectionError("HTTPConnection(host='222.127.90.218', port=80): Failed to establish a new connection: [WinError 10065] A socket operation was attempted to an unreachable host")': /api/exec
2026-06-05 10:08:04 [WARNING] APIDbManager: Transient network error, retrying in 1.6s: HTTPConnectionPool(host='222.127.90.218', port=80): Max retries exceeded with url: /api/exec (Caused by NewConnectionError("HTTPConnection(host='222.127.90.218', port=80): Failed to establish a new connection: [WinError 10065] A socket operation was attempted to an unreachable host"))
2026-06-05 10:08:06 [WARNING] urllib3.connectionpool: Retrying (Retry(total=0, connect=0, read=1, redirect=None, status=None)) after connection broken by 'NewConnectionError("HTTPConnection(host='222.127.90.218', port=80): Failed to establish a new connection: [WinError 10065] A socket operation was attempted to an unreachable host")': /api/exec
2026-06-05 10:08:06 [ERROR] APIDbManager: execute_query network error: HTTPConnectionPool(host='222.127.90.218', port=80): Max retries exceeded with url: /api/exec (Caused by NewConnectionError("HTTPConnection(host='222.127.90.218', port=80): Failed to establish a new connection: [WinError 10065] A socket operation was attempted to an unreachable host"))
2026-06-05 10:08:06 [WARNING] urllib3.connectionpool: Retrying (Retry(total=0, connect=0, read=1, redirect=None, status=None)) after connection broken by 'NewConnectionError("HTTPConnection(host='222.127.90.218', port=80): Failed to establish a new connection: [WinError 10065] A socket operation was attempted to an unreachable host")': /api/exec
2026-06-05 10:08:06 [WARNING] APIDbManager: Transient network error, retrying in 0.8s: HTTPConnectionPool(host='222.127.90.218', port=80): Max retries exceeded with url: /api/exec (Caused by NewConnectionError("HTTPConnection(host='222.127.90.218', port=80): Failed to establish a new connection: [WinError 10065] A socket operation was attempted to an unreachable host"))
2026-06-05 10:08:07 [WARNING] urllib3.connectionpool: Retrying (Retry(total=0, connect=0, read=1, redirect=None, status=None)) after connection broken by 'NewConnectionError("HTTPConnection(host='222.127.90.218', port=80): Failed to establish a new connection: [WinError 10065] A socket operation was attempted to an unreachable host")': /api/exec
2026-06-05 10:08:07 [WARNING] APIDbManager: Transient network error, retrying in 1.6s: HTTPConnectionPool(host='222.127.90.218', port=80): Max retries exceeded with url: /api/exec (Caused by NewConnectionError("HTTPConnection(host='222.127.90.218', port=80): Failed to establish a new connection: [WinError 10065] A socket operation was attempted to an unreachable host"))
2026-06-05 10:08:08 [WARNING] urllib3.connectionpool: Retrying (Retry(total=0, connect=0, read=1, redirect=None, status=None)) after connection broken by 'NewConnectionError("HTTPConnection(host='222.127.90.218', port=80): Failed to establish a new connection: [WinError 10065] A socket operation was attempted to an unreachable host")': /api/exec
2026-06-05 10:08:08 [ERROR] APIDbManager: execute_query network error: HTTPConnectionPool(host='222.127.90.218', port=80): Max retries exceeded with url: /api/exec (Caused by NewConnectionError("HTTPConnection(host='222.127.90.218', port=80): Failed to establish a new connection: [WinError 10065] A socket operation was attempted to an unreachable host"))
2026-06-05 10:08:08 [WARNING] urllib3.connectionpool: Retrying (Retry(total=0, connect=0, read=1, redirect=None, status=None)) after connection broken by 'NewConnectionError("HTTPConnection(host='222.127.90.218', port=80): Failed to establish a new connection: [WinError 10065] A socket operation was attempted to an unreachable host")': /api/exec
2026-06-05 10:08:08 [WARNING] APIDbManager: Transient network error, retrying in 0.8s: HTTPConnectionPool(host='222.127.90.218', port=80): Max retries exceeded with url: /api/exec (Caused by NewConnectionError("HTTPConnection(host='222.127.90.218', port=80): Failed to establish a new connection: [WinError 10065] A socket operation was attempted to an unreachable host"))
2026-06-05 10:08:09 [WARNING] urllib3.connectionpool: Retrying (Retry(total=0, connect=0, read=1, redirect=None, status=None)) after connection broken by 'NewConnectionError("HTTPConnection(host='222.127.90.218', port=80): Failed to establish a new connection: [WinError 10065] A socket operation was attempted to an unreachable host")': /api/exec
2026-06-05 10:08:09 [WARNING] APIDbManager: Transient network error, retrying in 1.6s: HTTPConnectionPool(host='222.127.90.218', port=80): Max retries exceeded with url: /api/exec (Caused by NewConnectionError("HTTPConnection(host='222.127.90.218', port=80): Failed to establish a new connection: [WinError 10065] A socket operation was attempted to an unreachable host"))
2026-06-05 10:08:11 [WARNING] urllib3.connectionpool: Retrying (Retry(total=0, connect=0, read=1, redirect=None, status=None)) after connection broken by 'NewConnectionError("HTTPConnection(host='222.127.90.218', port=80): Failed to establish a new connection: [WinError 10065] A socket operation was attempted to an unreachable host")': /api/exec
2026-06-05 10:08:11 [ERROR] APIDbManager: execute_query network error: HTTPConnectionPool(host='222.127.90.218', port=80): Max retries exceeded with url: /api/exec (Caused by NewConnectionError("HTTPConnection(host='222.127.90.218', port=80): Failed to establish a new connection: [WinError 10065] A socket operation was attempted to an unreachable host"))
2026-06-05 10:08:11 [WARNING] urllib3.connectionpool: Retrying (Retry(total=0, connect=0, read=1, redirect=None, status=None)) after connection broken by 'NewConnectionError("HTTPConnection(host='222.127.90.218', port=80): Failed to establish a new connection: [WinError 10065] A socket operation was attempted to an unreachable host")': /api/exec
2026-06-05 10:08:11 [WARNING] APIDbManager: Transient network error, retrying in 0.8s: HTTPConnectionPool(host='222.127.90.218', port=80): Max retries exceeded with url: /api/exec (Caused by NewConnectionError("HTTPConnection(host='222.127.90.218', port=80): Failed to establish a new connection: [WinError 10065] A socket operation was attempted to an unreachable host"))
2026-06-05 10:08:12 [WARNING] urllib3.connectionpool: Retrying (Retry(total=0, connect=0, read=1, redirect=None, status=None)) after connection broken by 'NewConnectionError("HTTPConnection(host='222.127.90.218', port=80): Failed to establish a new connection: [WinError 10065] A socket operation was attempted to an unreachable host")': /api/exec
2026-06-05 10:08:12 [WARNING] APIDbManager: Transient network error, retrying in 1.6s: HTTPConnectionPool(host='222.127.90.218', port=80): Max retries exceeded with url: /api/exec (Caused by NewConnectionError("HTTPConnection(host='222.127.90.218', port=80): Failed to establish a new connection: [WinError 10065] A socket operation was attempted to an unreachable host"))
2026-06-05 10:08:13 [WARNING] urllib3.connectionpool: Retrying (Retry(total=0, connect=0, read=1, redirect=None, status=None)) after connection broken by 'NewConnectionError("HTTPConnection(host='222.127.90.218', port=80): Failed to establish a new connection: [WinError 10065] A socket operation was attempted to an unreachable host")': /api/exec
2026-06-05 10:08:13 [ERROR] APIDbManager: execute_query network error: HTTPConnectionPool(host='222.127.90.218', port=80): Max retries exceeded with url: /api/exec (Caused by NewConnectionError("HTTPConnection(host='222.127.90.218', port=80): Failed to establish a new connection: [WinError 10065] A socket operation was attempted to an unreachable host"))
2026-06-05 10:08:13 [WARNING] urllib3.connectionpool: Retrying (Retry(total=0, connect=0, read=1, redirect=None, status=None)) after connection broken by 'NewConnectionError("HTTPConnection(host='222.127.90.218', port=80): Failed to establish a new connection: [WinError 10065] A socket operation was attempted to an unreachable host")': /api/exec
2026-06-05 10:08:13 [WARNING] APIDbManager: Transient network error, retrying in 0.8s: HTTPConnectionPool(host='222.127.90.218', port=80): Max retries exceeded with url: /api/exec (Caused by NewConnectionError("HTTPConnection(host='222.127.90.218', port=80): Failed to establish a new connection: [WinError 10065] A socket operation was attempted to an unreachable host"))
2026-06-05 10:08:14 [WARNING] urllib3.connectionpool: Retrying (Retry(total=0, connect=0, read=1, redirect=None, status=None)) after connection broken by 'NewConnectionError("HTTPConnection(host='222.127.90.218', port=80): Failed to establish a new connection: [WinError 10065] A socket operation was attempted to an unreachable host")': /api/exec
2026-06-05 10:08:14 [WARNING] APIDbManager: Transient network error, retrying in 1.6s: HTTPConnectionPool(host='222.127.90.218', port=80): Max retries exceeded with url: /api/exec (Caused by NewConnectionError("HTTPConnection(host='222.127.90.218', port=80): Failed to establish a new connection: [WinError 10065] A socket operation was attempted to an unreachable host"))
2026-06-05 10:08:16 [WARNING] urllib3.connectionpool: Retrying (Retry(total=0, connect=0, read=1, redirect=None, status=None)) after connection broken by 'NewConnectionError("HTTPConnection(host='222.127.90.218', port=80): Failed to establish a new connection: [WinError 10065] A socket operation was attempted to an unreachable host")': /api/exec
2026-06-05 10:08:16 [ERROR] APIDbManager: execute_query network error: HTTPConnectionPool(host='222.127.90.218', port=80): Max retries exceeded with url: /api/exec (Caused by NewConnectionError("HTTPConnection(host='222.127.90.218', port=80): Failed to establish a new connection: [WinError 10065] A socket operation was attempted to an unreachable host"))
2026-06-05 10:08:16 [WARNING] urllib3.connectionpool: Retrying (Retry(total=0, connect=0, read=1, redirect=None, status=None)) after connection broken by 'NewConnectionError("HTTPConnection(host='222.127.90.218', port=80): Failed to establish a new connection: [WinError 10065] A socket operation was attempted to an unreachable host")': /api/exec
2026-06-05 10:08:16 [WARNING] APIDbManager: Transient network error, retrying in 0.8s: HTTPConnectionPool(host='222.127.90.218', port=80): Max retries exceeded with url: /api/exec (Caused by NewConnectionError("HTTPConnection(host='222.127.90.218', port=80): Failed to establish a new connection: [WinError 10065] A socket operation was attempted to an unreachable host"))
2026-06-05 10:08:17 [WARNING] urllib3.connectionpool: Retrying (Retry(total=0, connect=0, read=1, redirect=None, status=None)) after connection broken by 'NewConnectionError("HTTPConnection(host='222.127.90.218', port=80): Failed to establish a new connection: [WinError 10065] A socket operation was attempted to an unreachable host")': /api/exec
2026-06-05 10:08:17 [WARNING] APIDbManager: Transient network error, retrying in 1.6s: HTTPConnectionPool(host='222.127.90.218', port=80): Max retries exceeded with url: /api/exec (Caused by NewConnectionError("HTTPConnection(host='222.127.90.218', port=80): Failed to establish a new connection: [WinError 10065] A socket operation was attempted to an unreachable host"))
2026-06-05 10:08:18 [WARNING] urllib3.connectionpool: Retrying (Retry(total=0, connect=0, read=1, redirect=None, status=None)) after connection broken by 'NewConnectionError("HTTPConnection(host='222.127.90.218', port=80): Failed to establish a new connection: [WinError 10065] A socket operation was attempted to an unreachable host")': /api/exec
2026-06-05 10:08:18 [ERROR] APIDbManager: execute_query network error: HTTPConnectionPool(host='222.127.90.218', port=80): Max retries exceeded with url: /api/exec (Caused by NewConnectionError("HTTPConnection(host='222.127.90.218', port=80): Failed to establish a new connection: [WinError 10065] A socket operation was attempted to an unreachable host"))
2026-06-05 10:08:18 [WARNING] urllib3.connectionpool: Retrying (Retry(total=0, connect=0, read=1, redirect=None, status=None)) after connection broken by 'NewConnectionError("HTTPConnection(host='222.127.90.218', port=80): Failed to establish a new connection: [WinError 10065] A socket operation was attempted to an unreachable host")': /api/exec
2026-06-05 10:08:18 [WARNING] APIDbManager: Transient network error, retrying in 0.8s: HTTPConnectionPool(host='222.127.90.218', port=80): Max retries exceeded with url: /api/exec (Caused by NewConnectionError("HTTPConnection(host='222.127.90.218', port=80): Failed to establish a new connection: [WinError 10065] A socket operation was attempted to an unreachable host"))
2026-06-05 10:08:19 [WARNING] urllib3.connectionpool: Retrying (Retry(total=0, connect=0, read=1, redirect=None, status=None)) after connection broken by 'NewConnectionError("HTTPConnection(host='222.127.90.218', port=80): Failed to establish a new connection: [WinError 10065] A socket operation was attempted to an unreachable host")': /api/exec
2026-06-05 10:08:19 [WARNING] APIDbManager: Transient network error, retrying in 1.6s: HTTPConnectionPool(host='222.127.90.218', port=80): Max retries exceeded with url: /api/exec (Caused by NewConnectionError("HTTPConnection(host='222.127.90.218', port=80): Failed to establish a new connection: [WinError 10065] A socket operation was attempted to an unreachable host"))
2026-06-05 10:08:21 [WARNING] urllib3.connectionpool: Retrying (Retry(total=0, connect=0, read=1, redirect=None, status=None)) after connection broken by 'NewConnectionError("HTTPConnection(host='222.127.90.218', port=80): Failed to establish a new connection: [WinError 10065] A socket operation was attempted to an unreachable host")': /api/exec
2026-06-05 10:08:21 [ERROR] APIDbManager: execute_query network error: HTTPConnectionPool(host='222.127.90.218', port=80): Max retries exceeded with url: /api/exec (Caused by NewConnectionError("HTTPConnection(host='222.127.90.218', port=80): Failed to establish a new connection: [WinError 10065] A socket operation was attempted to an unreachable host"))
2026-06-05 10:08:21 [WARNING] urllib3.connectionpool: Retrying (Retry(total=0, connect=0, read=1, redirect=None, status=None)) after connection broken by 'NewConnectionError("HTTPConnection(host='222.127.90.218', port=80): Failed to establish a new connection: [WinError 10065] A socket operation was attempted to an unreachable host")': /api/exec
2026-06-05 10:08:21 [WARNING] APIDbManager: Transient network error, retrying in 0.8s: HTTPConnectionPool(host='222.127.90.218', port=80): Max retries exceeded with url: /api/exec (Caused by NewConnectionError("HTTPConnection(host='222.127.90.218', port=80): Failed to establish a new connection: [WinError 10065] A socket operation was attempted to an unreachable host"))
2026-06-05 10:08:23 [INFO] connection_watcher: ConnectionWatcher: connection restored
2026-06-05 10:11:27 [INFO] RemoteDatabaseManager: API mode enabled — connecting via http://222.127.90.218
2026-06-05 10:11:30 [INFO] AutoUpdater: Silent updater: Checking for updates...
2026-06-05 10:11:30 [INFO] AutoUpdater: Silent update status: Checking for updates...
2026-06-05 10:11:30 [INFO] AutoUpdater: Silent updater: Already on latest version (1.0.0)
2026-06-05 10:11:30 [INFO] AutoUpdater: Silent update status: Already up to date
2026-06-05 10:11:31 [INFO] ping_monitor: PingMonitor started for CL-0381 (user)
2026-06-05 10:11:31 [INFO] APIDbManager: API token obtained from http://222.127.90.218
2026-06-05 10:11:31 [INFO] APIDbManager: API token obtained from http://222.127.90.218
2026-06-05 10:11:39 [WARNING] connection_watcher: ConnectionWatcher: connection lost
2026-06-05 10:11:47 [WARNING] urllib3.connectionpool: Retrying (Retry(total=0, connect=1, read=0, redirect=None, status=None)) after connection broken by 'ReadTimeoutError("HTTPConnectionPool(host='222.127.90.218', port=80): Read timed out. (read timeout=6)")': /api/exec
2026-06-05 10:11:47 [WARNING] APIDbManager: Transient network error, retrying in 0.8s: HTTPConnectionPool(host='222.127.90.218', port=80): Max retries exceeded with url: /api/exec (Caused by NewConnectionError("HTTPConnection(host='222.127.90.218', port=80): Failed to establish a new connection: [WinError 10065] A socket operation was attempted to an unreachable host"))
2026-06-05 10:11:48 [WARNING] urllib3.connectionpool: Retrying (Retry(total=0, connect=0, read=1, redirect=None, status=None)) after connection broken by 'NewConnectionError("HTTPConnection(host='222.127.90.218', port=80): Failed to establish a new connection: [WinError 10065] A socket operation was attempted to an unreachable host")': /api/exec
2026-06-05 10:11:48 [WARNING] APIDbManager: Transient network error, retrying in 1.6s: HTTPConnectionPool(host='222.127.90.218', port=80): Max retries exceeded with url: /api/exec (Caused by NewConnectionError("HTTPConnection(host='222.127.90.218', port=80): Failed to establish a new connection: [WinError 10065] A socket operation was attempted to an unreachable host"))
2026-06-05 10:11:50 [WARNING] urllib3.connectionpool: Retrying (Retry(total=0, connect=0, read=1, redirect=None, status=None)) after connection broken by 'NewConnectionError("HTTPConnection(host='222.127.90.218', port=80): Failed to establish a new connection: [WinError 10065] A socket operation was attempted to an unreachable host")': /api/exec
2026-06-05 10:11:50 [ERROR] APIDbManager: execute_query network error: HTTPConnectionPool(host='222.127.90.218', port=80): Max retries exceeded with url: /api/exec (Caused by NewConnectionError("HTTPConnection(host='222.127.90.218', port=80): Failed to establish a new connection: [WinError 10065] A socket operation was attempted to an unreachable host"))
2026-06-05 10:11:50 [WARNING] urllib3.connectionpool: Retrying (Retry(total=0, connect=0, read=1, redirect=None, status=None)) after connection broken by 'NewConnectionError("HTTPConnection(host='222.127.90.218', port=80): Failed to establish a new connection: [WinError 10065] A socket operation was attempted to an unreachable host")': /api/exec
2026-06-05 10:11:50 [WARNING] APIDbManager: Transient network error, retrying in 0.8s: HTTPConnectionPool(host='222.127.90.218', port=80): Max retries exceeded with url: /api/exec (Caused by NewConnectionError("HTTPConnection(host='222.127.90.218', port=80): Failed to establish a new connection: [WinError 10065] A socket operation was attempted to an unreachable host"))
2026-06-05 10:11:51 [WARNING] urllib3.connectionpool: Retrying (Retry(total=0, connect=0, read=1, redirect=None, status=None)) after connection broken by 'NewConnectionError("HTTPConnection(host='222.127.90.218', port=80): Failed to establish a new connection: [WinError 10065] A socket operation was attempted to an unreachable host")': /api/exec
2026-06-05 10:11:51 [WARNING] APIDbManager: Transient network error, retrying in 1.6s: HTTPConnectionPool(host='222.127.90.218', port=80): Max retries exceeded with url: /api/exec (Caused by NewConnectionError("HTTPConnection(host='222.127.90.218', port=80): Failed to establish a new connection: [WinError 10065] A socket operation was attempted to an unreachable host"))
2026-06-05 10:11:52 [WARNING] urllib3.connectionpool: Retrying (Retry(total=0, connect=0, read=1, redirect=None, status=None)) after connection broken by 'NewConnectionError("HTTPConnection(host='222.127.90.218', port=80): Failed to establish a new connection: [WinError 10065] A socket operation was attempted to an unreachable host")': /api/exec
2026-06-05 10:11:52 [ERROR] APIDbManager: execute_query network error: HTTPConnectionPool(host='222.127.90.218', port=80): Max retries exceeded with url: /api/exec (Caused by NewConnectionError("HTTPConnection(host='222.127.90.218', port=80): Failed to establish a new connection: [WinError 10065] A socket operation was attempted to an unreachable host"))
2026-06-05 10:11:56 [WARNING] urllib3.connectionpool: Retrying (Retry(total=0, connect=0, read=1, redirect=None, status=None)) after connection broken by 'NewConnectionError("HTTPConnection(host='222.127.90.218', port=80): Failed to establish a new connection: [WinError 10065] A socket operation was attempted to an unreachable host")': /api/exec
2026-06-05 10:11:56 [WARNING] APIDbManager: Transient network error, retrying in 0.8s: HTTPConnectionPool(host='222.127.90.218', port=80): Max retries exceeded with url: /api/exec (Caused by NewConnectionError("HTTPConnection(host='222.127.90.218', port=80): Failed to establish a new connection: [WinError 10065] A socket operation was attempted to an unreachable host"))
2026-06-05 10:11:57 [WARNING] urllib3.connectionpool: Retrying (Retry(total=0, connect=0, read=1, redirect=None, status=None)) after connection broken by 'NewConnectionError("HTTPConnection(host='222.127.90.218', port=80): Failed to establish a new connection: [WinError 10065] A socket operation was attempted to an unreachable host")': /api/exec
2026-06-05 10:11:57 [WARNING] APIDbManager: Transient network error, retrying in 1.6s: HTTPConnectionPool(host='222.127.90.218', port=80): Max retries exceeded with url: /api/exec (Caused by NewConnectionError("HTTPConnection(host='222.127.90.218', port=80): Failed to establish a new connection: [WinError 10065] A socket operation was attempted to an unreachable host"))
2026-06-05 10:11:59 [WARNING] urllib3.connectionpool: Retrying (Retry(total=0, connect=0, read=1, redirect=None, status=None)) after connection broken by 'NewConnectionError("HTTPConnection(host='222.127.90.218', port=80): Failed to establish a new connection: [WinError 10065] A socket operation was attempted to an unreachable host")': /api/exec
2026-06-05 10:11:59 [ERROR] APIDbManager: execute_query network error: HTTPConnectionPool(host='222.127.90.218', port=80): Max retries exceeded with url: /api/exec (Caused by NewConnectionError("HTTPConnection(host='222.127.90.218', port=80): Failed to establish a new connection: [WinError 10065] A socket operation was attempted to an unreachable host"))
2026-06-05 10:11:59 [WARNING] urllib3.connectionpool: Retrying (Retry(total=0, connect=0, read=1, redirect=None, status=None)) after connection broken by 'NewConnectionError("HTTPConnection(host='222.127.90.218', port=80): Failed to establish a new connection: [WinError 10065] A socket operation was attempted to an unreachable host")': /api/exec
2026-06-05 10:11:59 [WARNING] APIDbManager: Transient network error, retrying in 0.8s: HTTPConnectionPool(host='222.127.90.218', port=80): Max retries exceeded with url: /api/exec (Caused by NewConnectionError("HTTPConnection(host='222.127.90.218', port=80): Failed to establish a new connection: [WinError 10065] A socket operation was attempted to an unreachable host"))
2026-06-05 10:12:00 [WARNING] urllib3.connectionpool: Retrying (Retry(total=0, connect=0, read=1, redirect=None, status=None)) after connection broken by 'NewConnectionError("HTTPConnection(host='222.127.90.218', port=80): Failed to establish a new connection: [WinError 10065] A socket operation was attempted to an unreachable host")': /api/exec
2026-06-05 10:12:00 [WARNING] APIDbManager: Transient network error, retrying in 1.6s: HTTPConnectionPool(host='222.127.90.218', port=80): Max retries exceeded with url: /api/exec (Caused by NewConnectionError("HTTPConnection(host='222.127.90.218', port=80): Failed to establish a new connection: [WinError 10065] A socket operation was attempted to an unreachable host"))
2026-06-05 10:12:01 [WARNING] urllib3.connectionpool: Retrying (Retry(total=0, connect=0, read=1, redirect=None, status=None)) after connection broken by 'NewConnectionError("HTTPConnection(host='222.127.90.218', port=80): Failed to establish a new connection: [WinError 10065] A socket operation was attempted to an unreachable host")': /api/exec
2026-06-05 10:12:01 [ERROR] APIDbManager: execute_query network error: HTTPConnectionPool(host='222.127.90.218', port=80): Max retries exceeded with url: /api/exec (Caused by NewConnectionError("HTTPConnection(host='222.127.90.218', port=80): Failed to establish a new connection: [WinError 10065] A socket operation was attempted to an unreachable host"))
2026-06-05 10:12:01 [WARNING] urllib3.connectionpool: Retrying (Retry(total=0, connect=0, read=1, redirect=None, status=None)) after connection broken by 'NewConnectionError("HTTPConnection(host='222.127.90.218', port=80): Failed to establish a new connection: [WinError 10065] A socket operation was attempted to an unreachable host")': /api/exec
2026-06-05 10:12:01 [WARNING] APIDbManager: Transient network error, retrying in 0.8s: HTTPConnectionPool(host='222.127.90.218', port=80): Max retries exceeded with url: /api/exec (Caused by NewConnectionError("HTTPConnection(host='222.127.90.218', port=80): Failed to establish a new connection: [WinError 10065] A socket operation was attempted to an unreachable host"))
2026-06-05 10:12:02 [WARNING] urllib3.connectionpool: Retrying (Retry(total=0, connect=0, read=1, redirect=None, status=None)) after connection broken by 'NewConnectionError("HTTPConnection(host='222.127.90.218', port=80): Failed to establish a new connection: [WinError 10065] A socket operation was attempted to an unreachable host")': /api/exec
2026-06-05 10:12:02 [WARNING] APIDbManager: Transient network error, retrying in 1.6s: HTTPConnectionPool(host='222.127.90.218', port=80): Max retries exceeded with url: /api/exec (Caused by NewConnectionError("HTTPConnection(host='222.127.90.218', port=80): Failed to establish a new connection: [WinError 10065] A socket operation was attempted to an unreachable host"))
2026-06-05 10:12:04 [WARNING] urllib3.connectionpool: Retrying (Retry(total=0, connect=0, read=1, redirect=None, status=None)) after connection broken by 'NewConnectionError("HTTPConnection(host='222.127.90.218', port=80): Failed to establish a new connection: [WinError 10065] A socket operation was attempted to an unreachable host")': /api/exec
2026-06-05 10:12:04 [ERROR] APIDbManager: execute_query network error: HTTPConnectionPool(host='222.127.90.218', port=80): Max retries exceeded with url: /api/exec (Caused by NewConnectionError("HTTPConnection(host='222.127.90.218', port=80): Failed to establish a new connection: [WinError 10065] A socket operation was attempted to an unreachable host"))
2026-06-05 10:12:04 [WARNING] urllib3.connectionpool: Retrying (Retry(total=0, connect=0, read=1, redirect=None, status=None)) after connection broken by 'NewConnectionError("HTTPConnection(host='222.127.90.218', port=80): Failed to establish a new connection: [WinError 10065] A socket operation was attempted to an unreachable host")': /api/exec
2026-06-05 10:12:04 [WARNING] APIDbManager: Transient network error, retrying in 0.8s: HTTPConnectionPool(host='222.127.90.218', port=80): Max retries exceeded with url: /api/exec (Caused by NewConnectionError("HTTPConnection(host='222.127.90.218', port=80): Failed to establish a new connection: [WinError 10065] A socket operation was attempted to an unreachable host"))
2026-06-05 10:12:05 [WARNING] urllib3.connectionpool: Retrying (Retry(total=0, connect=0, read=1, redirect=None, status=None)) after connection broken by 'NewConnectionError("HTTPConnection(host='222.127.90.218', port=80): Failed to establish a new connection: [WinError 10065] A socket operation was attempted to an unreachable host")': /api/exec
2026-06-05 10:12:05 [WARNING] APIDbManager: Transient network error, retrying in 1.6s: HTTPConnectionPool(host='222.127.90.218', port=80): Max retries exceeded with url: /api/exec (Caused by NewConnectionError("HTTPConnection(host='222.127.90.218', port=80): Failed to establish a new connection: [WinError 10065] A socket operation was attempted to an unreachable host"))
2026-06-05 10:12:05 [INFO] connection_watcher: ConnectionWatcher: connection restored
2026-06-05 10:12:14 [WARNING] connection_watcher: ConnectionWatcher: connection lost
2026-06-05 10:12:22 [WARNING] urllib3.connectionpool: Retrying (Retry(total=0, connect=1, read=0, redirect=None, status=None)) after connection broken by 'ReadTimeoutError("HTTPConnectionPool(host='222.127.90.218', port=80): Read timed out. (read timeout=6)")': /api/exec
2026-06-05 10:12:22 [WARNING] APIDbManager: Transient network error, retrying in 0.8s: HTTPConnectionPool(host='222.127.90.218', port=80): Max retries exceeded with url: /api/exec (Caused by NewConnectionError("HTTPConnection(host='222.127.90.218', port=80): Failed to establish a new connection: [WinError 10065] A socket operation was attempted to an unreachable host"))
2026-06-05 10:12:23 [WARNING] urllib3.connectionpool: Retrying (Retry(total=0, connect=0, read=1, redirect=None, status=None)) after connection broken by 'NewConnectionError("HTTPConnection(host='222.127.90.218', port=80): Failed to establish a new connection: [WinError 10065] A socket operation was attempted to an unreachable host")': /api/exec
2026-06-05 10:12:23 [WARNING] APIDbManager: Transient network error, retrying in 1.6s: HTTPConnectionPool(host='222.127.90.218', port=80): Max retries exceeded with url: /api/exec (Caused by NewConnectionError("HTTPConnection(host='222.127.90.218', port=80): Failed to establish a new connection: [WinError 10065] A socket operation was attempted to an unreachable host"))
2026-06-05 10:12:25 [WARNING] urllib3.connectionpool: Retrying (Retry(total=0, connect=0, read=1, redirect=None, status=None)) after connection broken by 'NewConnectionError("HTTPConnection(host='222.127.90.218', port=80): Failed to establish a new connection: [WinError 10065] A socket operation was attempted to an unreachable host")': /api/exec
2026-06-05 10:12:25 [ERROR] APIDbManager: execute_query network error: HTTPConnectionPool(host='222.127.90.218', port=80): Max retries exceeded with url: /api/exec (Caused by NewConnectionError("HTTPConnection(host='222.127.90.218', port=80): Failed to establish a new connection: [WinError 10065] A socket operation was attempted to an unreachable host"))
2026-06-05 10:12:25 [WARNING] urllib3.connectionpool: Retrying (Retry(total=0, connect=0, read=1, redirect=None, status=None)) after connection broken by 'NewConnectionError("HTTPConnection(host='222.127.90.218', port=80): Failed to establish a new connection: [WinError 10065] A socket operation was attempted to an unreachable host")': /api/exec
2026-06-05 10:12:25 [WARNING] APIDbManager: Transient network error, retrying in 0.8s: HTTPConnectionPool(host='222.127.90.218', port=80): Max retries exceeded with url: /api/exec (Caused by NewConnectionError("HTTPConnection(host='222.127.90.218', port=80): Failed to establish a new connection: [WinError 10065] A socket operation was attempted to an unreachable host"))
2026-06-05 10:12:26 [WARNING] urllib3.connectionpool: Retrying (Retry(total=0, connect=0, read=1, redirect=None, status=None)) after connection broken by 'NewConnectionError("HTTPConnection(host='222.127.90.218', port=80): Failed to establish a new connection: [WinError 10065] A socket operation was attempted to an unreachable host")': /api/exec
2026-06-05 10:12:26 [WARNING] APIDbManager: Transient network error, retrying in 1.6s: HTTPConnectionPool(host='222.127.90.218', port=80): Max retries exceeded with url: /api/exec (Caused by NewConnectionError("HTTPConnection(host='222.127.90.218', port=80): Failed to establish a new connection: [WinError 10065] A socket operation was attempted to an unreachable host"))
2026-06-05 10:12:27 [WARNING] urllib3.connectionpool: Retrying (Retry(total=0, connect=0, read=1, redirect=None, status=None)) after connection broken by 'NewConnectionError("HTTPConnection(host='222.127.90.218', port=80): Failed to establish a new connection: [WinError 10065] A socket operation was attempted to an unreachable host")': /api/exec
2026-06-05 10:12:27 [ERROR] APIDbManager: execute_query network error: HTTPConnectionPool(host='222.127.90.218', port=80): Max retries exceeded with url: /api/exec (Caused by NewConnectionError("HTTPConnection(host='222.127.90.218', port=80): Failed to establish a new connection: [WinError 10065] A socket operation was attempted to an unreachable host"))
2026-06-05 10:12:31 [WARNING] urllib3.connectionpool: Retrying (Retry(total=0, connect=0, read=1, redirect=None, status=None)) after connection broken by 'NewConnectionError("HTTPConnection(host='222.127.90.218', port=80): Failed to establish a new connection: [WinError 10065] A socket operation was attempted to an unreachable host")': /api/exec
2026-06-05 10:12:31 [WARNING] APIDbManager: Transient network error, retrying in 0.8s: HTTPConnectionPool(host='222.127.90.218', port=80): Max retries exceeded with url: /api/exec (Caused by NewConnectionError("HTTPConnection(host='222.127.90.218', port=80): Failed to establish a new connection: [WinError 10065] A socket operation was attempted to an unreachable host"))
2026-06-05 10:12:32 [WARNING] urllib3.connectionpool: Retrying (Retry(total=0, connect=0, read=1, redirect=None, status=None)) after connection broken by 'NewConnectionError("HTTPConnection(host='222.127.90.218', port=80): Failed to establish a new connection: [WinError 10065] A socket operation was attempted to an unreachable host")': /api/exec
2026-06-05 10:12:32 [WARNING] APIDbManager: Transient network error, retrying in 1.6s: HTTPConnectionPool(host='222.127.90.218', port=80): Max retries exceeded with url: /api/exec (Caused by NewConnectionError("HTTPConnection(host='222.127.90.218', port=80): Failed to establish a new connection: [WinError 10065] A socket operation was attempted to an unreachable host"))
2026-06-05 10:12:34 [WARNING] urllib3.connectionpool: Retrying (Retry(total=0, connect=0, read=1, redirect=None, status=None)) after connection broken by 'NewConnectionError("HTTPConnection(host='222.127.90.218', port=80): Failed to establish a new connection: [WinError 10065] A socket operation was attempted to an unreachable host")': /api/exec
2026-06-05 10:12:34 [ERROR] APIDbManager: execute_query network error: HTTPConnectionPool(host='222.127.90.218', port=80): Max retries exceeded with url: /api/exec (Caused by NewConnectionError("HTTPConnection(host='222.127.90.218', port=80): Failed to establish a new connection: [WinError 10065] A socket operation was attempted to an unreachable host"))
2026-06-05 10:12:34 [WARNING] urllib3.connectionpool: Retrying (Retry(total=0, connect=0, read=1, redirect=None, status=None)) after connection broken by 'NewConnectionError("HTTPConnection(host='222.127.90.218', port=80): Failed to establish a new connection: [WinError 10065] A socket operation was attempted to an unreachable host")': /api/exec
2026-06-05 10:12:34 [WARNING] APIDbManager: Transient network error, retrying in 0.8s: HTTPConnectionPool(host='222.127.90.218', port=80): Max retries exceeded with url: /api/exec (Caused by NewConnectionError("HTTPConnection(host='222.127.90.218', port=80): Failed to establish a new connection: [WinError 10065] A socket operation was attempted to an unreachable host"))
2026-06-05 10:12:35 [WARNING] urllib3.connectionpool: Retrying (Retry(total=0, connect=0, read=1, redirect=None, status=None)) after connection broken by 'NewConnectionError("HTTPConnection(host='222.127.90.218', port=80): Failed to establish a new connection: [WinError 10065] A socket operation was attempted to an unreachable host")': /api/exec
2026-06-05 10:12:35 [WARNING] APIDbManager: Transient network error, retrying in 1.6s: HTTPConnectionPool(host='222.127.90.218', port=80): Max retries exceeded with url: /api/exec (Caused by NewConnectionError("HTTPConnection(host='222.127.90.218', port=80): Failed to establish a new connection: [WinError 10065] A socket operation was attempted to an unreachable host"))
2026-06-05 10:12:36 [WARNING] urllib3.connectionpool: Retrying (Retry(total=0, connect=0, read=1, redirect=None, status=None)) after connection broken by 'NewConnectionError("HTTPConnection(host='222.127.90.218', port=80): Failed to establish a new connection: [WinError 10065] A socket operation was attempted to an unreachable host")': /api/exec
2026-06-05 10:12:36 [ERROR] APIDbManager: execute_query network error: HTTPConnectionPool(host='222.127.90.218', port=80): Max retries exceeded with url: /api/exec (Caused by NewConnectionError("HTTPConnection(host='222.127.90.218', port=80): Failed to establish a new connection: [WinError 10065] A socket operation was attempted to an unreachable host"))
2026-06-05 10:12:36 [WARNING] urllib3.connectionpool: Retrying (Retry(total=0, connect=0, read=1, redirect=None, status=None)) after connection broken by 'NewConnectionError("HTTPConnection(host='222.127.90.218', port=80): Failed to establish a new connection: [WinError 10065] A socket operation was attempted to an unreachable host")': /api/exec
2026-06-05 10:12:36 [WARNING] APIDbManager: Transient network error, retrying in 0.8s: HTTPConnectionPool(host='222.127.90.218', port=80): Max retries exceeded with url: /api/exec (Caused by NewConnectionError("HTTPConnection(host='222.127.90.218', port=80): Failed to establish a new connection: [WinError 10065] A socket operation was attempted to an unreachable host"))
2026-06-05 10:12:37 [WARNING] urllib3.connectionpool: Retrying (Retry(total=0, connect=0, read=1, redirect=None, status=None)) after connection broken by 'NewConnectionError("HTTPConnection(host='222.127.90.218', port=80): Failed to establish a new connection: [WinError 10065] A socket operation was attempted to an unreachable host")': /api/exec
2026-06-05 10:12:37 [WARNING] APIDbManager: Transient network error, retrying in 1.6s: HTTPConnectionPool(host='222.127.90.218', port=80): Max retries exceeded with url: /api/exec (Caused by NewConnectionError("HTTPConnection(host='222.127.90.218', port=80): Failed to establish a new connection: [WinError 10065] A socket operation was attempted to an unreachable host"))
2026-06-05 10:12:39 [WARNING] urllib3.connectionpool: Retrying (Retry(total=0, connect=0, read=1, redirect=None, status=None)) after connection broken by 'NewConnectionError("HTTPConnection(host='222.127.90.218', port=80): Failed to establish a new connection: [WinError 10065] A socket operation was attempted to an unreachable host")': /api/exec
2026-06-05 10:12:39 [ERROR] APIDbManager: execute_query network error: HTTPConnectionPool(host='222.127.90.218', port=80): Max retries exceeded with url: /api/exec (Caused by NewConnectionError("HTTPConnection(host='222.127.90.218', port=80): Failed to establish a new connection: [WinError 10065] A socket operation was attempted to an unreachable host"))
2026-06-05 10:12:39 [WARNING] urllib3.connectionpool: Retrying (Retry(total=0, connect=0, read=1, redirect=None, status=None)) after connection broken by 'NewConnectionError("HTTPConnection(host='222.127.90.218', port=80): Failed to establish a new connection: [WinError 10065] A socket operation was attempted to an unreachable host")': /api/exec
2026-06-05 10:12:39 [WARNING] APIDbManager: Transient network error, retrying in 0.8s: HTTPConnectionPool(host='222.127.90.218', port=80): Max retries exceeded with url: /api/exec (Caused by NewConnectionError("HTTPConnection(host='222.127.90.218', port=80): Failed to establish a new connection: [WinError 10065] A socket operation was attempted to an unreachable host"))
2026-06-05 10:12:40 [WARNING] urllib3.connectionpool: Retrying (Retry(total=0, connect=0, read=1, redirect=None, status=None)) after connection broken by 'NewConnectionError("HTTPConnection(host='222.127.90.218', port=80): Failed to establish a new connection: [WinError 10065] A socket operation was attempted to an unreachable host")': /api/exec
2026-06-05 10:12:40 [WARNING] APIDbManager: Transient network error, retrying in 1.6s: HTTPConnectionPool(host='222.127.90.218', port=80): Max retries exceeded with url: /api/exec (Caused by NewConnectionError("HTTPConnection(host='222.127.90.218', port=80): Failed to establish a new connection: [WinError 10065] A socket operation was attempted to an unreachable host"))
2026-06-05 10:12:41 [WARNING] urllib3.connectionpool: Retrying (Retry(total=0, connect=0, read=1, redirect=None, status=None)) after connection broken by 'NewConnectionError("HTTPConnection(host='222.127.90.218', port=80): Failed to establish a new connection: [WinError 10065] A socket operation was attempted to an unreachable host")': /api/exec
2026-06-05 10:12:41 [ERROR] APIDbManager: execute_query network error: HTTPConnectionPool(host='222.127.90.218', port=80): Max retries exceeded with url: /api/exec (Caused by NewConnectionError("HTTPConnection(host='222.127.90.218', port=80): Failed to establish a new connection: [WinError 10065] A socket operation was attempted to an unreachable host"))
2026-06-05 10:12:41 [WARNING] urllib3.connectionpool: Retrying (Retry(total=0, connect=0, read=1, redirect=None, status=None)) after connection broken by 'NewConnectionError("HTTPConnection(host='222.127.90.218', port=80): Failed to establish a new connection: [WinError 10065] A socket operation was attempted to an unreachable host")': /api/exec
2026-06-05 10:12:41 [WARNING] APIDbManager: Transient network error, retrying in 0.8s: HTTPConnectionPool(host='222.127.90.218', port=80): Max retries exceeded with url: /api/exec (Caused by NewConnectionError("HTTPConnection(host='222.127.90.218', port=80): Failed to establish a new connection: [WinError 10065] A socket operation was attempted to an unreachable host"))
2026-06-05 10:12:42 [WARNING] urllib3.connectionpool: Retrying (Retry(total=0, connect=0, read=1, redirect=None, status=None)) after connection broken by 'NewConnectionError("HTTPConnection(host='222.127.90.218', port=80): Failed to establish a new connection: [WinError 10065] A socket operation was attempted to an unreachable host")': /api/exec
2026-06-05 10:12:42 [WARNING] APIDbManager: Transient network error, retrying in 1.6s: HTTPConnectionPool(host='222.127.90.218', port=80): Max retries exceeded with url: /api/exec (Caused by NewConnectionError("HTTPConnection(host='222.127.90.218', port=80): Failed to establish a new connection: [WinError 10065] A socket operation was attempted to an unreachable host"))
2026-06-05 10:12:44 [WARNING] urllib3.connectionpool: Retrying (Retry(total=0, connect=0, read=1, redirect=None, status=None)) after connection broken by 'NewConnectionError("HTTPConnection(host='222.127.90.218', port=80): Failed to establish a new connection: [WinError 10065] A socket operation was attempted to an unreachable host")': /api/exec
2026-06-05 10:12:44 [ERROR] APIDbManager: execute_query network error: HTTPConnectionPool(host='222.127.90.218', port=80): Max retries exceeded with url: /api/exec (Caused by NewConnectionError("HTTPConnection(host='222.127.90.218', port=80): Failed to establish a new connection: [WinError 10065] A socket operation was attempted to an unreachable host"))
2026-06-05 10:12:44 [WARNING] urllib3.connectionpool: Retrying (Retry(total=0, connect=0, read=1, redirect=None, status=None)) after connection broken by 'NewConnectionError("HTTPConnection(host='222.127.90.218', port=80): Failed to establish a new connection: [WinError 10065] A socket operation was attempted to an unreachable host")': /api/exec
2026-06-05 10:12:44 [WARNING] APIDbManager: Transient network error, retrying in 0.8s: HTTPConnectionPool(host='222.127.90.218', port=80): Max retries exceeded with url: /api/exec (Caused by NewConnectionError("HTTPConnection(host='222.127.90.218', port=80): Failed to establish a new connection: [WinError 10065] A socket operation was attempted to an unreachable host"))
2026-06-05 10:12:45 [WARNING] urllib3.connectionpool: Retrying (Retry(total=0, connect=0, read=1, redirect=None, status=None)) after connection broken by 'NewConnectionError("HTTPConnection(host='222.127.90.218', port=80): Failed to establish a new connection: [WinError 10065] A socket operation was attempted to an unreachable host")': /api/exec
2026-06-05 10:12:45 [WARNING] APIDbManager: Transient network error, retrying in 1.6s: HTTPConnectionPool(host='222.127.90.218', port=80): Max retries exceeded with url: /api/exec (Caused by NewConnectionError("HTTPConnection(host='222.127.90.218', port=80): Failed to establish a new connection: [WinError 10065] A socket operation was attempted to an unreachable host"))
2026-06-05 10:12:46 [WARNING] urllib3.connectionpool: Retrying (Retry(total=0, connect=0, read=1, redirect=None, status=None)) after connection broken by 'NewConnectionError("HTTPConnection(host='222.127.90.218', port=80): Failed to establish a new connection: [WinError 10065] A socket operation was attempted to an unreachable host")': /api/exec
2026-06-05 10:12:46 [ERROR] APIDbManager: execute_query network error: HTTPConnectionPool(host='222.127.90.218', port=80): Max retries exceeded with url: /api/exec (Caused by NewConnectionError("HTTPConnection(host='222.127.90.218', port=80): Failed to establish a new connection: [WinError 10065] A socket operation was attempted to an unreachable host"))
2026-06-05 10:12:46 [WARNING] urllib3.connectionpool: Retrying (Retry(total=0, connect=0, read=1, redirect=None, status=None)) after connection broken by 'NewConnectionError("HTTPConnection(host='222.127.90.218', port=80): Failed to establish a new connection: [WinError 10065] A socket operation was attempted to an unreachable host")': /api/exec
2026-06-05 10:12:46 [WARNING] APIDbManager: Transient network error, retrying in 0.8s: HTTPConnectionPool(host='222.127.90.218', port=80): Max retries exceeded with url: /api/exec (Caused by NewConnectionError("HTTPConnection(host='222.127.90.218', port=80): Failed to establish a new connection: [WinError 10065] A socket operation was attempted to an unreachable host"))
2026-06-05 10:12:48 [INFO] connection_watcher: ConnectionWatcher: connection restored
2026-06-05 10:16:56 [INFO] RemoteDatabaseManager: API mode enabled — connecting via http://222.127.90.218
2026-06-05 10:16:59 [INFO] AutoUpdater: Silent updater: Checking for updates...
2026-06-05 10:16:59 [INFO] AutoUpdater: Silent update status: Checking for updates...
2026-06-05 10:16:59 [INFO] AutoUpdater: Silent updater: Already on latest version (1.0.0)
2026-06-05 10:16:59 [INFO] AutoUpdater: Silent update status: Already up to date
2026-06-05 10:17:00 [INFO] ping_monitor: PingMonitor started for CL-0381 (user)
2026-06-05 10:17:00 [INFO] APIDbManager: API token obtained from http://222.127.90.218
2026-06-05 10:17:00 [INFO] APIDbManager: API token obtained from http://222.127.90.218
2026-06-05 10:17:11 [WARNING] connection_watcher: ConnectionWatcher: connection lost
2026-06-05 10:17:13 [WARNING] urllib3.connectionpool: Retrying (Retry(total=0, connect=1, read=0, redirect=None, status=None)) after connection broken by 'ReadTimeoutError("HTTPConnectionPool(host='222.127.90.218', port=80): Read timed out. (read timeout=3)")': /api/exec
2026-06-05 10:17:13 [WARNING] APIDbManager: Transient network error, retrying in 0.8s: HTTPConnectionPool(host='222.127.90.218', port=80): Max retries exceeded with url: /api/exec (Caused by NewConnectionError("HTTPConnection(host='222.127.90.218', port=80): Failed to establish a new connection: [WinError 10065] A socket operation was attempted to an unreachable host"))
2026-06-05 10:17:14 [WARNING] urllib3.connectionpool: Retrying (Retry(total=0, connect=0, read=1, redirect=None, status=None)) after connection broken by 'NewConnectionError("HTTPConnection(host='222.127.90.218', port=80): Failed to establish a new connection: [WinError 10065] A socket operation was attempted to an unreachable host")': /api/exec
2026-06-05 10:17:14 [WARNING] APIDbManager: Transient network error, retrying in 1.6s: HTTPConnectionPool(host='222.127.90.218', port=80): Max retries exceeded with url: /api/exec (Caused by NewConnectionError("HTTPConnection(host='222.127.90.218', port=80): Failed to establish a new connection: [WinError 10065] A socket operation was attempted to an unreachable host"))
2026-06-05 10:17:16 [WARNING] urllib3.connectionpool: Retrying (Retry(total=0, connect=0, read=1, redirect=None, status=None)) after connection broken by 'NewConnectionError("HTTPConnection(host='222.127.90.218', port=80): Failed to establish a new connection: [WinError 10065] A socket operation was attempted to an unreachable host")': /api/exec
2026-06-05 10:17:16 [ERROR] APIDbManager: execute_query network error: HTTPConnectionPool(host='222.127.90.218', port=80): Max retries exceeded with url: /api/exec (Caused by NewConnectionError("HTTPConnection(host='222.127.90.218', port=80): Failed to establish a new connection: [WinError 10065] A socket operation was attempted to an unreachable host"))
2026-06-05 10:17:16 [WARNING] urllib3.connectionpool: Retrying (Retry(total=0, connect=0, read=1, redirect=None, status=None)) after connection broken by 'NewConnectionError("HTTPConnection(host='222.127.90.218', port=80): Failed to establish a new connection: [WinError 10065] A socket operation was attempted to an unreachable host")': /api/exec
2026-06-05 10:17:16 [WARNING] APIDbManager: Transient network error, retrying in 0.8s: HTTPConnectionPool(host='222.127.90.218', port=80): Max retries exceeded with url: /api/exec (Caused by NewConnectionError("HTTPConnection(host='222.127.90.218', port=80): Failed to establish a new connection: [WinError 10065] A socket operation was attempted to an unreachable host"))
2026-06-05 10:17:17 [WARNING] urllib3.connectionpool: Retrying (Retry(total=0, connect=0, read=1, redirect=None, status=None)) after connection broken by 'NewConnectionError("HTTPConnection(host='222.127.90.218', port=80): Failed to establish a new connection: [WinError 10065] A socket operation was attempted to an unreachable host")': /api/exec
2026-06-05 10:17:17 [WARNING] APIDbManager: Transient network error, retrying in 1.6s: HTTPConnectionPool(host='222.127.90.218', port=80): Max retries exceeded with url: /api/exec (Caused by NewConnectionError("HTTPConnection(host='222.127.90.218', port=80): Failed to establish a new connection: [WinError 10065] A socket operation was attempted to an unreachable host"))
2026-06-05 10:17:18 [WARNING] urllib3.connectionpool: Retrying (Retry(total=0, connect=0, read=1, redirect=None, status=None)) after connection broken by 'NewConnectionError("HTTPConnection(host='222.127.90.218', port=80): Failed to establish a new connection: [WinError 10065] A socket operation was attempted to an unreachable host")': /api/exec
2026-06-05 10:17:18 [ERROR] APIDbManager: execute_query network error: HTTPConnectionPool(host='222.127.90.218', port=80): Max retries exceeded with url: /api/exec (Caused by NewConnectionError("HTTPConnection(host='222.127.90.218', port=80): Failed to establish a new connection: [WinError 10065] A socket operation was attempted to an unreachable host"))
2026-06-05 10:17:20 [WARNING] urllib3.connectionpool: Retrying (Retry(total=0, connect=0, read=1, redirect=None, status=None)) after connection broken by 'NewConnectionError("HTTPConnection(host='222.127.90.218', port=80): Failed to establish a new connection: [WinError 10065] A socket operation was attempted to an unreachable host")': /api/exec
2026-06-05 10:17:21 [WARNING] APIDbManager: Transient network error, retrying in 0.8s: HTTPConnectionPool(host='222.127.90.218', port=80): Max retries exceeded with url: /api/exec (Caused by NewConnectionError("HTTPConnection(host='222.127.90.218', port=80): Failed to establish a new connection: [WinError 10065] A socket operation was attempted to an unreachable host"))
2026-06-05 10:17:21 [WARNING] urllib3.connectionpool: Retrying (Retry(total=0, connect=0, read=1, redirect=None, status=None)) after connection broken by 'NewConnectionError("HTTPConnection(host='222.127.90.218', port=80): Failed to establish a new connection: [WinError 10065] A socket operation was attempted to an unreachable host")': /api/exec
2026-06-05 10:17:21 [WARNING] APIDbManager: Transient network error, retrying in 1.6s: HTTPConnectionPool(host='222.127.90.218', port=80): Max retries exceeded with url: /api/exec (Caused by NewConnectionError("HTTPConnection(host='222.127.90.218', port=80): Failed to establish a new connection: [WinError 10065] A socket operation was attempted to an unreachable host"))
2026-06-05 10:17:23 [WARNING] urllib3.connectionpool: Retrying (Retry(total=0, connect=0, read=1, redirect=None, status=None)) after connection broken by 'NewConnectionError("HTTPConnection(host='222.127.90.218', port=80): Failed to establish a new connection: [WinError 10065] A socket operation was attempted to an unreachable host")': /api/exec
2026-06-05 10:17:23 [ERROR] APIDbManager: execute_query network error: HTTPConnectionPool(host='222.127.90.218', port=80): Max retries exceeded with url: /api/exec (Caused by NewConnectionError("HTTPConnection(host='222.127.90.218', port=80): Failed to establish a new connection: [WinError 10065] A socket operation was attempted to an unreachable host"))
2026-06-05 10:17:23 [WARNING] urllib3.connectionpool: Retrying (Retry(total=0, connect=0, read=1, redirect=None, status=None)) after connection broken by 'NewConnectionError("HTTPConnection(host='222.127.90.218', port=80): Failed to establish a new connection: [WinError 10065] A socket operation was attempted to an unreachable host")': /api/exec
2026-06-05 10:17:23 [WARNING] APIDbManager: Transient network error, retrying in 0.8s: HTTPConnectionPool(host='222.127.90.218', port=80): Max retries exceeded with url: /api/exec (Caused by NewConnectionError("HTTPConnection(host='222.127.90.218', port=80): Failed to establish a new connection: [WinError 10065] A socket operation was attempted to an unreachable host"))
2026-06-05 10:17:24 [WARNING] urllib3.connectionpool: Retrying (Retry(total=0, connect=0, read=1, redirect=None, status=None)) after connection broken by 'NewConnectionError("HTTPConnection(host='222.127.90.218', port=80): Failed to establish a new connection: [WinError 10065] A socket operation was attempted to an unreachable host")': /api/exec
2026-06-05 10:17:24 [WARNING] APIDbManager: Transient network error, retrying in 1.6s: HTTPConnectionPool(host='222.127.90.218', port=80): Max retries exceeded with url: /api/exec (Caused by NewConnectionError("HTTPConnection(host='222.127.90.218', port=80): Failed to establish a new connection: [WinError 10065] A socket operation was attempted to an unreachable host"))
2026-06-05 10:17:25 [WARNING] urllib3.connectionpool: Retrying (Retry(total=0, connect=0, read=1, redirect=None, status=None)) after connection broken by 'NewConnectionError("HTTPConnection(host='222.127.90.218', port=80): Failed to establish a new connection: [WinError 10065] A socket operation was attempted to an unreachable host")': /api/exec
2026-06-05 10:17:25 [ERROR] APIDbManager: execute_query network error: HTTPConnectionPool(host='222.127.90.218', port=80): Max retries exceeded with url: /api/exec (Caused by NewConnectionError("HTTPConnection(host='222.127.90.218', port=80): Failed to establish a new connection: [WinError 10065] A socket operation was attempted to an unreachable host"))
2026-06-05 10:17:25 [WARNING] urllib3.connectionpool: Retrying (Retry(total=0, connect=0, read=1, redirect=None, status=None)) after connection broken by 'NewConnectionError("HTTPConnection(host='222.127.90.218', port=80): Failed to establish a new connection: [WinError 10065] A socket operation was attempted to an unreachable host")': /api/exec
2026-06-05 10:17:25 [WARNING] APIDbManager: Transient network error, retrying in 0.8s: HTTPConnectionPool(host='222.127.90.218', port=80): Max retries exceeded with url: /api/exec (Caused by NewConnectionError("HTTPConnection(host='222.127.90.218', port=80): Failed to establish a new connection: [WinError 10065] A socket operation was attempted to an unreachable host"))
2026-06-05 10:17:26 [WARNING] urllib3.connectionpool: Retrying (Retry(total=0, connect=0, read=1, redirect=None, status=None)) after connection broken by 'NewConnectionError("HTTPConnection(host='222.127.90.218', port=80): Failed to establish a new connection: [WinError 10065] A socket operation was attempted to an unreachable host")': /api/exec
2026-06-05 10:17:26 [WARNING] APIDbManager: Transient network error, retrying in 1.6s: HTTPConnectionPool(host='222.127.90.218', port=80): Max retries exceeded with url: /api/exec (Caused by NewConnectionError("HTTPConnection(host='222.127.90.218', port=80): Failed to establish a new connection: [WinError 10065] A socket operation was attempted to an unreachable host"))
2026-06-05 10:17:28 [WARNING] urllib3.connectionpool: Retrying (Retry(total=0, connect=0, read=1, redirect=None, status=None)) after connection broken by 'NewConnectionError("HTTPConnection(host='222.127.90.218', port=80): Failed to establish a new connection: [WinError 10065] A socket operation was attempted to an unreachable host")': /api/exec
2026-06-05 10:17:28 [ERROR] APIDbManager: execute_query network error: HTTPConnectionPool(host='222.127.90.218', port=80): Max retries exceeded with url: /api/exec (Caused by NewConnectionError("HTTPConnection(host='222.127.90.218', port=80): Failed to establish a new connection: [WinError 10065] A socket operation was attempted to an unreachable host"))
2026-06-05 10:17:28 [WARNING] urllib3.connectionpool: Retrying (Retry(total=0, connect=0, read=1, redirect=None, status=None)) after connection broken by 'NewConnectionError("HTTPConnection(host='222.127.90.218', port=80): Failed to establish a new connection: [WinError 10065] A socket operation was attempted to an unreachable host")': /api/exec
2026-06-05 10:17:28 [WARNING] APIDbManager: Transient network error, retrying in 0.8s: HTTPConnectionPool(host='222.127.90.218', port=80): Max retries exceeded with url: /api/exec (Caused by NewConnectionError("HTTPConnection(host='222.127.90.218', port=80): Failed to establish a new connection: [WinError 10065] A socket operation was attempted to an unreachable host"))
2026-06-05 10:17:29 [WARNING] urllib3.connectionpool: Retrying (Retry(total=0, connect=0, read=1, redirect=None, status=None)) after connection broken by 'NewConnectionError("HTTPConnection(host='222.127.90.218', port=80): Failed to establish a new connection: [WinError 10065] A socket operation was attempted to an unreachable host")': /api/exec
2026-06-05 10:17:29 [WARNING] APIDbManager: Transient network error, retrying in 1.6s: HTTPConnectionPool(host='222.127.90.218', port=80): Max retries exceeded with url: /api/exec (Caused by NewConnectionError("HTTPConnection(host='222.127.90.218', port=80): Failed to establish a new connection: [WinError 10065] A socket operation was attempted to an unreachable host"))
2026-06-05 10:17:30 [WARNING] urllib3.connectionpool: Retrying (Retry(total=0, connect=0, read=1, redirect=None, status=None)) after connection broken by 'NewConnectionError("HTTPConnection(host='222.127.90.218', port=80): Failed to establish a new connection: [WinError 10065] A socket operation was attempted to an unreachable host")': /api/exec
2026-06-05 10:17:30 [ERROR] APIDbManager: execute_query network error: HTTPConnectionPool(host='222.127.90.218', port=80): Max retries exceeded with url: /api/exec (Caused by NewConnectionError("HTTPConnection(host='222.127.90.218', port=80): Failed to establish a new connection: [WinError 10065] A socket operation was attempted to an unreachable host"))
2026-06-05 10:17:30 [WARNING] urllib3.connectionpool: Retrying (Retry(total=0, connect=0, read=1, redirect=None, status=None)) after connection broken by 'NewConnectionError("HTTPConnection(host='222.127.90.218', port=80): Failed to establish a new connection: [WinError 10065] A socket operation was attempted to an unreachable host")': /api/exec
2026-06-05 10:17:30 [WARNING] APIDbManager: Transient network error, retrying in 0.8s: HTTPConnectionPool(host='222.127.90.218', port=80): Max retries exceeded with url: /api/exec (Caused by NewConnectionError("HTTPConnection(host='222.127.90.218', port=80): Failed to establish a new connection: [WinError 10065] A socket operation was attempted to an unreachable host"))
2026-06-05 10:17:31 [WARNING] urllib3.connectionpool: Retrying (Retry(total=0, connect=0, read=1, redirect=None, status=None)) after connection broken by 'NewConnectionError("HTTPConnection(host='222.127.90.218', port=80): Failed to establish a new connection: [WinError 10065] A socket operation was attempted to an unreachable host")': /api/exec
2026-06-05 10:17:31 [WARNING] APIDbManager: Transient network error, retrying in 1.6s: HTTPConnectionPool(host='222.127.90.218', port=80): Max retries exceeded with url: /api/exec (Caused by NewConnectionError("HTTPConnection(host='222.127.90.218', port=80): Failed to establish a new connection: [WinError 10065] A socket operation was attempted to an unreachable host"))
2026-06-05 10:17:33 [WARNING] urllib3.connectionpool: Retrying (Retry(total=0, connect=0, read=1, redirect=None, status=None)) after connection broken by 'NewConnectionError("HTTPConnection(host='222.127.90.218', port=80): Failed to establish a new connection: [WinError 10065] A socket operation was attempted to an unreachable host")': /api/exec
2026-06-05 10:17:33 [ERROR] APIDbManager: execute_query network error: HTTPConnectionPool(host='222.127.90.218', port=80): Max retries exceeded with url: /api/exec (Caused by NewConnectionError("HTTPConnection(host='222.127.90.218', port=80): Failed to establish a new connection: [WinError 10065] A socket operation was attempted to an unreachable host"))
2026-06-05 10:17:33 [WARNING] urllib3.connectionpool: Retrying (Retry(total=0, connect=0, read=1, redirect=None, status=None)) after connection broken by 'NewConnectionError("HTTPConnection(host='222.127.90.218', port=80): Failed to establish a new connection: [WinError 10065] A socket operation was attempted to an unreachable host")': /api/exec
2026-06-05 10:17:33 [WARNING] APIDbManager: Transient network error, retrying in 0.8s: HTTPConnectionPool(host='222.127.90.218', port=80): Max retries exceeded with url: /api/exec (Caused by NewConnectionError("HTTPConnection(host='222.127.90.218', port=80): Failed to establish a new connection: [WinError 10065] A socket operation was attempted to an unreachable host"))
2026-06-05 10:17:34 [WARNING] urllib3.connectionpool: Retrying (Retry(total=0, connect=0, read=1, redirect=None, status=None)) after connection broken by 'NewConnectionError("HTTPConnection(host='222.127.90.218', port=80): Failed to establish a new connection: [WinError 10065] A socket operation was attempted to an unreachable host")': /api/exec
2026-06-05 10:17:34 [WARNING] APIDbManager: Transient network error, retrying in 1.6s: HTTPConnectionPool(host='222.127.90.218', port=80): Max retries exceeded with url: /api/exec (Caused by NewConnectionError("HTTPConnection(host='222.127.90.218', port=80): Failed to establish a new connection: [WinError 10065] A socket operation was attempted to an unreachable host"))
2026-06-05 10:17:35 [WARNING] urllib3.connectionpool: Retrying (Retry(total=0, connect=0, read=1, redirect=None, status=None)) after connection broken by 'NewConnectionError("HTTPConnection(host='222.127.90.218', port=80): Failed to establish a new connection: [WinError 10065] A socket operation was attempted to an unreachable host")': /api/exec
2026-06-05 10:17:35 [ERROR] APIDbManager: execute_query network error: HTTPConnectionPool(host='222.127.90.218', port=80): Max retries exceeded with url: /api/exec (Caused by NewConnectionError("HTTPConnection(host='222.127.90.218', port=80): Failed to establish a new connection: [WinError 10065] A socket operation was attempted to an unreachable host"))
2026-06-05 10:17:35 [WARNING] urllib3.connectionpool: Retrying (Retry(total=0, connect=0, read=1, redirect=None, status=None)) after connection broken by 'NewConnectionError("HTTPConnection(host='222.127.90.218', port=80): Failed to establish a new connection: [WinError 10065] A socket operation was attempted to an unreachable host")': /api/exec
2026-06-05 10:17:35 [WARNING] APIDbManager: Transient network error, retrying in 0.8s: HTTPConnectionPool(host='222.127.90.218', port=80): Max retries exceeded with url: /api/exec (Caused by NewConnectionError("HTTPConnection(host='222.127.90.218', port=80): Failed to establish a new connection: [WinError 10065] A socket operation was attempted to an unreachable host"))
2026-06-05 10:17:36 [WARNING] urllib3.connectionpool: Retrying (Retry(total=0, connect=0, read=1, redirect=None, status=None)) after connection broken by 'NewConnectionError("HTTPConnection(host='222.127.90.218', port=80): Failed to establish a new connection: [WinError 10065] A socket operation was attempted to an unreachable host")': /api/exec
2026-06-05 10:17:36 [WARNING] APIDbManager: Transient network error, retrying in 1.6s: HTTPConnectionPool(host='222.127.90.218', port=80): Max retries exceeded with url: /api/exec (Caused by NewConnectionError("HTTPConnection(host='222.127.90.218', port=80): Failed to establish a new connection: [WinError 10065] A socket operation was attempted to an unreachable host"))
2026-06-05 10:17:38 [WARNING] urllib3.connectionpool: Retrying (Retry(total=0, connect=0, read=1, redirect=None, status=None)) after connection broken by 'NewConnectionError("HTTPConnection(host='222.127.90.218', port=80): Failed to establish a new connection: [WinError 10065] A socket operation was attempted to an unreachable host")': /api/exec
2026-06-05 10:17:38 [ERROR] APIDbManager: execute_query network error: HTTPConnectionPool(host='222.127.90.218', port=80): Max retries exceeded with url: /api/exec (Caused by NewConnectionError("HTTPConnection(host='222.127.90.218', port=80): Failed to establish a new connection: [WinError 10065] A socket operation was attempted to an unreachable host"))
2026-06-05 10:17:38 [WARNING] urllib3.connectionpool: Retrying (Retry(total=0, connect=0, read=1, redirect=None, status=None)) after connection broken by 'NewConnectionError("HTTPConnection(host='222.127.90.218', port=80): Failed to establish a new connection: [WinError 10065] A socket operation was attempted to an unreachable host")': /api/exec
2026-06-05 10:17:38 [WARNING] APIDbManager: Transient network error, retrying in 0.8s: HTTPConnectionPool(host='222.127.90.218', port=80): Max retries exceeded with url: /api/exec (Caused by NewConnectionError("HTTPConnection(host='222.127.90.218', port=80): Failed to establish a new connection: [WinError 10065] A socket operation was attempted to an unreachable host"))
2026-06-05 10:17:39 [WARNING] urllib3.connectionpool: Retrying (Retry(total=0, connect=0, read=1, redirect=None, status=None)) after connection broken by 'NewConnectionError("HTTPConnection(host='222.127.90.218', port=80): Failed to establish a new connection: [WinError 10065] A socket operation was attempted to an unreachable host")': /api/exec
2026-06-05 10:17:39 [WARNING] APIDbManager: Transient network error, retrying in 1.6s: HTTPConnectionPool(host='222.127.90.218', port=80): Max retries exceeded with url: /api/exec (Caused by NewConnectionError("HTTPConnection(host='222.127.90.218', port=80): Failed to establish a new connection: [WinError 10065] A socket operation was attempted to an unreachable host"))
2026-06-05 10:17:40 [WARNING] urllib3.connectionpool: Retrying (Retry(total=0, connect=0, read=1, redirect=None, status=None)) after connection broken by 'NewConnectionError("HTTPConnection(host='222.127.90.218', port=80): Failed to establish a new connection: [WinError 10065] A socket operation was attempted to an unreachable host")': /api/exec
2026-06-05 10:17:40 [ERROR] APIDbManager: execute_query network error: HTTPConnectionPool(host='222.127.90.218', port=80): Max retries exceeded with url: /api/exec (Caused by NewConnectionError("HTTPConnection(host='222.127.90.218', port=80): Failed to establish a new connection: [WinError 10065] A socket operation was attempted to an unreachable host"))
2026-06-05 10:17:40 [WARNING] urllib3.connectionpool: Retrying (Retry(total=0, connect=0, read=1, redirect=None, status=None)) after connection broken by 'NewConnectionError("HTTPConnection(host='222.127.90.218', port=80): Failed to establish a new connection: [WinError 10065] A socket operation was attempted to an unreachable host")': /api/exec
2026-06-05 10:17:40 [WARNING] APIDbManager: Transient network error, retrying in 0.8s: HTTPConnectionPool(host='222.127.90.218', port=80): Max retries exceeded with url: /api/exec (Caused by NewConnectionError("HTTPConnection(host='222.127.90.218', port=80): Failed to establish a new connection: [WinError 10065] A socket operation was attempted to an unreachable host"))
2026-06-05 10:17:41 [WARNING] urllib3.connectionpool: Retrying (Retry(total=0, connect=0, read=1, redirect=None, status=None)) after connection broken by 'NewConnectionError("HTTPConnection(host='222.127.90.218', port=80): Failed to establish a new connection: [WinError 10065] A socket operation was attempted to an unreachable host")': /api/exec
2026-06-05 10:17:41 [WARNING] APIDbManager: Transient network error, retrying in 1.6s: HTTPConnectionPool(host='222.127.90.218', port=80): Max retries exceeded with url: /api/exec (Caused by NewConnectionError("HTTPConnection(host='222.127.90.218', port=80): Failed to establish a new connection: [WinError 10065] A socket operation was attempted to an unreachable host"))
2026-06-05 10:17:43 [WARNING] urllib3.connectionpool: Retrying (Retry(total=0, connect=0, read=1, redirect=None, status=None)) after connection broken by 'NewConnectionError("HTTPConnection(host='222.127.90.218', port=80): Failed to establish a new connection: [WinError 10065] A socket operation was attempted to an unreachable host")': /api/exec
2026-06-05 10:17:43 [ERROR] APIDbManager: execute_query network error: HTTPConnectionPool(host='222.127.90.218', port=80): Max retries exceeded with url: /api/exec (Caused by NewConnectionError("HTTPConnection(host='222.127.90.218', port=80): Failed to establish a new connection: [WinError 10065] A socket operation was attempted to an unreachable host"))
2026-06-05 10:17:43 [WARNING] urllib3.connectionpool: Retrying (Retry(total=0, connect=0, read=1, redirect=None, status=None)) after connection broken by 'NewConnectionError("HTTPConnection(host='222.127.90.218', port=80): Failed to establish a new connection: [WinError 10065] A socket operation was attempted to an unreachable host")': /api/exec
2026-06-05 10:17:43 [WARNING] APIDbManager: Transient network error, retrying in 0.8s: HTTPConnectionPool(host='222.127.90.218', port=80): Max retries exceeded with url: /api/exec (Caused by NewConnectionError("HTTPConnection(host='222.127.90.218', port=80): Failed to establish a new connection: [WinError 10065] A socket operation was attempted to an unreachable host"))
2026-06-05 10:17:44 [WARNING] urllib3.connectionpool: Retrying (Retry(total=0, connect=0, read=1, redirect=None, status=None)) after connection broken by 'NewConnectionError("HTTPConnection(host='222.127.90.218', port=80): Failed to establish a new connection: [WinError 10065] A socket operation was attempted to an unreachable host")': /api/exec
2026-06-05 10:17:44 [WARNING] APIDbManager: Transient network error, retrying in 1.6s: HTTPConnectionPool(host='222.127.90.218', port=80): Max retries exceeded with url: /api/exec (Caused by NewConnectionError("HTTPConnection(host='222.127.90.218', port=80): Failed to establish a new connection: [WinError 10065] A socket operation was attempted to an unreachable host"))
2026-06-05 10:17:45 [WARNING] urllib3.connectionpool: Retrying (Retry(total=0, connect=0, read=1, redirect=None, status=None)) after connection broken by 'NewConnectionError("HTTPConnection(host='222.127.90.218', port=80): Failed to establish a new connection: [WinError 10065] A socket operation was attempted to an unreachable host")': /api/exec
2026-06-05 10:17:45 [ERROR] APIDbManager: execute_query network error: HTTPConnectionPool(host='222.127.90.218', port=80): Max retries exceeded with url: /api/exec (Caused by NewConnectionError("HTTPConnection(host='222.127.90.218', port=80): Failed to establish a new connection: [WinError 10065] A socket operation was attempted to an unreachable host"))
2026-06-05 10:17:45 [WARNING] urllib3.connectionpool: Retrying (Retry(total=0, connect=0, read=1, redirect=None, status=None)) after connection broken by 'NewConnectionError("HTTPConnection(host='222.127.90.218', port=80): Failed to establish a new connection: [WinError 10065] A socket operation was attempted to an unreachable host")': /api/exec
2026-06-05 10:17:45 [WARNING] APIDbManager: Transient network error, retrying in 0.8s: HTTPConnectionPool(host='222.127.90.218', port=80): Max retries exceeded with url: /api/exec (Caused by NewConnectionError("HTTPConnection(host='222.127.90.218', port=80): Failed to establish a new connection: [WinError 10065] A socket operation was attempted to an unreachable host"))
2026-06-05 10:17:46 [WARNING] urllib3.connectionpool: Retrying (Retry(total=0, connect=0, read=1, redirect=None, status=None)) after connection broken by 'NewConnectionError("HTTPConnection(host='222.127.90.218', port=80): Failed to establish a new connection: [WinError 10065] A socket operation was attempted to an unreachable host")': /api/exec
2026-06-05 10:17:46 [WARNING] APIDbManager: Transient network error, retrying in 1.6s: HTTPConnectionPool(host='222.127.90.218', port=80): Max retries exceeded with url: /api/exec (Caused by NewConnectionError("HTTPConnection(host='222.127.90.218', port=80): Failed to establish a new connection: [WinError 10065] A socket operation was attempted to an unreachable host"))
2026-06-05 10:17:48 [WARNING] urllib3.connectionpool: Retrying (Retry(total=0, connect=0, read=1, redirect=None, status=None)) after connection broken by 'NewConnectionError("HTTPConnection(host='222.127.90.218', port=80): Failed to establish a new connection: [WinError 10065] A socket operation was attempted to an unreachable host")': /api/exec
2026-06-05 10:17:48 [ERROR] APIDbManager: execute_query network error: HTTPConnectionPool(host='222.127.90.218', port=80): Max retries exceeded with url: /api/exec (Caused by NewConnectionError("HTTPConnection(host='222.127.90.218', port=80): Failed to establish a new connection: [WinError 10065] A socket operation was attempted to an unreachable host"))
2026-06-05 10:17:48 [WARNING] urllib3.connectionpool: Retrying (Retry(total=0, connect=0, read=1, redirect=None, status=None)) after connection broken by 'NewConnectionError("HTTPConnection(host='222.127.90.218', port=80): Failed to establish a new connection: [WinError 10065] A socket operation was attempted to an unreachable host")': /api/exec
2026-06-05 10:17:48 [WARNING] APIDbManager: Transient network error, retrying in 0.8s: HTTPConnectionPool(host='222.127.90.218', port=80): Max retries exceeded with url: /api/exec (Caused by NewConnectionError("HTTPConnection(host='222.127.90.218', port=80): Failed to establish a new connection: [WinError 10065] A socket operation was attempted to an unreachable host"))
2026-06-05 10:17:49 [WARNING] urllib3.connectionpool: Retrying (Retry(total=0, connect=0, read=1, redirect=None, status=None)) after connection broken by 'NewConnectionError("HTTPConnection(host='222.127.90.218', port=80): Failed to establish a new connection: [WinError 10065] A socket operation was attempted to an unreachable host")': /api/exec
2026-06-05 10:17:49 [WARNING] APIDbManager: Transient network error, retrying in 1.6s: HTTPConnectionPool(host='222.127.90.218', port=80): Max retries exceeded with url: /api/exec (Caused by NewConnectionError("HTTPConnection(host='222.127.90.218', port=80): Failed to establish a new connection: [WinError 10065] A socket operation was attempted to an unreachable host"))
2026-06-05 10:17:50 [WARNING] urllib3.connectionpool: Retrying (Retry(total=0, connect=0, read=1, redirect=None, status=None)) after connection broken by 'NewConnectionError("HTTPConnection(host='222.127.90.218', port=80): Failed to establish a new connection: [WinError 10065] A socket operation was attempted to an unreachable host")': /api/exec
2026-06-05 10:17:50 [ERROR] APIDbManager: execute_query network error: HTTPConnectionPool(host='222.127.90.218', port=80): Max retries exceeded with url: /api/exec (Caused by NewConnectionError("HTTPConnection(host='222.127.90.218', port=80): Failed to establish a new connection: [WinError 10065] A socket operation was attempted to an unreachable host"))
2026-06-05 10:17:50 [WARNING] urllib3.connectionpool: Retrying (Retry(total=0, connect=0, read=1, redirect=None, status=None)) after connection broken by 'NewConnectionError("HTTPConnection(host='222.127.90.218', port=80): Failed to establish a new connection: [WinError 10065] A socket operation was attempted to an unreachable host")': /api/exec
2026-06-05 10:17:50 [WARNING] APIDbManager: Transient network error, retrying in 0.8s: HTTPConnectionPool(host='222.127.90.218', port=80): Max retries exceeded with url: /api/exec (Caused by NewConnectionError("HTTPConnection(host='222.127.90.218', port=80): Failed to establish a new connection: [WinError 10065] A socket operation was attempted to an unreachable host"))
2026-06-05 10:17:51 [WARNING] urllib3.connectionpool: Retrying (Retry(total=0, connect=0, read=1, redirect=None, status=None)) after connection broken by 'NewConnectionError("HTTPConnection(host='222.127.90.218', port=80): Failed to establish a new connection: [WinError 10065] A socket operation was attempted to an unreachable host")': /api/exec
2026-06-05 10:17:51 [WARNING] APIDbManager: Transient network error, retrying in 1.6s: HTTPConnectionPool(host='222.127.90.218', port=80): Max retries exceeded with url: /api/exec (Caused by NewConnectionError("HTTPConnection(host='222.127.90.218', port=80): Failed to establish a new connection: [WinError 10065] A socket operation was attempted to an unreachable host"))
2026-06-05 10:17:53 [WARNING] urllib3.connectionpool: Retrying (Retry(total=0, connect=0, read=1, redirect=None, status=None)) after connection broken by 'NewConnectionError("HTTPConnection(host='222.127.90.218', port=80): Failed to establish a new connection: [WinError 10065] A socket operation was attempted to an unreachable host")': /api/exec
2026-06-05 10:17:53 [ERROR] APIDbManager: execute_query network error: HTTPConnectionPool(host='222.127.90.218', port=80): Max retries exceeded with url: /api/exec (Caused by NewConnectionError("HTTPConnection(host='222.127.90.218', port=80): Failed to establish a new connection: [WinError 10065] A socket operation was attempted to an unreachable host"))
2026-06-05 10:17:53 [WARNING] urllib3.connectionpool: Retrying (Retry(total=0, connect=0, read=1, redirect=None, status=None)) after connection broken by 'NewConnectionError("HTTPConnection(host='222.127.90.218', port=80): Failed to establish a new connection: [WinError 10065] A socket operation was attempted to an unreachable host")': /api/exec
2026-06-05 10:17:53 [WARNING] APIDbManager: Transient network error, retrying in 0.8s: HTTPConnectionPool(host='222.127.90.218', port=80): Max retries exceeded with url: /api/exec (Caused by NewConnectionError("HTTPConnection(host='222.127.90.218', port=80): Failed to establish a new connection: [WinError 10065] A socket operation was attempted to an unreachable host"))
2026-06-05 10:17:54 [WARNING] urllib3.connectionpool: Retrying (Retry(total=0, connect=0, read=1, redirect=None, status=None)) after connection broken by 'NewConnectionError("HTTPConnection(host='222.127.90.218', port=80): Failed to establish a new connection: [WinError 10065] A socket operation was attempted to an unreachable host")': /api/exec
2026-06-05 10:17:54 [WARNING] APIDbManager: Transient network error, retrying in 1.6s: HTTPConnectionPool(host='222.127.90.218', port=80): Max retries exceeded with url: /api/exec (Caused by NewConnectionError("HTTPConnection(host='222.127.90.218', port=80): Failed to establish a new connection: [WinError 10065] A socket operation was attempted to an unreachable host"))
2026-06-05 10:17:55 [WARNING] urllib3.connectionpool: Retrying (Retry(total=0, connect=0, read=1, redirect=None, status=None)) after connection broken by 'NewConnectionError("HTTPConnection(host='222.127.90.218', port=80): Failed to establish a new connection: [WinError 10065] A socket operation was attempted to an unreachable host")': /api/exec
2026-06-05 10:17:55 [ERROR] APIDbManager: execute_query network error: HTTPConnectionPool(host='222.127.90.218', port=80): Max retries exceeded with url: /api/exec (Caused by NewConnectionError("HTTPConnection(host='222.127.90.218', port=80): Failed to establish a new connection: [WinError 10065] A socket operation was attempted to an unreachable host"))
2026-06-05 10:17:55 [WARNING] urllib3.connectionpool: Retrying (Retry(total=0, connect=0, read=1, redirect=None, status=None)) after connection broken by 'NewConnectionError("HTTPConnection(host='222.127.90.218', port=80): Failed to establish a new connection: [WinError 10065] A socket operation was attempted to an unreachable host")': /api/exec
2026-06-05 10:17:56 [WARNING] APIDbManager: Transient network error, retrying in 0.8s: HTTPConnectionPool(host='222.127.90.218', port=80): Max retries exceeded with url: /api/exec (Caused by NewConnectionError("HTTPConnection(host='222.127.90.218', port=80): Failed to establish a new connection: [WinError 10065] A socket operation was attempted to an unreachable host"))
2026-06-05 10:17:56 [WARNING] urllib3.connectionpool: Retrying (Retry(total=0, connect=0, read=1, redirect=None, status=None)) after connection broken by 'NewConnectionError("HTTPConnection(host='222.127.90.218', port=80): Failed to establish a new connection: [WinError 10065] A socket operation was attempted to an unreachable host")': /api/exec
2026-06-05 10:17:56 [WARNING] APIDbManager: Transient network error, retrying in 1.6s: HTTPConnectionPool(host='222.127.90.218', port=80): Max retries exceeded with url: /api/exec (Caused by NewConnectionError("HTTPConnection(host='222.127.90.218', port=80): Failed to establish a new connection: [WinError 10065] A socket operation was attempted to an unreachable host"))
2026-06-05 10:17:58 [WARNING] urllib3.connectionpool: Retrying (Retry(total=0, connect=0, read=1, redirect=None, status=None)) after connection broken by 'NewConnectionError("HTTPConnection(host='222.127.90.218', port=80): Failed to establish a new connection: [WinError 10065] A socket operation was attempted to an unreachable host")': /api/exec
2026-06-05 10:17:58 [ERROR] APIDbManager: execute_query network error: HTTPConnectionPool(host='222.127.90.218', port=80): Max retries exceeded with url: /api/exec (Caused by NewConnectionError("HTTPConnection(host='222.127.90.218', port=80): Failed to establish a new connection: [WinError 10065] A socket operation was attempted to an unreachable host"))
2026-06-05 10:17:58 [WARNING] urllib3.connectionpool: Retrying (Retry(total=0, connect=0, read=1, redirect=None, status=None)) after connection broken by 'NewConnectionError("HTTPConnection(host='222.127.90.218', port=80): Failed to establish a new connection: [WinError 10065] A socket operation was attempted to an unreachable host")': /api/exec
2026-06-05 10:17:58 [WARNING] APIDbManager: Transient network error, retrying in 0.8s: HTTPConnectionPool(host='222.127.90.218', port=80): Max retries exceeded with url: /api/exec (Caused by NewConnectionError("HTTPConnection(host='222.127.90.218', port=80): Failed to establish a new connection: [WinError 10065] A socket operation was attempted to an unreachable host"))
2026-06-05 10:17:59 [WARNING] urllib3.connectionpool: Retrying (Retry(total=0, connect=0, read=1, redirect=None, status=None)) after connection broken by 'NewConnectionError("HTTPConnection(host='222.127.90.218', port=80): Failed to establish a new connection: [WinError 10065] A socket operation was attempted to an unreachable host")': /api/exec
2026-06-05 10:17:59 [WARNING] APIDbManager: Transient network error, retrying in 1.6s: HTTPConnectionPool(host='222.127.90.218', port=80): Max retries exceeded with url: /api/exec (Caused by NewConnectionError("HTTPConnection(host='222.127.90.218', port=80): Failed to establish a new connection: [WinError 10065] A socket operation was attempted to an unreachable host"))
2026-06-05 10:18:00 [WARNING] urllib3.connectionpool: Retrying (Retry(total=0, connect=0, read=1, redirect=None, status=None)) after connection broken by 'NewConnectionError("HTTPConnection(host='222.127.90.218', port=80): Failed to establish a new connection: [WinError 10065] A socket operation was attempted to an unreachable host")': /api/exec
2026-06-05 10:18:00 [ERROR] APIDbManager: execute_query network error: HTTPConnectionPool(host='222.127.90.218', port=80): Max retries exceeded with url: /api/exec (Caused by NewConnectionError("HTTPConnection(host='222.127.90.218', port=80): Failed to establish a new connection: [WinError 10065] A socket operation was attempted to an unreachable host"))
2026-06-05 10:18:00 [WARNING] urllib3.connectionpool: Retrying (Retry(total=0, connect=0, read=1, redirect=None, status=None)) after connection broken by 'NewConnectionError("HTTPConnection(host='222.127.90.218', port=80): Failed to establish a new connection: [WinError 10065] A socket operation was attempted to an unreachable host")': /api/exec
2026-06-05 10:18:01 [WARNING] APIDbManager: Transient network error, retrying in 0.8s: HTTPConnectionPool(host='222.127.90.218', port=80): Max retries exceeded with url: /api/exec (Caused by NewConnectionError("HTTPConnection(host='222.127.90.218', port=80): Failed to establish a new connection: [WinError 10065] A socket operation was attempted to an unreachable host"))
2026-06-05 10:18:01 [WARNING] urllib3.connectionpool: Retrying (Retry(total=0, connect=0, read=1, redirect=None, status=None)) after connection broken by 'NewConnectionError("HTTPConnection(host='222.127.90.218', port=80): Failed to establish a new connection: [WinError 10065] A socket operation was attempted to an unreachable host")': /api/exec
2026-06-05 10:18:01 [WARNING] APIDbManager: Transient network error, retrying in 1.6s: HTTPConnectionPool(host='222.127.90.218', port=80): Max retries exceeded with url: /api/exec (Caused by NewConnectionError("HTTPConnection(host='222.127.90.218', port=80): Failed to establish a new connection: [WinError 10065] A socket operation was attempted to an unreachable host"))
2026-06-05 10:18:03 [WARNING] urllib3.connectionpool: Retrying (Retry(total=0, connect=0, read=1, redirect=None, status=None)) after connection broken by 'NewConnectionError("HTTPConnection(host='222.127.90.218', port=80): Failed to establish a new connection: [WinError 10065] A socket operation was attempted to an unreachable host")': /api/exec
2026-06-05 10:18:03 [ERROR] APIDbManager: execute_query network error: HTTPConnectionPool(host='222.127.90.218', port=80): Max retries exceeded with url: /api/exec (Caused by NewConnectionError("HTTPConnection(host='222.127.90.218', port=80): Failed to establish a new connection: [WinError 10065] A socket operation was attempted to an unreachable host"))
2026-06-05 10:18:03 [WARNING] urllib3.connectionpool: Retrying (Retry(total=0, connect=0, read=1, redirect=None, status=None)) after connection broken by 'NewConnectionError("HTTPConnection(host='222.127.90.218', port=80): Failed to establish a new connection: [WinError 10065] A socket operation was attempted to an unreachable host")': /api/exec
2026-06-05 10:18:03 [WARNING] APIDbManager: Transient network error, retrying in 0.8s: HTTPConnectionPool(host='222.127.90.218', port=80): Max retries exceeded with url: /api/exec (Caused by NewConnectionError("HTTPConnection(host='222.127.90.218', port=80): Failed to establish a new connection: [WinError 10065] A socket operation was attempted to an unreachable host"))
2026-06-05 10:18:04 [WARNING] urllib3.connectionpool: Retrying (Retry(total=0, connect=0, read=1, redirect=None, status=None)) after connection broken by 'NewConnectionError("HTTPConnection(host='222.127.90.218', port=80): Failed to establish a new connection: [WinError 10065] A socket operation was attempted to an unreachable host")': /api/exec
2026-06-05 10:18:04 [WARNING] APIDbManager: Transient network error, retrying in 1.6s: HTTPConnectionPool(host='222.127.90.218', port=80): Max retries exceeded with url: /api/exec (Caused by NewConnectionError("HTTPConnection(host='222.127.90.218', port=80): Failed to establish a new connection: [WinError 10065] A socket operation was attempted to an unreachable host"))
2026-06-05 10:18:05 [WARNING] urllib3.connectionpool: Retrying (Retry(total=0, connect=0, read=1, redirect=None, status=None)) after connection broken by 'NewConnectionError("HTTPConnection(host='222.127.90.218', port=80): Failed to establish a new connection: [WinError 10065] A socket operation was attempted to an unreachable host")': /api/exec
2026-06-05 10:18:05 [ERROR] APIDbManager: execute_query network error: HTTPConnectionPool(host='222.127.90.218', port=80): Max retries exceeded with url: /api/exec (Caused by NewConnectionError("HTTPConnection(host='222.127.90.218', port=80): Failed to establish a new connection: [WinError 10065] A socket operation was attempted to an unreachable host"))
2026-06-05 10:18:05 [WARNING] urllib3.connectionpool: Retrying (Retry(total=0, connect=0, read=1, redirect=None, status=None)) after connection broken by 'NewConnectionError("HTTPConnection(host='222.127.90.218', port=80): Failed to establish a new connection: [WinError 10065] A socket operation was attempted to an unreachable host")': /api/exec
2026-06-05 10:18:05 [WARNING] APIDbManager: Transient network error, retrying in 0.8s: HTTPConnectionPool(host='222.127.90.218', port=80): Max retries exceeded with url: /api/exec (Caused by NewConnectionError("HTTPConnection(host='222.127.90.218', port=80): Failed to establish a new connection: [WinError 10065] A socket operation was attempted to an unreachable host"))
2026-06-05 10:18:06 [WARNING] urllib3.connectionpool: Retrying (Retry(total=0, connect=0, read=1, redirect=None, status=None)) after connection broken by 'NewConnectionError("HTTPConnection(host='222.127.90.218', port=80): Failed to establish a new connection: [WinError 10065] A socket operation was attempted to an unreachable host")': /api/exec
2026-06-05 10:18:06 [WARNING] APIDbManager: Transient network error, retrying in 1.6s: HTTPConnectionPool(host='222.127.90.218', port=80): Max retries exceeded with url: /api/exec (Caused by NewConnectionError("HTTPConnection(host='222.127.90.218', port=80): Failed to establish a new connection: [WinError 10065] A socket operation was attempted to an unreachable host"))
2026-06-05 10:18:08 [WARNING] urllib3.connectionpool: Retrying (Retry(total=0, connect=0, read=1, redirect=None, status=None)) after connection broken by 'NewConnectionError("HTTPConnection(host='222.127.90.218', port=80): Failed to establish a new connection: [WinError 10065] A socket operation was attempted to an unreachable host")': /api/exec
2026-06-05 10:18:08 [ERROR] APIDbManager: execute_query network error: HTTPConnectionPool(host='222.127.90.218', port=80): Max retries exceeded with url: /api/exec (Caused by NewConnectionError("HTTPConnection(host='222.127.90.218', port=80): Failed to establish a new connection: [WinError 10065] A socket operation was attempted to an unreachable host"))
2026-06-05 10:18:08 [WARNING] urllib3.connectionpool: Retrying (Retry(total=0, connect=0, read=1, redirect=None, status=None)) after connection broken by 'NewConnectionError("HTTPConnection(host='222.127.90.218', port=80): Failed to establish a new connection: [WinError 10065] A socket operation was attempted to an unreachable host")': /api/exec
2026-06-05 10:18:08 [WARNING] APIDbManager: Transient network error, retrying in 0.8s: HTTPConnectionPool(host='222.127.90.218', port=80): Max retries exceeded with url: /api/exec (Caused by NewConnectionError("HTTPConnection(host='222.127.90.218', port=80): Failed to establish a new connection: [WinError 10065] A socket operation was attempted to an unreachable host"))
2026-06-05 10:18:09 [WARNING] urllib3.connectionpool: Retrying (Retry(total=0, connect=0, read=1, redirect=None, status=None)) after connection broken by 'NewConnectionError("HTTPConnection(host='222.127.90.218', port=80): Failed to establish a new connection: [WinError 10065] A socket operation was attempted to an unreachable host")': /api/exec
2026-06-05 10:18:09 [WARNING] APIDbManager: Transient network error, retrying in 1.6s: HTTPConnectionPool(host='222.127.90.218', port=80): Max retries exceeded with url: /api/exec (Caused by NewConnectionError("HTTPConnection(host='222.127.90.218', port=80): Failed to establish a new connection: [WinError 10065] A socket operation was attempted to an unreachable host"))
2026-06-05 10:18:10 [WARNING] urllib3.connectionpool: Retrying (Retry(total=0, connect=0, read=1, redirect=None, status=None)) after connection broken by 'NewConnectionError("HTTPConnection(host='222.127.90.218', port=80): Failed to establish a new connection: [WinError 10065] A socket operation was attempted to an unreachable host")': /api/exec
2026-06-05 10:18:10 [ERROR] APIDbManager: execute_query network error: HTTPConnectionPool(host='222.127.90.218', port=80): Max retries exceeded with url: /api/exec (Caused by NewConnectionError("HTTPConnection(host='222.127.90.218', port=80): Failed to establish a new connection: [WinError 10065] A socket operation was attempted to an unreachable host"))
2026-06-05 10:18:10 [WARNING] urllib3.connectionpool: Retrying (Retry(total=0, connect=0, read=1, redirect=None, status=None)) after connection broken by 'NewConnectionError("HTTPConnection(host='222.127.90.218', port=80): Failed to establish a new connection: [WinError 10065] A socket operation was attempted to an unreachable host")': /api/exec
2026-06-05 10:18:10 [WARNING] APIDbManager: Transient network error, retrying in 0.8s: HTTPConnectionPool(host='222.127.90.218', port=80): Max retries exceeded with url: /api/exec (Caused by NewConnectionError("HTTPConnection(host='222.127.90.218', port=80): Failed to establish a new connection: [WinError 10065] A socket operation was attempted to an unreachable host"))
2026-06-05 10:18:11 [INFO] connection_watcher: ConnectionWatcher: connection restored
2026-06-05 10:20:04 [INFO] login: Logout requested - returning to login screen
2026-06-05 10:20:04 [INFO] ping_monitor: PingMonitor stopped for CL-0381
2026-06-05 10:20:13 [INFO] ping_monitor: PingMonitor started for test_admin (admin)
2026-06-05 10:20:35 [INFO] login: Logout requested - returning to login screen
2026-06-05 10:20:35 [INFO] ping_monitor: PingMonitor stopped for test_admin
2026-06-05 10:21:36 [INFO] RemoteDatabaseManager: API mode enabled — connecting via http://222.127.90.218
2026-06-05 10:21:39 [INFO] AutoUpdater: Silent updater: Checking for updates...
2026-06-05 10:21:39 [INFO] AutoUpdater: Silent update status: Checking for updates...
2026-06-05 10:21:39 [INFO] AutoUpdater: Silent updater: Already on latest version (1.0.0)
2026-06-05 10:21:39 [INFO] AutoUpdater: Silent update status: Already up to date
2026-06-05 10:21:53 [INFO] ping_monitor: PingMonitor started for CL-0381 (user)
2026-06-05 10:21:53 [INFO] APIDbManager: API token obtained from http://222.127.90.218
2026-06-05 10:21:53 [INFO] APIDbManager: API token obtained from http://222.127.90.218
2026-06-05 10:22:32 [WARNING] connection_watcher: ConnectionWatcher: connection lost
2026-06-05 10:22:36 [WARNING] urllib3.connectionpool: Retrying (Retry(total=0, connect=1, read=0, redirect=None, status=None)) after connection broken by 'ReadTimeoutError("HTTPConnectionPool(host='222.127.90.218', port=80): Read timed out. (read timeout=3)")': /api/exec
2026-06-05 10:22:36 [WARNING] APIDbManager: Transient network error, retrying in 0.8s: HTTPConnectionPool(host='222.127.90.218', port=80): Max retries exceeded with url: /api/exec (Caused by NewConnectionError("HTTPConnection(host='222.127.90.218', port=80): Failed to establish a new connection: [WinError 10065] A socket operation was attempted to an unreachable host"))
2026-06-05 10:22:37 [WARNING] urllib3.connectionpool: Retrying (Retry(total=0, connect=0, read=1, redirect=None, status=None)) after connection broken by 'NewConnectionError("HTTPConnection(host='222.127.90.218', port=80): Failed to establish a new connection: [WinError 10065] A socket operation was attempted to an unreachable host")': /api/exec
2026-06-05 10:22:37 [WARNING] APIDbManager: Transient network error, retrying in 1.6s: HTTPConnectionPool(host='222.127.90.218', port=80): Max retries exceeded with url: /api/exec (Caused by NewConnectionError("HTTPConnection(host='222.127.90.218', port=80): Failed to establish a new connection: [WinError 10065] A socket operation was attempted to an unreachable host"))
2026-06-05 10:22:38 [WARNING] urllib3.connectionpool: Retrying (Retry(total=0, connect=0, read=1, redirect=None, status=None)) after connection broken by 'NewConnectionError("HTTPConnection(host='222.127.90.218', port=80): Failed to establish a new connection: [WinError 10065] A socket operation was attempted to an unreachable host")': /api/exec
2026-06-05 10:22:38 [ERROR] APIDbManager: execute_query network error: HTTPConnectionPool(host='222.127.90.218', port=80): Max retries exceeded with url: /api/exec (Caused by NewConnectionError("HTTPConnection(host='222.127.90.218', port=80): Failed to establish a new connection: [WinError 10065] A socket operation was attempted to an unreachable host"))
2026-06-05 10:22:38 [WARNING] urllib3.connectionpool: Retrying (Retry(total=0, connect=0, read=1, redirect=None, status=None)) after connection broken by 'NewConnectionError("HTTPConnection(host='222.127.90.218', port=80): Failed to establish a new connection: [WinError 10065] A socket operation was attempted to an unreachable host")': /api/exec
2026-06-05 10:22:38 [WARNING] APIDbManager: Transient network error, retrying in 0.8s: HTTPConnectionPool(host='222.127.90.218', port=80): Max retries exceeded with url: /api/exec (Caused by NewConnectionError("HTTPConnection(host='222.127.90.218', port=80): Failed to establish a new connection: [WinError 10065] A socket operation was attempted to an unreachable host"))
2026-06-05 10:22:39 [WARNING] urllib3.connectionpool: Retrying (Retry(total=0, connect=0, read=1, redirect=None, status=None)) after connection broken by 'NewConnectionError("HTTPConnection(host='222.127.90.218', port=80): Failed to establish a new connection: [WinError 10065] A socket operation was attempted to an unreachable host")': /api/exec
2026-06-05 10:22:39 [WARNING] APIDbManager: Transient network error, retrying in 1.6s: HTTPConnectionPool(host='222.127.90.218', port=80): Max retries exceeded with url: /api/exec (Caused by NewConnectionError("HTTPConnection(host='222.127.90.218', port=80): Failed to establish a new connection: [WinError 10065] A socket operation was attempted to an unreachable host"))
2026-06-05 10:22:41 [WARNING] urllib3.connectionpool: Retrying (Retry(total=0, connect=0, read=1, redirect=None, status=None)) after connection broken by 'NewConnectionError("HTTPConnection(host='222.127.90.218', port=80): Failed to establish a new connection: [WinError 10065] A socket operation was attempted to an unreachable host")': /api/exec
2026-06-05 10:22:41 [ERROR] APIDbManager: execute_query network error: HTTPConnectionPool(host='222.127.90.218', port=80): Max retries exceeded with url: /api/exec (Caused by NewConnectionError("HTTPConnection(host='222.127.90.218', port=80): Failed to establish a new connection: [WinError 10065] A socket operation was attempted to an unreachable host"))
2026-06-05 10:22:43 [WARNING] urllib3.connectionpool: Retrying (Retry(total=0, connect=0, read=1, redirect=None, status=None)) after connection broken by 'NewConnectionError("HTTPConnection(host='222.127.90.218', port=80): Failed to establish a new connection: [WinError 10065] A socket operation was attempted to an unreachable host")': /api/exec
2026-06-05 10:22:43 [WARNING] APIDbManager: Transient network error, retrying in 0.8s: HTTPConnectionPool(host='222.127.90.218', port=80): Max retries exceeded with url: /api/exec (Caused by NewConnectionError("HTTPConnection(host='222.127.90.218', port=80): Failed to establish a new connection: [WinError 10065] A socket operation was attempted to an unreachable host"))
2026-06-05 10:22:44 [WARNING] urllib3.connectionpool: Retrying (Retry(total=0, connect=0, read=1, redirect=None, status=None)) after connection broken by 'NewConnectionError("HTTPConnection(host='222.127.90.218', port=80): Failed to establish a new connection: [WinError 10065] A socket operation was attempted to an unreachable host")': /api/exec
2026-06-05 10:22:44 [WARNING] APIDbManager: Transient network error, retrying in 1.6s: HTTPConnectionPool(host='222.127.90.218', port=80): Max retries exceeded with url: /api/exec (Caused by NewConnectionError("HTTPConnection(host='222.127.90.218', port=80): Failed to establish a new connection: [WinError 10065] A socket operation was attempted to an unreachable host"))
2026-06-05 10:22:45 [WARNING] urllib3.connectionpool: Retrying (Retry(total=0, connect=0, read=1, redirect=None, status=None)) after connection broken by 'NewConnectionError("HTTPConnection(host='222.127.90.218', port=80): Failed to establish a new connection: [WinError 10065] A socket operation was attempted to an unreachable host")': /api/exec
2026-06-05 10:22:45 [ERROR] APIDbManager: execute_query network error: HTTPConnectionPool(host='222.127.90.218', port=80): Max retries exceeded with url: /api/exec (Caused by NewConnectionError("HTTPConnection(host='222.127.90.218', port=80): Failed to establish a new connection: [WinError 10065] A socket operation was attempted to an unreachable host"))
2026-06-05 10:22:45 [WARNING] urllib3.connectionpool: Retrying (Retry(total=0, connect=0, read=1, redirect=None, status=None)) after connection broken by 'NewConnectionError("HTTPConnection(host='222.127.90.218', port=80): Failed to establish a new connection: [WinError 10065] A socket operation was attempted to an unreachable host")': /api/exec
2026-06-05 10:22:45 [WARNING] APIDbManager: Transient network error, retrying in 0.8s: HTTPConnectionPool(host='222.127.90.218', port=80): Max retries exceeded with url: /api/exec (Caused by NewConnectionError("HTTPConnection(host='222.127.90.218', port=80): Failed to establish a new connection: [WinError 10065] A socket operation was attempted to an unreachable host"))
2026-06-05 10:22:46 [WARNING] urllib3.connectionpool: Retrying (Retry(total=0, connect=0, read=1, redirect=None, status=None)) after connection broken by 'NewConnectionError("HTTPConnection(host='222.127.90.218', port=80): Failed to establish a new connection: [WinError 10065] A socket operation was attempted to an unreachable host")': /api/exec
2026-06-05 10:22:46 [WARNING] APIDbManager: Transient network error, retrying in 1.6s: HTTPConnectionPool(host='222.127.90.218', port=80): Max retries exceeded with url: /api/exec (Caused by NewConnectionError("HTTPConnection(host='222.127.90.218', port=80): Failed to establish a new connection: [WinError 10065] A socket operation was attempted to an unreachable host"))
2026-06-05 10:22:48 [WARNING] urllib3.connectionpool: Retrying (Retry(total=0, connect=0, read=1, redirect=None, status=None)) after connection broken by 'NewConnectionError("HTTPConnection(host='222.127.90.218', port=80): Failed to establish a new connection: [WinError 10065] A socket operation was attempted to an unreachable host")': /api/exec
2026-06-05 10:22:48 [ERROR] APIDbManager: execute_query network error: HTTPConnectionPool(host='222.127.90.218', port=80): Max retries exceeded with url: /api/exec (Caused by NewConnectionError("HTTPConnection(host='222.127.90.218', port=80): Failed to establish a new connection: [WinError 10065] A socket operation was attempted to an unreachable host"))
2026-06-05 10:22:48 [WARNING] urllib3.connectionpool: Retrying (Retry(total=0, connect=0, read=1, redirect=None, status=None)) after connection broken by 'NewConnectionError("HTTPConnection(host='222.127.90.218', port=80): Failed to establish a new connection: [WinError 10065] A socket operation was attempted to an unreachable host")': /api/exec
2026-06-05 10:22:48 [WARNING] APIDbManager: Transient network error, retrying in 0.8s: HTTPConnectionPool(host='222.127.90.218', port=80): Max retries exceeded with url: /api/exec (Caused by NewConnectionError("HTTPConnection(host='222.127.90.218', port=80): Failed to establish a new connection: [WinError 10065] A socket operation was attempted to an unreachable host"))
2026-06-05 10:22:49 [WARNING] urllib3.connectionpool: Retrying (Retry(total=0, connect=0, read=1, redirect=None, status=None)) after connection broken by 'NewConnectionError("HTTPConnection(host='222.127.90.218', port=80): Failed to establish a new connection: [WinError 10065] A socket operation was attempted to an unreachable host")': /api/exec
2026-06-05 10:22:49 [WARNING] APIDbManager: Transient network error, retrying in 1.6s: HTTPConnectionPool(host='222.127.90.218', port=80): Max retries exceeded with url: /api/exec (Caused by NewConnectionError("HTTPConnection(host='222.127.90.218', port=80): Failed to establish a new connection: [WinError 10065] A socket operation was attempted to an unreachable host"))
2026-06-05 10:22:50 [WARNING] urllib3.connectionpool: Retrying (Retry(total=0, connect=0, read=1, redirect=None, status=None)) after connection broken by 'NewConnectionError("HTTPConnection(host='222.127.90.218', port=80): Failed to establish a new connection: [WinError 10065] A socket operation was attempted to an unreachable host")': /api/exec
2026-06-05 10:22:50 [ERROR] APIDbManager: execute_query network error: HTTPConnectionPool(host='222.127.90.218', port=80): Max retries exceeded with url: /api/exec (Caused by NewConnectionError("HTTPConnection(host='222.127.90.218', port=80): Failed to establish a new connection: [WinError 10065] A socket operation was attempted to an unreachable host"))
2026-06-05 10:22:50 [WARNING] urllib3.connectionpool: Retrying (Retry(total=0, connect=0, read=1, redirect=None, status=None)) after connection broken by 'NewConnectionError("HTTPConnection(host='222.127.90.218', port=80): Failed to establish a new connection: [WinError 10065] A socket operation was attempted to an unreachable host")': /api/exec
2026-06-05 10:22:50 [WARNING] APIDbManager: Transient network error, retrying in 0.8s: HTTPConnectionPool(host='222.127.90.218', port=80): Max retries exceeded with url: /api/exec (Caused by NewConnectionError("HTTPConnection(host='222.127.90.218', port=80): Failed to establish a new connection: [WinError 10065] A socket operation was attempted to an unreachable host"))
2026-06-05 10:22:51 [WARNING] urllib3.connectionpool: Retrying (Retry(total=0, connect=0, read=1, redirect=None, status=None)) after connection broken by 'NewConnectionError("HTTPConnection(host='222.127.90.218', port=80): Failed to establish a new connection: [WinError 10065] A socket operation was attempted to an unreachable host")': /api/exec
2026-06-05 10:22:51 [WARNING] APIDbManager: Transient network error, retrying in 1.6s: HTTPConnectionPool(host='222.127.90.218', port=80): Max retries exceeded with url: /api/exec (Caused by NewConnectionError("HTTPConnection(host='222.127.90.218', port=80): Failed to establish a new connection: [WinError 10065] A socket operation was attempted to an unreachable host"))
2026-06-05 10:22:53 [WARNING] urllib3.connectionpool: Retrying (Retry(total=0, connect=0, read=1, redirect=None, status=None)) after connection broken by 'NewConnectionError("HTTPConnection(host='222.127.90.218', port=80): Failed to establish a new connection: [WinError 10065] A socket operation was attempted to an unreachable host")': /api/exec
2026-06-05 10:22:53 [ERROR] APIDbManager: execute_query network error: HTTPConnectionPool(host='222.127.90.218', port=80): Max retries exceeded with url: /api/exec (Caused by NewConnectionError("HTTPConnection(host='222.127.90.218', port=80): Failed to establish a new connection: [WinError 10065] A socket operation was attempted to an unreachable host"))
2026-06-05 10:22:53 [WARNING] urllib3.connectionpool: Retrying (Retry(total=0, connect=0, read=1, redirect=None, status=None)) after connection broken by 'NewConnectionError("HTTPConnection(host='222.127.90.218', port=80): Failed to establish a new connection: [WinError 10065] A socket operation was attempted to an unreachable host")': /api/exec
2026-06-05 10:22:53 [WARNING] APIDbManager: Transient network error, retrying in 0.8s: HTTPConnectionPool(host='222.127.90.218', port=80): Max retries exceeded with url: /api/exec (Caused by NewConnectionError("HTTPConnection(host='222.127.90.218', port=80): Failed to establish a new connection: [WinError 10065] A socket operation was attempted to an unreachable host"))
2026-06-05 10:22:54 [WARNING] urllib3.connectionpool: Retrying (Retry(total=0, connect=0, read=1, redirect=None, status=None)) after connection broken by 'NewConnectionError("HTTPConnection(host='222.127.90.218', port=80): Failed to establish a new connection: [WinError 10065] A socket operation was attempted to an unreachable host")': /api/exec
2026-06-05 10:22:54 [WARNING] APIDbManager: Transient network error, retrying in 1.6s: HTTPConnectionPool(host='222.127.90.218', port=80): Max retries exceeded with url: /api/exec (Caused by NewConnectionError("HTTPConnection(host='222.127.90.218', port=80): Failed to establish a new connection: [WinError 10065] A socket operation was attempted to an unreachable host"))
2026-06-05 10:22:55 [WARNING] urllib3.connectionpool: Retrying (Retry(total=0, connect=0, read=1, redirect=None, status=None)) after connection broken by 'NewConnectionError("HTTPConnection(host='222.127.90.218', port=80): Failed to establish a new connection: [WinError 10065] A socket operation was attempted to an unreachable host")': /api/exec
2026-06-05 10:22:55 [ERROR] APIDbManager: execute_query network error: HTTPConnectionPool(host='222.127.90.218', port=80): Max retries exceeded with url: /api/exec (Caused by NewConnectionError("HTTPConnection(host='222.127.90.218', port=80): Failed to establish a new connection: [WinError 10065] A socket operation was attempted to an unreachable host"))
2026-06-05 10:22:55 [WARNING] urllib3.connectionpool: Retrying (Retry(total=0, connect=0, read=1, redirect=None, status=None)) after connection broken by 'NewConnectionError("HTTPConnection(host='222.127.90.218', port=80): Failed to establish a new connection: [WinError 10065] A socket operation was attempted to an unreachable host")': /api/exec
2026-06-05 10:22:55 [WARNING] APIDbManager: Transient network error, retrying in 0.8s: HTTPConnectionPool(host='222.127.90.218', port=80): Max retries exceeded with url: /api/exec (Caused by NewConnectionError("HTTPConnection(host='222.127.90.218', port=80): Failed to establish a new connection: [WinError 10065] A socket operation was attempted to an unreachable host"))
2026-06-05 10:22:56 [WARNING] urllib3.connectionpool: Retrying (Retry(total=0, connect=0, read=1, redirect=None, status=None)) after connection broken by 'NewConnectionError("HTTPConnection(host='222.127.90.218', port=80): Failed to establish a new connection: [WinError 10065] A socket operation was attempted to an unreachable host")': /api/exec
2026-06-05 10:22:56 [WARNING] APIDbManager: Transient network error, retrying in 1.6s: HTTPConnectionPool(host='222.127.90.218', port=80): Max retries exceeded with url: /api/exec (Caused by NewConnectionError("HTTPConnection(host='222.127.90.218', port=80): Failed to establish a new connection: [WinError 10065] A socket operation was attempted to an unreachable host"))
2026-06-05 10:22:58 [WARNING] urllib3.connectionpool: Retrying (Retry(total=0, connect=0, read=1, redirect=None, status=None)) after connection broken by 'NewConnectionError("HTTPConnection(host='222.127.90.218', port=80): Failed to establish a new connection: [WinError 10065] A socket operation was attempted to an unreachable host")': /api/exec
2026-06-05 10:22:58 [ERROR] APIDbManager: execute_query network error: HTTPConnectionPool(host='222.127.90.218', port=80): Max retries exceeded with url: /api/exec (Caused by NewConnectionError("HTTPConnection(host='222.127.90.218', port=80): Failed to establish a new connection: [WinError 10065] A socket operation was attempted to an unreachable host"))
2026-06-05 10:22:58 [WARNING] urllib3.connectionpool: Retrying (Retry(total=0, connect=0, read=1, redirect=None, status=None)) after connection broken by 'NewConnectionError("HTTPConnection(host='222.127.90.218', port=80): Failed to establish a new connection: [WinError 10065] A socket operation was attempted to an unreachable host")': /api/exec
2026-06-05 10:22:58 [WARNING] APIDbManager: Transient network error, retrying in 0.8s: HTTPConnectionPool(host='222.127.90.218', port=80): Max retries exceeded with url: /api/exec (Caused by NewConnectionError("HTTPConnection(host='222.127.90.218', port=80): Failed to establish a new connection: [WinError 10065] A socket operation was attempted to an unreachable host"))
2026-06-05 10:22:59 [WARNING] urllib3.connectionpool: Retrying (Retry(total=0, connect=0, read=1, redirect=None, status=None)) after connection broken by 'NewConnectionError("HTTPConnection(host='222.127.90.218', port=80): Failed to establish a new connection: [WinError 10065] A socket operation was attempted to an unreachable host")': /api/exec
2026-06-05 10:22:59 [WARNING] APIDbManager: Transient network error, retrying in 1.6s: HTTPConnectionPool(host='222.127.90.218', port=80): Max retries exceeded with url: /api/exec (Caused by NewConnectionError("HTTPConnection(host='222.127.90.218', port=80): Failed to establish a new connection: [WinError 10065] A socket operation was attempted to an unreachable host"))
2026-06-05 10:23:00 [WARNING] urllib3.connectionpool: Retrying (Retry(total=0, connect=0, read=1, redirect=None, status=None)) after connection broken by 'NewConnectionError("HTTPConnection(host='222.127.90.218', port=80): Failed to establish a new connection: [WinError 10065] A socket operation was attempted to an unreachable host")': /api/exec
2026-06-05 10:23:00 [ERROR] APIDbManager: execute_query network error: HTTPConnectionPool(host='222.127.90.218', port=80): Max retries exceeded with url: /api/exec (Caused by NewConnectionError("HTTPConnection(host='222.127.90.218', port=80): Failed to establish a new connection: [WinError 10065] A socket operation was attempted to an unreachable host"))
2026-06-05 10:23:00 [WARNING] urllib3.connectionpool: Retrying (Retry(total=0, connect=0, read=1, redirect=None, status=None)) after connection broken by 'NewConnectionError("HTTPConnection(host='222.127.90.218', port=80): Failed to establish a new connection: [WinError 10065] A socket operation was attempted to an unreachable host")': /api/exec
2026-06-05 10:23:00 [WARNING] APIDbManager: Transient network error, retrying in 0.8s: HTTPConnectionPool(host='222.127.90.218', port=80): Max retries exceeded with url: /api/exec (Caused by NewConnectionError("HTTPConnection(host='222.127.90.218', port=80): Failed to establish a new connection: [WinError 10065] A socket operation was attempted to an unreachable host"))
2026-06-05 10:23:01 [WARNING] urllib3.connectionpool: Retrying (Retry(total=0, connect=0, read=1, redirect=None, status=None)) after connection broken by 'NewConnectionError("HTTPConnection(host='222.127.90.218', port=80): Failed to establish a new connection: [WinError 10065] A socket operation was attempted to an unreachable host")': /api/exec
2026-06-05 10:23:01 [WARNING] APIDbManager: Transient network error, retrying in 1.6s: HTTPConnectionPool(host='222.127.90.218', port=80): Max retries exceeded with url: /api/exec (Caused by NewConnectionError("HTTPConnection(host='222.127.90.218', port=80): Failed to establish a new connection: [WinError 10065] A socket operation was attempted to an unreachable host"))
2026-06-05 10:23:03 [WARNING] urllib3.connectionpool: Retrying (Retry(total=0, connect=0, read=1, redirect=None, status=None)) after connection broken by 'NewConnectionError("HTTPConnection(host='222.127.90.218', port=80): Failed to establish a new connection: [WinError 10065] A socket operation was attempted to an unreachable host")': /api/exec
2026-06-05 10:23:03 [ERROR] APIDbManager: execute_query network error: HTTPConnectionPool(host='222.127.90.218', port=80): Max retries exceeded with url: /api/exec (Caused by NewConnectionError("HTTPConnection(host='222.127.90.218', port=80): Failed to establish a new connection: [WinError 10065] A socket operation was attempted to an unreachable host"))
2026-06-05 10:23:03 [WARNING] urllib3.connectionpool: Retrying (Retry(total=0, connect=0, read=1, redirect=None, status=None)) after connection broken by 'NewConnectionError("HTTPConnection(host='222.127.90.218', port=80): Failed to establish a new connection: [WinError 10065] A socket operation was attempted to an unreachable host")': /api/exec
2026-06-05 10:23:03 [WARNING] APIDbManager: Transient network error, retrying in 0.8s: HTTPConnectionPool(host='222.127.90.218', port=80): Max retries exceeded with url: /api/exec (Caused by NewConnectionError("HTTPConnection(host='222.127.90.218', port=80): Failed to establish a new connection: [WinError 10065] A socket operation was attempted to an unreachable host"))
2026-06-05 10:23:04 [WARNING] urllib3.connectionpool: Retrying (Retry(total=0, connect=0, read=1, redirect=None, status=None)) after connection broken by 'NewConnectionError("HTTPConnection(host='222.127.90.218', port=80): Failed to establish a new connection: [WinError 10065] A socket operation was attempted to an unreachable host")': /api/exec
2026-06-05 10:23:04 [WARNING] APIDbManager: Transient network error, retrying in 1.6s: HTTPConnectionPool(host='222.127.90.218', port=80): Max retries exceeded with url: /api/exec (Caused by NewConnectionError("HTTPConnection(host='222.127.90.218', port=80): Failed to establish a new connection: [WinError 10065] A socket operation was attempted to an unreachable host"))
2026-06-05 10:23:05 [WARNING] urllib3.connectionpool: Retrying (Retry(total=0, connect=0, read=1, redirect=None, status=None)) after connection broken by 'NewConnectionError("HTTPConnection(host='222.127.90.218', port=80): Failed to establish a new connection: [WinError 10065] A socket operation was attempted to an unreachable host")': /api/exec
2026-06-05 10:23:05 [ERROR] APIDbManager: execute_query network error: HTTPConnectionPool(host='222.127.90.218', port=80): Max retries exceeded with url: /api/exec (Caused by NewConnectionError("HTTPConnection(host='222.127.90.218', port=80): Failed to establish a new connection: [WinError 10065] A socket operation was attempted to an unreachable host"))
2026-06-05 10:23:05 [WARNING] urllib3.connectionpool: Retrying (Retry(total=0, connect=0, read=1, redirect=None, status=None)) after connection broken by 'NewConnectionError("HTTPConnection(host='222.127.90.218', port=80): Failed to establish a new connection: [WinError 10065] A socket operation was attempted to an unreachable host")': /api/exec
2026-06-05 10:23:05 [WARNING] APIDbManager: Transient network error, retrying in 0.8s: HTTPConnectionPool(host='222.127.90.218', port=80): Max retries exceeded with url: /api/exec (Caused by NewConnectionError("HTTPConnection(host='222.127.90.218', port=80): Failed to establish a new connection: [WinError 10065] A socket operation was attempted to an unreachable host"))
2026-06-05 10:23:06 [WARNING] urllib3.connectionpool: Retrying (Retry(total=0, connect=0, read=1, redirect=None, status=None)) after connection broken by 'NewConnectionError("HTTPConnection(host='222.127.90.218', port=80): Failed to establish a new connection: [WinError 10065] A socket operation was attempted to an unreachable host")': /api/exec
2026-06-05 10:23:06 [WARNING] APIDbManager: Transient network error, retrying in 1.6s: HTTPConnectionPool(host='222.127.90.218', port=80): Max retries exceeded with url: /api/exec (Caused by NewConnectionError("HTTPConnection(host='222.127.90.218', port=80): Failed to establish a new connection: [WinError 10065] A socket operation was attempted to an unreachable host"))
2026-06-05 10:23:08 [WARNING] urllib3.connectionpool: Retrying (Retry(total=0, connect=0, read=1, redirect=None, status=None)) after connection broken by 'NewConnectionError("HTTPConnection(host='222.127.90.218', port=80): Failed to establish a new connection: [WinError 10065] A socket operation was attempted to an unreachable host")': /api/exec
2026-06-05 10:23:08 [ERROR] APIDbManager: execute_query network error: HTTPConnectionPool(host='222.127.90.218', port=80): Max retries exceeded with url: /api/exec (Caused by NewConnectionError("HTTPConnection(host='222.127.90.218', port=80): Failed to establish a new connection: [WinError 10065] A socket operation was attempted to an unreachable host"))
2026-06-05 10:23:08 [WARNING] urllib3.connectionpool: Retrying (Retry(total=0, connect=0, read=1, redirect=None, status=None)) after connection broken by 'NewConnectionError("HTTPConnection(host='222.127.90.218', port=80): Failed to establish a new connection: [WinError 10065] A socket operation was attempted to an unreachable host")': /api/exec
2026-06-05 10:23:08 [WARNING] APIDbManager: Transient network error, retrying in 0.8s: HTTPConnectionPool(host='222.127.90.218', port=80): Max retries exceeded with url: /api/exec (Caused by NewConnectionError("HTTPConnection(host='222.127.90.218', port=80): Failed to establish a new connection: [WinError 10065] A socket operation was attempted to an unreachable host"))
2026-06-05 10:23:09 [WARNING] urllib3.connectionpool: Retrying (Retry(total=0, connect=0, read=1, redirect=None, status=None)) after connection broken by 'NewConnectionError("HTTPConnection(host='222.127.90.218', port=80): Failed to establish a new connection: [WinError 10065] A socket operation was attempted to an unreachable host")': /api/exec
2026-06-05 10:23:09 [WARNING] APIDbManager: Transient network error, retrying in 1.6s: HTTPConnectionPool(host='222.127.90.218', port=80): Max retries exceeded with url: /api/exec (Caused by NewConnectionError("HTTPConnection(host='222.127.90.218', port=80): Failed to establish a new connection: [WinError 10065] A socket operation was attempted to an unreachable host"))
2026-06-05 10:23:10 [WARNING] urllib3.connectionpool: Retrying (Retry(total=0, connect=0, read=1, redirect=None, status=None)) after connection broken by 'NewConnectionError("HTTPConnection(host='222.127.90.218', port=80): Failed to establish a new connection: [WinError 10065] A socket operation was attempted to an unreachable host")': /api/exec
2026-06-05 10:23:10 [ERROR] APIDbManager: execute_query network error: HTTPConnectionPool(host='222.127.90.218', port=80): Max retries exceeded with url: /api/exec (Caused by NewConnectionError("HTTPConnection(host='222.127.90.218', port=80): Failed to establish a new connection: [WinError 10065] A socket operation was attempted to an unreachable host"))
2026-06-05 10:23:10 [WARNING] urllib3.connectionpool: Retrying (Retry(total=0, connect=0, read=1, redirect=None, status=None)) after connection broken by 'NewConnectionError("HTTPConnection(host='222.127.90.218', port=80): Failed to establish a new connection: [WinError 10065] A socket operation was attempted to an unreachable host")': /api/exec
2026-06-05 10:23:10 [WARNING] APIDbManager: Transient network error, retrying in 0.8s: HTTPConnectionPool(host='222.127.90.218', port=80): Max retries exceeded with url: /api/exec (Caused by NewConnectionError("HTTPConnection(host='222.127.90.218', port=80): Failed to establish a new connection: [WinError 10065] A socket operation was attempted to an unreachable host"))
2026-06-05 10:23:11 [WARNING] urllib3.connectionpool: Retrying (Retry(total=0, connect=0, read=1, redirect=None, status=None)) after connection broken by 'NewConnectionError("HTTPConnection(host='222.127.90.218', port=80): Failed to establish a new connection: [WinError 10065] A socket operation was attempted to an unreachable host")': /api/exec
2026-06-05 10:23:11 [WARNING] APIDbManager: Transient network error, retrying in 1.6s: HTTPConnectionPool(host='222.127.90.218', port=80): Max retries exceeded with url: /api/exec (Caused by NewConnectionError("HTTPConnection(host='222.127.90.218', port=80): Failed to establish a new connection: [WinError 10065] A socket operation was attempted to an unreachable host"))
2026-06-05 10:23:13 [WARNING] urllib3.connectionpool: Retrying (Retry(total=0, connect=0, read=1, redirect=None, status=None)) after connection broken by 'NewConnectionError("HTTPConnection(host='222.127.90.218', port=80): Failed to establish a new connection: [WinError 10065] A socket operation was attempted to an unreachable host")': /api/exec
2026-06-05 10:23:13 [ERROR] APIDbManager: execute_query network error: HTTPConnectionPool(host='222.127.90.218', port=80): Max retries exceeded with url: /api/exec (Caused by NewConnectionError("HTTPConnection(host='222.127.90.218', port=80): Failed to establish a new connection: [WinError 10065] A socket operation was attempted to an unreachable host"))
2026-06-05 10:23:13 [WARNING] urllib3.connectionpool: Retrying (Retry(total=0, connect=0, read=1, redirect=None, status=None)) after connection broken by 'NewConnectionError("HTTPConnection(host='222.127.90.218', port=80): Failed to establish a new connection: [WinError 10065] A socket operation was attempted to an unreachable host")': /api/exec
2026-06-05 10:23:13 [WARNING] APIDbManager: Transient network error, retrying in 0.8s: HTTPConnectionPool(host='222.127.90.218', port=80): Max retries exceeded with url: /api/exec (Caused by NewConnectionError("HTTPConnection(host='222.127.90.218', port=80): Failed to establish a new connection: [WinError 10065] A socket operation was attempted to an unreachable host"))
2026-06-05 10:23:14 [WARNING] urllib3.connectionpool: Retrying (Retry(total=0, connect=0, read=1, redirect=None, status=None)) after connection broken by 'NewConnectionError("HTTPConnection(host='222.127.90.218', port=80): Failed to establish a new connection: [WinError 10065] A socket operation was attempted to an unreachable host")': /api/exec
2026-06-05 10:23:14 [WARNING] APIDbManager: Transient network error, retrying in 1.6s: HTTPConnectionPool(host='222.127.90.218', port=80): Max retries exceeded with url: /api/exec (Caused by NewConnectionError("HTTPConnection(host='222.127.90.218', port=80): Failed to establish a new connection: [WinError 10065] A socket operation was attempted to an unreachable host"))
2026-06-05 10:23:15 [WARNING] urllib3.connectionpool: Retrying (Retry(total=0, connect=0, read=1, redirect=None, status=None)) after connection broken by 'NewConnectionError("HTTPConnection(host='222.127.90.218', port=80): Failed to establish a new connection: [WinError 10065] A socket operation was attempted to an unreachable host")': /api/exec
2026-06-05 10:23:15 [ERROR] APIDbManager: execute_query network error: HTTPConnectionPool(host='222.127.90.218', port=80): Max retries exceeded with url: /api/exec (Caused by NewConnectionError("HTTPConnection(host='222.127.90.218', port=80): Failed to establish a new connection: [WinError 10065] A socket operation was attempted to an unreachable host"))
2026-06-05 10:23:15 [WARNING] urllib3.connectionpool: Retrying (Retry(total=0, connect=0, read=1, redirect=None, status=None)) after connection broken by 'NewConnectionError("HTTPConnection(host='222.127.90.218', port=80): Failed to establish a new connection: [WinError 10065] A socket operation was attempted to an unreachable host")': /api/exec
2026-06-05 10:23:15 [WARNING] APIDbManager: Transient network error, retrying in 0.8s: HTTPConnectionPool(host='222.127.90.218', port=80): Max retries exceeded with url: /api/exec (Caused by NewConnectionError("HTTPConnection(host='222.127.90.218', port=80): Failed to establish a new connection: [WinError 10065] A socket operation was attempted to an unreachable host"))
2026-06-05 10:23:16 [WARNING] urllib3.connectionpool: Retrying (Retry(total=0, connect=0, read=1, redirect=None, status=None)) after connection broken by 'NewConnectionError("HTTPConnection(host='222.127.90.218', port=80): Failed to establish a new connection: [WinError 10065] A socket operation was attempted to an unreachable host")': /api/exec
2026-06-05 10:23:16 [WARNING] APIDbManager: Transient network error, retrying in 1.6s: HTTPConnectionPool(host='222.127.90.218', port=80): Max retries exceeded with url: /api/exec (Caused by NewConnectionError("HTTPConnection(host='222.127.90.218', port=80): Failed to establish a new connection: [WinError 10065] A socket operation was attempted to an unreachable host"))
2026-06-05 10:23:18 [WARNING] urllib3.connectionpool: Retrying (Retry(total=0, connect=0, read=1, redirect=None, status=None)) after connection broken by 'NewConnectionError("HTTPConnection(host='222.127.90.218', port=80): Failed to establish a new connection: [WinError 10065] A socket operation was attempted to an unreachable host")': /api/exec
2026-06-05 10:23:18 [ERROR] APIDbManager: execute_query network error: HTTPConnectionPool(host='222.127.90.218', port=80): Max retries exceeded with url: /api/exec (Caused by NewConnectionError("HTTPConnection(host='222.127.90.218', port=80): Failed to establish a new connection: [WinError 10065] A socket operation was attempted to an unreachable host"))
2026-06-05 10:23:18 [WARNING] urllib3.connectionpool: Retrying (Retry(total=0, connect=0, read=1, redirect=None, status=None)) after connection broken by 'NewConnectionError("HTTPConnection(host='222.127.90.218', port=80): Failed to establish a new connection: [WinError 10065] A socket operation was attempted to an unreachable host")': /api/exec
2026-06-05 10:23:18 [WARNING] APIDbManager: Transient network error, retrying in 0.8s: HTTPConnectionPool(host='222.127.90.218', port=80): Max retries exceeded with url: /api/exec (Caused by NewConnectionError("HTTPConnection(host='222.127.90.218', port=80): Failed to establish a new connection: [WinError 10065] A socket operation was attempted to an unreachable host"))
2026-06-05 10:23:19 [WARNING] urllib3.connectionpool: Retrying (Retry(total=0, connect=0, read=1, redirect=None, status=None)) after connection broken by 'NewConnectionError("HTTPConnection(host='222.127.90.218', port=80): Failed to establish a new connection: [WinError 10065] A socket operation was attempted to an unreachable host")': /api/exec
2026-06-05 10:23:19 [WARNING] APIDbManager: Transient network error, retrying in 1.6s: HTTPConnectionPool(host='222.127.90.218', port=80): Max retries exceeded with url: /api/exec (Caused by NewConnectionError("HTTPConnection(host='222.127.90.218', port=80): Failed to establish a new connection: [WinError 10065] A socket operation was attempted to an unreachable host"))
2026-06-05 10:23:20 [WARNING] urllib3.connectionpool: Retrying (Retry(total=0, connect=0, read=1, redirect=None, status=None)) after connection broken by 'NewConnectionError("HTTPConnection(host='222.127.90.218', port=80): Failed to establish a new connection: [WinError 10065] A socket operation was attempted to an unreachable host")': /api/exec
2026-06-05 10:23:20 [ERROR] APIDbManager: execute_query network error: HTTPConnectionPool(host='222.127.90.218', port=80): Max retries exceeded with url: /api/exec (Caused by NewConnectionError("HTTPConnection(host='222.127.90.218', port=80): Failed to establish a new connection: [WinError 10065] A socket operation was attempted to an unreachable host"))
2026-06-05 10:23:20 [WARNING] urllib3.connectionpool: Retrying (Retry(total=0, connect=0, read=1, redirect=None, status=None)) after connection broken by 'NewConnectionError("HTTPConnection(host='222.127.90.218', port=80): Failed to establish a new connection: [WinError 10065] A socket operation was attempted to an unreachable host")': /api/exec
2026-06-05 10:23:20 [WARNING] APIDbManager: Transient network error, retrying in 0.8s: HTTPConnectionPool(host='222.127.90.218', port=80): Max retries exceeded with url: /api/exec (Caused by NewConnectionError("HTTPConnection(host='222.127.90.218', port=80): Failed to establish a new connection: [WinError 10065] A socket operation was attempted to an unreachable host"))
2026-06-05 10:23:21 [WARNING] urllib3.connectionpool: Retrying (Retry(total=0, connect=0, read=1, redirect=None, status=None)) after connection broken by 'NewConnectionError("HTTPConnection(host='222.127.90.218', port=80): Failed to establish a new connection: [WinError 10065] A socket operation was attempted to an unreachable host")': /api/exec
2026-06-05 10:23:21 [WARNING] APIDbManager: Transient network error, retrying in 1.6s: HTTPConnectionPool(host='222.127.90.218', port=80): Max retries exceeded with url: /api/exec (Caused by NewConnectionError("HTTPConnection(host='222.127.90.218', port=80): Failed to establish a new connection: [WinError 10065] A socket operation was attempted to an unreachable host"))
2026-06-05 10:23:23 [WARNING] urllib3.connectionpool: Retrying (Retry(total=0, connect=0, read=1, redirect=None, status=None)) after connection broken by 'NewConnectionError("HTTPConnection(host='222.127.90.218', port=80): Failed to establish a new connection: [WinError 10065] A socket operation was attempted to an unreachable host")': /api/exec
2026-06-05 10:23:23 [ERROR] APIDbManager: execute_query network error: HTTPConnectionPool(host='222.127.90.218', port=80): Max retries exceeded with url: /api/exec (Caused by NewConnectionError("HTTPConnection(host='222.127.90.218', port=80): Failed to establish a new connection: [WinError 10065] A socket operation was attempted to an unreachable host"))
2026-06-05 10:23:23 [WARNING] urllib3.connectionpool: Retrying (Retry(total=0, connect=0, read=1, redirect=None, status=None)) after connection broken by 'NewConnectionError("HTTPConnection(host='222.127.90.218', port=80): Failed to establish a new connection: [WinError 10065] A socket operation was attempted to an unreachable host")': /api/exec
2026-06-05 10:23:23 [WARNING] APIDbManager: Transient network error, retrying in 0.8s: HTTPConnectionPool(host='222.127.90.218', port=80): Max retries exceeded with url: /api/exec (Caused by NewConnectionError("HTTPConnection(host='222.127.90.218', port=80): Failed to establish a new connection: [WinError 10065] A socket operation was attempted to an unreachable host"))
2026-06-05 10:23:24 [WARNING] urllib3.connectionpool: Retrying (Retry(total=0, connect=0, read=1, redirect=None, status=None)) after connection broken by 'NewConnectionError("HTTPConnection(host='222.127.90.218', port=80): Failed to establish a new connection: [WinError 10065] A socket operation was attempted to an unreachable host")': /api/exec
2026-06-05 10:23:24 [WARNING] APIDbManager: Transient network error, retrying in 1.6s: HTTPConnectionPool(host='222.127.90.218', port=80): Max retries exceeded with url: /api/exec (Caused by NewConnectionError("HTTPConnection(host='222.127.90.218', port=80): Failed to establish a new connection: [WinError 10065] A socket operation was attempted to an unreachable host"))
2026-06-05 10:23:25 [WARNING] urllib3.connectionpool: Retrying (Retry(total=0, connect=0, read=1, redirect=None, status=None)) after connection broken by 'NewConnectionError("HTTPConnection(host='222.127.90.218', port=80): Failed to establish a new connection: [WinError 10065] A socket operation was attempted to an unreachable host")': /api/exec
2026-06-05 10:23:25 [ERROR] APIDbManager: execute_query network error: HTTPConnectionPool(host='222.127.90.218', port=80): Max retries exceeded with url: /api/exec (Caused by NewConnectionError("HTTPConnection(host='222.127.90.218', port=80): Failed to establish a new connection: [WinError 10065] A socket operation was attempted to an unreachable host"))
2026-06-05 10:23:25 [WARNING] urllib3.connectionpool: Retrying (Retry(total=0, connect=0, read=1, redirect=None, status=None)) after connection broken by 'NewConnectionError("HTTPConnection(host='222.127.90.218', port=80): Failed to establish a new connection: [WinError 10065] A socket operation was attempted to an unreachable host")': /api/exec
2026-06-05 10:23:25 [WARNING] APIDbManager: Transient network error, retrying in 0.8s: HTTPConnectionPool(host='222.127.90.218', port=80): Max retries exceeded with url: /api/exec (Caused by NewConnectionError("HTTPConnection(host='222.127.90.218', port=80): Failed to establish a new connection: [WinError 10065] A socket operation was attempted to an unreachable host"))
2026-06-05 10:23:26 [WARNING] urllib3.connectionpool: Retrying (Retry(total=0, connect=0, read=1, redirect=None, status=None)) after connection broken by 'NewConnectionError("HTTPConnection(host='222.127.90.218', port=80): Failed to establish a new connection: [WinError 10065] A socket operation was attempted to an unreachable host")': /api/exec
2026-06-05 10:23:26 [WARNING] APIDbManager: Transient network error, retrying in 1.6s: HTTPConnectionPool(host='222.127.90.218', port=80): Max retries exceeded with url: /api/exec (Caused by NewConnectionError("HTTPConnection(host='222.127.90.218', port=80): Failed to establish a new connection: [WinError 10065] A socket operation was attempted to an unreachable host"))
2026-06-05 10:23:28 [WARNING] urllib3.connectionpool: Retrying (Retry(total=0, connect=0, read=1, redirect=None, status=None)) after connection broken by 'NewConnectionError("HTTPConnection(host='222.127.90.218', port=80): Failed to establish a new connection: [WinError 10065] A socket operation was attempted to an unreachable host")': /api/exec
2026-06-05 10:23:28 [ERROR] APIDbManager: execute_query network error: HTTPConnectionPool(host='222.127.90.218', port=80): Max retries exceeded with url: /api/exec (Caused by NewConnectionError("HTTPConnection(host='222.127.90.218', port=80): Failed to establish a new connection: [WinError 10065] A socket operation was attempted to an unreachable host"))
2026-06-05 10:23:28 [WARNING] urllib3.connectionpool: Retrying (Retry(total=0, connect=0, read=1, redirect=None, status=None)) after connection broken by 'NewConnectionError("HTTPConnection(host='222.127.90.218', port=80): Failed to establish a new connection: [WinError 10065] A socket operation was attempted to an unreachable host")': /api/exec
2026-06-05 10:23:28 [WARNING] APIDbManager: Transient network error, retrying in 0.8s: HTTPConnectionPool(host='222.127.90.218', port=80): Max retries exceeded with url: /api/exec (Caused by NewConnectionError("HTTPConnection(host='222.127.90.218', port=80): Failed to establish a new connection: [WinError 10065] A socket operation was attempted to an unreachable host"))
2026-06-05 10:23:29 [WARNING] urllib3.connectionpool: Retrying (Retry(total=0, connect=0, read=1, redirect=None, status=None)) after connection broken by 'NewConnectionError("HTTPConnection(host='222.127.90.218', port=80): Failed to establish a new connection: [WinError 10065] A socket operation was attempted to an unreachable host")': /api/exec
2026-06-05 10:23:29 [WARNING] APIDbManager: Transient network error, retrying in 1.6s: HTTPConnectionPool(host='222.127.90.218', port=80): Max retries exceeded with url: /api/exec (Caused by NewConnectionError("HTTPConnection(host='222.127.90.218', port=80): Failed to establish a new connection: [WinError 10065] A socket operation was attempted to an unreachable host"))
2026-06-05 10:23:30 [INFO] connection_watcher: ConnectionWatcher: connection restored
2026-06-05 10:25:05 [INFO] login: Logout requested - returning to login screen
2026-06-05 10:25:05 [INFO] ping_monitor: PingMonitor stopped for CL-0381
2026-06-05 10:25:10 [INFO] ping_monitor: PingMonitor started for test_admin (admin)
2026-06-05 10:25:28 [INFO] login: Logout requested - returning to login screen
2026-06-05 10:25:28 [INFO] ping_monitor: PingMonitor stopped for test_admin
2026-06-05 10:25:32 [INFO] ping_monitor: PingMonitor started for test_admin_A (admin)
2026-06-05 10:27:53 [INFO] login: Logout requested - returning to login screen
2026-06-05 10:27:53 [INFO] ping_monitor: PingMonitor stopped for test_admin_A
2026-06-05 10:27:56 [INFO] ping_monitor: PingMonitor started for test_admin (admin)
2026-06-05 10:33:37 [INFO] RemoteDatabaseManager: API mode enabled — connecting via http://222.127.90.218
2026-06-05 10:33:40 [INFO] AutoUpdater: Silent updater: Checking for updates...
2026-06-05 10:33:40 [INFO] AutoUpdater: Silent update status: Checking for updates...
2026-06-05 10:33:41 [INFO] AutoUpdater: Silent updater: Already on latest version (1.0.0)
2026-06-05 10:33:41 [INFO] AutoUpdater: Silent update status: Already up to date
2026-06-05 10:34:05 [INFO] ping_monitor: PingMonitor started for CL-0381 (user)
2026-06-05 10:34:05 [INFO] APIDbManager: API token obtained from http://222.127.90.218
2026-06-05 10:34:05 [INFO] APIDbManager: API token obtained from http://222.127.90.218
2026-06-05 10:34:23 [WARNING] urllib3.connectionpool: Retrying (Retry(total=0, connect=1, read=0, redirect=None, status=None)) after connection broken by 'ReadTimeoutError("HTTPConnectionPool(host='222.127.90.218', port=80): Read timed out. (read timeout=3)")': /api/exec
2026-06-05 10:34:23 [WARNING] APIDbManager: Transient network error, retrying in 0.8s: HTTPConnectionPool(host='222.127.90.218', port=80): Max retries exceeded with url: /api/exec (Caused by NewConnectionError("HTTPConnection(host='222.127.90.218', port=80): Failed to establish a new connection: [WinError 10065] A socket operation was attempted to an unreachable host"))
2026-06-05 10:34:24 [WARNING] urllib3.connectionpool: Retrying (Retry(total=0, connect=0, read=1, redirect=None, status=None)) after connection broken by 'NewConnectionError("HTTPConnection(host='222.127.90.218', port=80): Failed to establish a new connection: [WinError 10065] A socket operation was attempted to an unreachable host")': /api/exec
2026-06-05 10:34:24 [WARNING] APIDbManager: Transient network error, retrying in 1.6s: HTTPConnectionPool(host='222.127.90.218', port=80): Max retries exceeded with url: /api/exec (Caused by NewConnectionError("HTTPConnection(host='222.127.90.218', port=80): Failed to establish a new connection: [WinError 10065] A socket operation was attempted to an unreachable host"))
2026-06-05 10:34:26 [WARNING] urllib3.connectionpool: Retrying (Retry(total=0, connect=0, read=1, redirect=None, status=None)) after connection broken by 'NewConnectionError("HTTPConnection(host='222.127.90.218', port=80): Failed to establish a new connection: [WinError 10065] A socket operation was attempted to an unreachable host")': /api/exec
2026-06-05 10:34:26 [ERROR] APIDbManager: execute_query network error: HTTPConnectionPool(host='222.127.90.218', port=80): Max retries exceeded with url: /api/exec (Caused by NewConnectionError("HTTPConnection(host='222.127.90.218', port=80): Failed to establish a new connection: [WinError 10065] A socket operation was attempted to an unreachable host"))
2026-06-05 10:34:26 [WARNING] urllib3.connectionpool: Retrying (Retry(total=0, connect=0, read=1, redirect=None, status=None)) after connection broken by 'NewConnectionError("HTTPConnection(host='222.127.90.218', port=80): Failed to establish a new connection: [WinError 10065] A socket operation was attempted to an unreachable host")': /api/exec
2026-06-05 10:34:26 [WARNING] APIDbManager: Transient network error, retrying in 0.8s: HTTPConnectionPool(host='222.127.90.218', port=80): Max retries exceeded with url: /api/exec (Caused by NewConnectionError("HTTPConnection(host='222.127.90.218', port=80): Failed to establish a new connection: [WinError 10065] A socket operation was attempted to an unreachable host"))
2026-06-05 10:34:27 [WARNING] urllib3.connectionpool: Retrying (Retry(total=0, connect=0, read=1, redirect=None, status=None)) after connection broken by 'NewConnectionError("HTTPConnection(host='222.127.90.218', port=80): Failed to establish a new connection: [WinError 10065] A socket operation was attempted to an unreachable host")': /api/exec
2026-06-05 10:34:27 [WARNING] APIDbManager: Transient network error, retrying in 1.6s: HTTPConnectionPool(host='222.127.90.218', port=80): Max retries exceeded with url: /api/exec (Caused by NewConnectionError("HTTPConnection(host='222.127.90.218', port=80): Failed to establish a new connection: [WinError 10065] A socket operation was attempted to an unreachable host"))
2026-06-05 10:34:28 [WARNING] urllib3.connectionpool: Retrying (Retry(total=0, connect=0, read=1, redirect=None, status=None)) after connection broken by 'NewConnectionError("HTTPConnection(host='222.127.90.218', port=80): Failed to establish a new connection: [WinError 10065] A socket operation was attempted to an unreachable host")': /api/exec
2026-06-05 10:34:28 [ERROR] APIDbManager: execute_query network error: HTTPConnectionPool(host='222.127.90.218', port=80): Max retries exceeded with url: /api/exec (Caused by NewConnectionError("HTTPConnection(host='222.127.90.218', port=80): Failed to establish a new connection: [WinError 10065] A socket operation was attempted to an unreachable host"))
2026-06-05 10:34:30 [WARNING] urllib3.connectionpool: Retrying (Retry(total=0, connect=0, read=1, redirect=None, status=None)) after connection broken by 'NewConnectionError("HTTPConnection(host='222.127.90.218', port=80): Failed to establish a new connection: [WinError 10065] A socket operation was attempted to an unreachable host")': /api/exec
2026-06-05 10:34:30 [WARNING] APIDbManager: Transient network error, retrying in 0.8s: HTTPConnectionPool(host='222.127.90.218', port=80): Max retries exceeded with url: /api/exec (Caused by NewConnectionError("HTTPConnection(host='222.127.90.218', port=80): Failed to establish a new connection: [WinError 10065] A socket operation was attempted to an unreachable host"))
2026-06-05 10:34:31 [WARNING] urllib3.connectionpool: Retrying (Retry(total=0, connect=0, read=1, redirect=None, status=None)) after connection broken by 'NewConnectionError("HTTPConnection(host='222.127.90.218', port=80): Failed to establish a new connection: [WinError 10065] A socket operation was attempted to an unreachable host")': /api/exec
2026-06-05 10:34:31 [WARNING] APIDbManager: Transient network error, retrying in 1.6s: HTTPConnectionPool(host='222.127.90.218', port=80): Max retries exceeded with url: /api/exec (Caused by NewConnectionError("HTTPConnection(host='222.127.90.218', port=80): Failed to establish a new connection: [WinError 10065] A socket operation was attempted to an unreachable host"))
2026-06-05 10:34:33 [WARNING] urllib3.connectionpool: Retrying (Retry(total=0, connect=0, read=1, redirect=None, status=None)) after connection broken by 'NewConnectionError("HTTPConnection(host='222.127.90.218', port=80): Failed to establish a new connection: [WinError 10065] A socket operation was attempted to an unreachable host")': /api/exec
2026-06-05 10:34:33 [ERROR] APIDbManager: execute_query network error: HTTPConnectionPool(host='222.127.90.218', port=80): Max retries exceeded with url: /api/exec (Caused by NewConnectionError("HTTPConnection(host='222.127.90.218', port=80): Failed to establish a new connection: [WinError 10065] A socket operation was attempted to an unreachable host"))
2026-06-05 10:34:33 [WARNING] urllib3.connectionpool: Retrying (Retry(total=0, connect=0, read=1, redirect=None, status=None)) after connection broken by 'NewConnectionError("HTTPConnection(host='222.127.90.218', port=80): Failed to establish a new connection: [WinError 10065] A socket operation was attempted to an unreachable host")': /api/exec
2026-06-05 10:34:33 [WARNING] APIDbManager: Transient network error, retrying in 0.8s: HTTPConnectionPool(host='222.127.90.218', port=80): Max retries exceeded with url: /api/exec (Caused by NewConnectionError("HTTPConnection(host='222.127.90.218', port=80): Failed to establish a new connection: [WinError 10065] A socket operation was attempted to an unreachable host"))
2026-06-05 10:34:34 [WARNING] urllib3.connectionpool: Retrying (Retry(total=0, connect=0, read=1, redirect=None, status=None)) after connection broken by 'NewConnectionError("HTTPConnection(host='222.127.90.218', port=80): Failed to establish a new connection: [WinError 10065] A socket operation was attempted to an unreachable host")': /api/exec
2026-06-05 10:34:34 [WARNING] APIDbManager: Transient network error, retrying in 1.6s: HTTPConnectionPool(host='222.127.90.218', port=80): Max retries exceeded with url: /api/exec (Caused by NewConnectionError("HTTPConnection(host='222.127.90.218', port=80): Failed to establish a new connection: [WinError 10065] A socket operation was attempted to an unreachable host"))
2026-06-05 10:34:35 [WARNING] urllib3.connectionpool: Retrying (Retry(total=0, connect=0, read=1, redirect=None, status=None)) after connection broken by 'NewConnectionError("HTTPConnection(host='222.127.90.218', port=80): Failed to establish a new connection: [WinError 10065] A socket operation was attempted to an unreachable host")': /api/exec
2026-06-05 10:34:35 [ERROR] APIDbManager: execute_query network error: HTTPConnectionPool(host='222.127.90.218', port=80): Max retries exceeded with url: /api/exec (Caused by NewConnectionError("HTTPConnection(host='222.127.90.218', port=80): Failed to establish a new connection: [WinError 10065] A socket operation was attempted to an unreachable host"))
2026-06-05 10:34:35 [WARNING] urllib3.connectionpool: Retrying (Retry(total=0, connect=0, read=1, redirect=None, status=None)) after connection broken by 'NewConnectionError("HTTPConnection(host='222.127.90.218', port=80): Failed to establish a new connection: [WinError 10065] A socket operation was attempted to an unreachable host")': /api/exec
2026-06-05 10:34:35 [WARNING] APIDbManager: Transient network error, retrying in 0.8s: HTTPConnectionPool(host='222.127.90.218', port=80): Max retries exceeded with url: /api/exec (Caused by NewConnectionError("HTTPConnection(host='222.127.90.218', port=80): Failed to establish a new connection: [WinError 10065] A socket operation was attempted to an unreachable host"))
2026-06-05 10:34:36 [WARNING] urllib3.connectionpool: Retrying (Retry(total=0, connect=0, read=1, redirect=None, status=None)) after connection broken by 'NewConnectionError("HTTPConnection(host='222.127.90.218', port=80): Failed to establish a new connection: [WinError 10065] A socket operation was attempted to an unreachable host")': /api/exec
2026-06-05 10:34:36 [WARNING] APIDbManager: Transient network error, retrying in 1.6s: HTTPConnectionPool(host='222.127.90.218', port=80): Max retries exceeded with url: /api/exec (Caused by NewConnectionError("HTTPConnection(host='222.127.90.218', port=80): Failed to establish a new connection: [WinError 10065] A socket operation was attempted to an unreachable host"))
2026-06-05 10:34:38 [WARNING] urllib3.connectionpool: Retrying (Retry(total=0, connect=0, read=1, redirect=None, status=None)) after connection broken by 'NewConnectionError("HTTPConnection(host='222.127.90.218', port=80): Failed to establish a new connection: [WinError 10065] A socket operation was attempted to an unreachable host")': /api/exec
2026-06-05 10:34:38 [ERROR] APIDbManager: execute_query network error: HTTPConnectionPool(host='222.127.90.218', port=80): Max retries exceeded with url: /api/exec (Caused by NewConnectionError("HTTPConnection(host='222.127.90.218', port=80): Failed to establish a new connection: [WinError 10065] A socket operation was attempted to an unreachable host"))
2026-06-05 10:34:38 [WARNING] urllib3.connectionpool: Retrying (Retry(total=0, connect=0, read=1, redirect=None, status=None)) after connection broken by 'NewConnectionError("HTTPConnection(host='222.127.90.218', port=80): Failed to establish a new connection: [WinError 10065] A socket operation was attempted to an unreachable host")': /api/exec
2026-06-05 10:34:38 [WARNING] APIDbManager: Transient network error, retrying in 0.8s: HTTPConnectionPool(host='222.127.90.218', port=80): Max retries exceeded with url: /api/exec (Caused by NewConnectionError("HTTPConnection(host='222.127.90.218', port=80): Failed to establish a new connection: [WinError 10065] A socket operation was attempted to an unreachable host"))
2026-06-05 10:34:39 [WARNING] urllib3.connectionpool: Retrying (Retry(total=0, connect=0, read=1, redirect=None, status=None)) after connection broken by 'NewConnectionError("HTTPConnection(host='222.127.90.218', port=80): Failed to establish a new connection: [WinError 10065] A socket operation was attempted to an unreachable host")': /api/exec
2026-06-05 10:34:39 [WARNING] APIDbManager: Transient network error, retrying in 1.6s: HTTPConnectionPool(host='222.127.90.218', port=80): Max retries exceeded with url: /api/exec (Caused by NewConnectionError("HTTPConnection(host='222.127.90.218', port=80): Failed to establish a new connection: [WinError 10065] A socket operation was attempted to an unreachable host"))
2026-06-05 10:34:40 [WARNING] urllib3.connectionpool: Retrying (Retry(total=0, connect=0, read=1, redirect=None, status=None)) after connection broken by 'NewConnectionError("HTTPConnection(host='222.127.90.218', port=80): Failed to establish a new connection: [WinError 10065] A socket operation was attempted to an unreachable host")': /api/exec
2026-06-05 10:34:40 [ERROR] APIDbManager: execute_query network error: HTTPConnectionPool(host='222.127.90.218', port=80): Max retries exceeded with url: /api/exec (Caused by NewConnectionError("HTTPConnection(host='222.127.90.218', port=80): Failed to establish a new connection: [WinError 10065] A socket operation was attempted to an unreachable host"))
2026-06-05 10:34:40 [WARNING] urllib3.connectionpool: Retrying (Retry(total=0, connect=0, read=1, redirect=None, status=None)) after connection broken by 'NewConnectionError("HTTPConnection(host='222.127.90.218', port=80): Failed to establish a new connection: [WinError 10065] A socket operation was attempted to an unreachable host")': /api/exec
2026-06-05 10:34:41 [WARNING] APIDbManager: Transient network error, retrying in 0.8s: HTTPConnectionPool(host='222.127.90.218', port=80): Max retries exceeded with url: /api/exec (Caused by NewConnectionError("HTTPConnection(host='222.127.90.218', port=80): Failed to establish a new connection: [WinError 10065] A socket operation was attempted to an unreachable host"))
2026-06-05 10:34:41 [WARNING] urllib3.connectionpool: Retrying (Retry(total=0, connect=0, read=1, redirect=None, status=None)) after connection broken by 'NewConnectionError("HTTPConnection(host='222.127.90.218', port=80): Failed to establish a new connection: [WinError 10065] A socket operation was attempted to an unreachable host")': /api/exec
2026-06-05 10:34:41 [WARNING] APIDbManager: Transient network error, retrying in 1.6s: HTTPConnectionPool(host='222.127.90.218', port=80): Max retries exceeded with url: /api/exec (Caused by NewConnectionError("HTTPConnection(host='222.127.90.218', port=80): Failed to establish a new connection: [WinError 10065] A socket operation was attempted to an unreachable host"))
2026-06-05 10:34:43 [WARNING] urllib3.connectionpool: Retrying (Retry(total=0, connect=0, read=1, redirect=None, status=None)) after connection broken by 'NewConnectionError("HTTPConnection(host='222.127.90.218', port=80): Failed to establish a new connection: [WinError 10065] A socket operation was attempted to an unreachable host")': /api/exec
2026-06-05 10:34:43 [ERROR] APIDbManager: execute_query network error: HTTPConnectionPool(host='222.127.90.218', port=80): Max retries exceeded with url: /api/exec (Caused by NewConnectionError("HTTPConnection(host='222.127.90.218', port=80): Failed to establish a new connection: [WinError 10065] A socket operation was attempted to an unreachable host"))
2026-06-05 10:34:43 [WARNING] urllib3.connectionpool: Retrying (Retry(total=0, connect=0, read=1, redirect=None, status=None)) after connection broken by 'NewConnectionError("HTTPConnection(host='222.127.90.218', port=80): Failed to establish a new connection: [WinError 10065] A socket operation was attempted to an unreachable host")': /api/exec
2026-06-05 10:34:43 [WARNING] APIDbManager: Transient network error, retrying in 0.8s: HTTPConnectionPool(host='222.127.90.218', port=80): Max retries exceeded with url: /api/exec (Caused by NewConnectionError("HTTPConnection(host='222.127.90.218', port=80): Failed to establish a new connection: [WinError 10065] A socket operation was attempted to an unreachable host"))
2026-06-05 10:34:44 [WARNING] urllib3.connectionpool: Retrying (Retry(total=0, connect=0, read=1, redirect=None, status=None)) after connection broken by 'NewConnectionError("HTTPConnection(host='222.127.90.218', port=80): Failed to establish a new connection: [WinError 10065] A socket operation was attempted to an unreachable host")': /api/exec
2026-06-05 10:34:44 [WARNING] APIDbManager: Transient network error, retrying in 1.6s: HTTPConnectionPool(host='222.127.90.218', port=80): Max retries exceeded with url: /api/exec (Caused by NewConnectionError("HTTPConnection(host='222.127.90.218', port=80): Failed to establish a new connection: [WinError 10065] A socket operation was attempted to an unreachable host"))
2026-06-05 10:34:45 [WARNING] urllib3.connectionpool: Retrying (Retry(total=0, connect=0, read=1, redirect=None, status=None)) after connection broken by 'NewConnectionError("HTTPConnection(host='222.127.90.218', port=80): Failed to establish a new connection: [WinError 10065] A socket operation was attempted to an unreachable host")': /api/exec
2026-06-05 10:34:45 [ERROR] APIDbManager: execute_query network error: HTTPConnectionPool(host='222.127.90.218', port=80): Max retries exceeded with url: /api/exec (Caused by NewConnectionError("HTTPConnection(host='222.127.90.218', port=80): Failed to establish a new connection: [WinError 10065] A socket operation was attempted to an unreachable host"))
2026-06-05 10:34:45 [WARNING] urllib3.connectionpool: Retrying (Retry(total=0, connect=0, read=1, redirect=None, status=None)) after connection broken by 'NewConnectionError("HTTPConnection(host='222.127.90.218', port=80): Failed to establish a new connection: [WinError 10065] A socket operation was attempted to an unreachable host")': /api/exec
2026-06-05 10:34:46 [WARNING] APIDbManager: Transient network error, retrying in 0.8s: HTTPConnectionPool(host='222.127.90.218', port=80): Max retries exceeded with url: /api/exec (Caused by NewConnectionError("HTTPConnection(host='222.127.90.218', port=80): Failed to establish a new connection: [WinError 10065] A socket operation was attempted to an unreachable host"))
2026-06-05 10:34:46 [WARNING] urllib3.connectionpool: Retrying (Retry(total=0, connect=0, read=1, redirect=None, status=None)) after connection broken by 'NewConnectionError("HTTPConnection(host='222.127.90.218', port=80): Failed to establish a new connection: [WinError 10065] A socket operation was attempted to an unreachable host")': /api/exec
2026-06-05 10:34:46 [WARNING] APIDbManager: Transient network error, retrying in 1.6s: HTTPConnectionPool(host='222.127.90.218', port=80): Max retries exceeded with url: /api/exec (Caused by NewConnectionError("HTTPConnection(host='222.127.90.218', port=80): Failed to establish a new connection: [WinError 10065] A socket operation was attempted to an unreachable host"))
2026-06-05 10:34:48 [WARNING] urllib3.connectionpool: Retrying (Retry(total=0, connect=0, read=1, redirect=None, status=None)) after connection broken by 'NewConnectionError("HTTPConnection(host='222.127.90.218', port=80): Failed to establish a new connection: [WinError 10065] A socket operation was attempted to an unreachable host")': /api/exec
2026-06-05 10:34:48 [ERROR] APIDbManager: execute_query network error: HTTPConnectionPool(host='222.127.90.218', port=80): Max retries exceeded with url: /api/exec (Caused by NewConnectionError("HTTPConnection(host='222.127.90.218', port=80): Failed to establish a new connection: [WinError 10065] A socket operation was attempted to an unreachable host"))
2026-06-05 10:34:48 [WARNING] urllib3.connectionpool: Retrying (Retry(total=0, connect=0, read=1, redirect=None, status=None)) after connection broken by 'NewConnectionError("HTTPConnection(host='222.127.90.218', port=80): Failed to establish a new connection: [WinError 10065] A socket operation was attempted to an unreachable host")': /api/exec
2026-06-05 10:34:48 [WARNING] APIDbManager: Transient network error, retrying in 0.8s: HTTPConnectionPool(host='222.127.90.218', port=80): Max retries exceeded with url: /api/exec (Caused by NewConnectionError("HTTPConnection(host='222.127.90.218', port=80): Failed to establish a new connection: [WinError 10065] A socket operation was attempted to an unreachable host"))
2026-06-05 10:34:49 [WARNING] urllib3.connectionpool: Retrying (Retry(total=0, connect=0, read=1, redirect=None, status=None)) after connection broken by 'NewConnectionError("HTTPConnection(host='222.127.90.218', port=80): Failed to establish a new connection: [WinError 10065] A socket operation was attempted to an unreachable host")': /api/exec
2026-06-05 10:34:49 [WARNING] APIDbManager: Transient network error, retrying in 1.6s: HTTPConnectionPool(host='222.127.90.218', port=80): Max retries exceeded with url: /api/exec (Caused by NewConnectionError("HTTPConnection(host='222.127.90.218', port=80): Failed to establish a new connection: [WinError 10065] A socket operation was attempted to an unreachable host"))
2026-06-05 10:34:50 [WARNING] urllib3.connectionpool: Retrying (Retry(total=0, connect=0, read=1, redirect=None, status=None)) after connection broken by 'NewConnectionError("HTTPConnection(host='222.127.90.218', port=80): Failed to establish a new connection: [WinError 10065] A socket operation was attempted to an unreachable host")': /api/exec
2026-06-05 10:34:50 [ERROR] APIDbManager: execute_query network error: HTTPConnectionPool(host='222.127.90.218', port=80): Max retries exceeded with url: /api/exec (Caused by NewConnectionError("HTTPConnection(host='222.127.90.218', port=80): Failed to establish a new connection: [WinError 10065] A socket operation was attempted to an unreachable host"))
2026-06-05 10:34:50 [WARNING] urllib3.connectionpool: Retrying (Retry(total=0, connect=0, read=1, redirect=None, status=None)) after connection broken by 'NewConnectionError("HTTPConnection(host='222.127.90.218', port=80): Failed to establish a new connection: [WinError 10065] A socket operation was attempted to an unreachable host")': /api/exec
2026-06-05 10:34:50 [WARNING] APIDbManager: Transient network error, retrying in 0.8s: HTTPConnectionPool(host='222.127.90.218', port=80): Max retries exceeded with url: /api/exec (Caused by NewConnectionError("HTTPConnection(host='222.127.90.218', port=80): Failed to establish a new connection: [WinError 10065] A socket operation was attempted to an unreachable host"))
2026-06-05 10:34:51 [WARNING] urllib3.connectionpool: Retrying (Retry(total=0, connect=0, read=1, redirect=None, status=None)) after connection broken by 'NewConnectionError("HTTPConnection(host='222.127.90.218', port=80): Failed to establish a new connection: [WinError 10065] A socket operation was attempted to an unreachable host")': /api/exec
2026-06-05 10:34:51 [WARNING] APIDbManager: Transient network error, retrying in 1.6s: HTTPConnectionPool(host='222.127.90.218', port=80): Max retries exceeded with url: /api/exec (Caused by NewConnectionError("HTTPConnection(host='222.127.90.218', port=80): Failed to establish a new connection: [WinError 10065] A socket operation was attempted to an unreachable host"))
2026-06-05 10:34:53 [WARNING] urllib3.connectionpool: Retrying (Retry(total=0, connect=0, read=1, redirect=None, status=None)) after connection broken by 'NewConnectionError("HTTPConnection(host='222.127.90.218', port=80): Failed to establish a new connection: [WinError 10065] A socket operation was attempted to an unreachable host")': /api/exec
2026-06-05 10:34:53 [ERROR] APIDbManager: execute_query network error: HTTPConnectionPool(host='222.127.90.218', port=80): Max retries exceeded with url: /api/exec (Caused by NewConnectionError("HTTPConnection(host='222.127.90.218', port=80): Failed to establish a new connection: [WinError 10065] A socket operation was attempted to an unreachable host"))
2026-06-05 10:34:53 [WARNING] urllib3.connectionpool: Retrying (Retry(total=0, connect=0, read=1, redirect=None, status=None)) after connection broken by 'NewConnectionError("HTTPConnection(host='222.127.90.218', port=80): Failed to establish a new connection: [WinError 10065] A socket operation was attempted to an unreachable host")': /api/exec
2026-06-05 10:34:53 [WARNING] APIDbManager: Transient network error, retrying in 0.8s: HTTPConnectionPool(host='222.127.90.218', port=80): Max retries exceeded with url: /api/exec (Caused by NewConnectionError("HTTPConnection(host='222.127.90.218', port=80): Failed to establish a new connection: [WinError 10065] A socket operation was attempted to an unreachable host"))
2026-06-05 10:34:54 [WARNING] urllib3.connectionpool: Retrying (Retry(total=0, connect=0, read=1, redirect=None, status=None)) after connection broken by 'NewConnectionError("HTTPConnection(host='222.127.90.218', port=80): Failed to establish a new connection: [WinError 10065] A socket operation was attempted to an unreachable host")': /api/exec
2026-06-05 10:34:54 [WARNING] APIDbManager: Transient network error, retrying in 1.6s: HTTPConnectionPool(host='222.127.90.218', port=80): Max retries exceeded with url: /api/exec (Caused by NewConnectionError("HTTPConnection(host='222.127.90.218', port=80): Failed to establish a new connection: [WinError 10065] A socket operation was attempted to an unreachable host"))
2026-06-05 10:34:55 [WARNING] urllib3.connectionpool: Retrying (Retry(total=0, connect=0, read=1, redirect=None, status=None)) after connection broken by 'NewConnectionError("HTTPConnection(host='222.127.90.218', port=80): Failed to establish a new connection: [WinError 10065] A socket operation was attempted to an unreachable host")': /api/exec
2026-06-05 10:34:55 [ERROR] APIDbManager: execute_query network error: HTTPConnectionPool(host='222.127.90.218', port=80): Max retries exceeded with url: /api/exec (Caused by NewConnectionError("HTTPConnection(host='222.127.90.218', port=80): Failed to establish a new connection: [WinError 10065] A socket operation was attempted to an unreachable host"))
2026-06-05 10:34:55 [WARNING] urllib3.connectionpool: Retrying (Retry(total=0, connect=0, read=1, redirect=None, status=None)) after connection broken by 'NewConnectionError("HTTPConnection(host='222.127.90.218', port=80): Failed to establish a new connection: [WinError 10065] A socket operation was attempted to an unreachable host")': /api/exec
2026-06-05 10:34:55 [WARNING] APIDbManager: Transient network error, retrying in 0.8s: HTTPConnectionPool(host='222.127.90.218', port=80): Max retries exceeded with url: /api/exec (Caused by NewConnectionError("HTTPConnection(host='222.127.90.218', port=80): Failed to establish a new connection: [WinError 10065] A socket operation was attempted to an unreachable host"))
2026-06-05 10:34:56 [WARNING] urllib3.connectionpool: Retrying (Retry(total=0, connect=0, read=1, redirect=None, status=None)) after connection broken by 'NewConnectionError("HTTPConnection(host='222.127.90.218', port=80): Failed to establish a new connection: [WinError 10065] A socket operation was attempted to an unreachable host")': /api/exec
2026-06-05 10:34:56 [WARNING] APIDbManager: Transient network error, retrying in 1.6s: HTTPConnectionPool(host='222.127.90.218', port=80): Max retries exceeded with url: /api/exec (Caused by NewConnectionError("HTTPConnection(host='222.127.90.218', port=80): Failed to establish a new connection: [WinError 10065] A socket operation was attempted to an unreachable host"))
2026-06-05 10:34:58 [WARNING] urllib3.connectionpool: Retrying (Retry(total=0, connect=0, read=1, redirect=None, status=None)) after connection broken by 'NewConnectionError("HTTPConnection(host='222.127.90.218', port=80): Failed to establish a new connection: [WinError 10065] A socket operation was attempted to an unreachable host")': /api/exec
2026-06-05 10:34:58 [ERROR] APIDbManager: execute_query network error: HTTPConnectionPool(host='222.127.90.218', port=80): Max retries exceeded with url: /api/exec (Caused by NewConnectionError("HTTPConnection(host='222.127.90.218', port=80): Failed to establish a new connection: [WinError 10065] A socket operation was attempted to an unreachable host"))
2026-06-05 10:34:58 [WARNING] urllib3.connectionpool: Retrying (Retry(total=0, connect=0, read=1, redirect=None, status=None)) after connection broken by 'NewConnectionError("HTTPConnection(host='222.127.90.218', port=80): Failed to establish a new connection: [WinError 10065] A socket operation was attempted to an unreachable host")': /api/exec
2026-06-05 10:34:58 [WARNING] APIDbManager: Transient network error, retrying in 0.8s: HTTPConnectionPool(host='222.127.90.218', port=80): Max retries exceeded with url: /api/exec (Caused by NewConnectionError("HTTPConnection(host='222.127.90.218', port=80): Failed to establish a new connection: [WinError 10065] A socket operation was attempted to an unreachable host"))
2026-06-05 10:34:59 [WARNING] urllib3.connectionpool: Retrying (Retry(total=0, connect=0, read=1, redirect=None, status=None)) after connection broken by 'NewConnectionError("HTTPConnection(host='222.127.90.218', port=80): Failed to establish a new connection: [WinError 10065] A socket operation was attempted to an unreachable host")': /api/exec
2026-06-05 10:34:59 [WARNING] APIDbManager: Transient network error, retrying in 1.6s: HTTPConnectionPool(host='222.127.90.218', port=80): Max retries exceeded with url: /api/exec (Caused by NewConnectionError("HTTPConnection(host='222.127.90.218', port=80): Failed to establish a new connection: [WinError 10065] A socket operation was attempted to an unreachable host"))
2026-06-05 10:35:00 [WARNING] urllib3.connectionpool: Retrying (Retry(total=0, connect=0, read=1, redirect=None, status=None)) after connection broken by 'NewConnectionError("HTTPConnection(host='222.127.90.218', port=80): Failed to establish a new connection: [WinError 10065] A socket operation was attempted to an unreachable host")': /api/exec
2026-06-05 10:35:00 [ERROR] APIDbManager: execute_query network error: HTTPConnectionPool(host='222.127.90.218', port=80): Max retries exceeded with url: /api/exec (Caused by NewConnectionError("HTTPConnection(host='222.127.90.218', port=80): Failed to establish a new connection: [WinError 10065] A socket operation was attempted to an unreachable host"))
2026-06-05 10:35:00 [WARNING] urllib3.connectionpool: Retrying (Retry(total=0, connect=0, read=1, redirect=None, status=None)) after connection broken by 'NewConnectionError("HTTPConnection(host='222.127.90.218', port=80): Failed to establish a new connection: [WinError 10065] A socket operation was attempted to an unreachable host")': /api/exec
2026-06-05 10:35:00 [WARNING] APIDbManager: Transient network error, retrying in 0.8s: HTTPConnectionPool(host='222.127.90.218', port=80): Max retries exceeded with url: /api/exec (Caused by NewConnectionError("HTTPConnection(host='222.127.90.218', port=80): Failed to establish a new connection: [WinError 10065] A socket operation was attempted to an unreachable host"))
2026-06-05 10:35:01 [WARNING] urllib3.connectionpool: Retrying (Retry(total=0, connect=0, read=1, redirect=None, status=None)) after connection broken by 'NewConnectionError("HTTPConnection(host='222.127.90.218', port=80): Failed to establish a new connection: [WinError 10065] A socket operation was attempted to an unreachable host")': /api/exec
2026-06-05 10:35:01 [WARNING] APIDbManager: Transient network error, retrying in 1.6s: HTTPConnectionPool(host='222.127.90.218', port=80): Max retries exceeded with url: /api/exec (Caused by NewConnectionError("HTTPConnection(host='222.127.90.218', port=80): Failed to establish a new connection: [WinError 10065] A socket operation was attempted to an unreachable host"))
2026-06-05 10:35:03 [WARNING] urllib3.connectionpool: Retrying (Retry(total=0, connect=0, read=1, redirect=None, status=None)) after connection broken by 'NewConnectionError("HTTPConnection(host='222.127.90.218', port=80): Failed to establish a new connection: [WinError 10065] A socket operation was attempted to an unreachable host")': /api/exec
2026-06-05 10:35:03 [ERROR] APIDbManager: execute_query network error: HTTPConnectionPool(host='222.127.90.218', port=80): Max retries exceeded with url: /api/exec (Caused by NewConnectionError("HTTPConnection(host='222.127.90.218', port=80): Failed to establish a new connection: [WinError 10065] A socket operation was attempted to an unreachable host"))
2026-06-05 10:35:03 [WARNING] urllib3.connectionpool: Retrying (Retry(total=0, connect=0, read=1, redirect=None, status=None)) after connection broken by 'NewConnectionError("HTTPConnection(host='222.127.90.218', port=80): Failed to establish a new connection: [WinError 10065] A socket operation was attempted to an unreachable host")': /api/exec
2026-06-05 10:35:03 [WARNING] APIDbManager: Transient network error, retrying in 0.8s: HTTPConnectionPool(host='222.127.90.218', port=80): Max retries exceeded with url: /api/exec (Caused by NewConnectionError("HTTPConnection(host='222.127.90.218', port=80): Failed to establish a new connection: [WinError 10065] A socket operation was attempted to an unreachable host"))
2026-06-05 10:35:04 [WARNING] urllib3.connectionpool: Retrying (Retry(total=0, connect=0, read=1, redirect=None, status=None)) after connection broken by 'NewConnectionError("HTTPConnection(host='222.127.90.218', port=80): Failed to establish a new connection: [WinError 10065] A socket operation was attempted to an unreachable host")': /api/exec
2026-06-05 10:35:04 [WARNING] APIDbManager: Transient network error, retrying in 1.6s: HTTPConnectionPool(host='222.127.90.218', port=80): Max retries exceeded with url: /api/exec (Caused by NewConnectionError("HTTPConnection(host='222.127.90.218', port=80): Failed to establish a new connection: [WinError 10065] A socket operation was attempted to an unreachable host"))
2026-06-05 10:36:16 [INFO] RemoteDatabaseManager: API mode enabled — connecting via http://222.127.90.218
2026-06-05 10:36:18 [INFO] AutoUpdater: Silent updater: Checking for updates...
2026-06-05 10:36:19 [INFO] AutoUpdater: Silent update status: Checking for updates...
2026-06-05 10:36:19 [INFO] AutoUpdater: Silent updater: Already on latest version (1.0.0)
2026-06-05 10:36:19 [INFO] AutoUpdater: Silent update status: Already up to date
2026-06-05 10:36:20 [INFO] ping_monitor: PingMonitor started for CL-0381 (user)
2026-06-05 10:36:20 [INFO] APIDbManager: API token obtained from http://222.127.90.218
2026-06-05 10:36:20 [INFO] APIDbManager: API token obtained from http://222.127.90.218
2026-06-05 10:36:28 [WARNING] urllib3.connectionpool: Retrying (Retry(total=0, connect=1, read=0, redirect=None, status=None)) after connection broken by 'ReadTimeoutError("HTTPConnectionPool(host='222.127.90.218', port=80): Read timed out. (read timeout=3)")': /api/exec
2026-06-05 10:36:28 [WARNING] APIDbManager: Transient network error, retrying in 0.8s: HTTPConnectionPool(host='222.127.90.218', port=80): Max retries exceeded with url: /api/exec (Caused by NewConnectionError("HTTPConnection(host='222.127.90.218', port=80): Failed to establish a new connection: [WinError 10065] A socket operation was attempted to an unreachable host"))
2026-06-05 10:36:29 [WARNING] urllib3.connectionpool: Retrying (Retry(total=0, connect=0, read=1, redirect=None, status=None)) after connection broken by 'NewConnectionError("HTTPConnection(host='222.127.90.218', port=80): Failed to establish a new connection: [WinError 10065] A socket operation was attempted to an unreachable host")': /api/exec
2026-06-05 10:36:29 [WARNING] APIDbManager: Transient network error, retrying in 1.6s: HTTPConnectionPool(host='222.127.90.218', port=80): Max retries exceeded with url: /api/exec (Caused by NewConnectionError("HTTPConnection(host='222.127.90.218', port=80): Failed to establish a new connection: [WinError 10065] A socket operation was attempted to an unreachable host"))
2026-06-05 10:36:31 [WARNING] urllib3.connectionpool: Retrying (Retry(total=0, connect=0, read=1, redirect=None, status=None)) after connection broken by 'NewConnectionError("HTTPConnection(host='222.127.90.218', port=80): Failed to establish a new connection: [WinError 10065] A socket operation was attempted to an unreachable host")': /api/exec
2026-06-05 10:36:31 [ERROR] APIDbManager: execute_query network error: HTTPConnectionPool(host='222.127.90.218', port=80): Max retries exceeded with url: /api/exec (Caused by NewConnectionError("HTTPConnection(host='222.127.90.218', port=80): Failed to establish a new connection: [WinError 10065] A socket operation was attempted to an unreachable host"))
2026-06-05 10:36:31 [WARNING] urllib3.connectionpool: Retrying (Retry(total=0, connect=0, read=1, redirect=None, status=None)) after connection broken by 'NewConnectionError("HTTPConnection(host='222.127.90.218', port=80): Failed to establish a new connection: [WinError 10065] A socket operation was attempted to an unreachable host")': /api/exec
2026-06-05 10:36:31 [WARNING] APIDbManager: Transient network error, retrying in 0.8s: HTTPConnectionPool(host='222.127.90.218', port=80): Max retries exceeded with url: /api/exec (Caused by NewConnectionError("HTTPConnection(host='222.127.90.218', port=80): Failed to establish a new connection: [WinError 10065] A socket operation was attempted to an unreachable host"))
2026-06-05 10:36:31 [WARNING] urllib3.connectionpool: Retrying (Retry(total=0, connect=0, read=1, redirect=None, status=None)) after connection broken by 'NewConnectionError("HTTPConnection(host='222.127.90.218', port=80): Failed to establish a new connection: [WinError 10065] A socket operation was attempted to an unreachable host")': /api/exec
2026-06-05 10:36:31 [WARNING] APIDbManager: Transient network error, retrying in 1.6s: HTTPConnectionPool(host='222.127.90.218', port=80): Max retries exceeded with url: /api/exec (Caused by NewConnectionError("HTTPConnection(host='222.127.90.218', port=80): Failed to establish a new connection: [WinError 10065] A socket operation was attempted to an unreachable host"))
2026-06-05 10:36:33 [WARNING] urllib3.connectionpool: Retrying (Retry(total=0, connect=0, read=1, redirect=None, status=None)) after connection broken by 'NewConnectionError("HTTPConnection(host='222.127.90.218', port=80): Failed to establish a new connection: [WinError 10065] A socket operation was attempted to an unreachable host")': /api/exec
2026-06-05 10:36:33 [ERROR] APIDbManager: execute_query network error: HTTPConnectionPool(host='222.127.90.218', port=80): Max retries exceeded with url: /api/exec (Caused by NewConnectionError("HTTPConnection(host='222.127.90.218', port=80): Failed to establish a new connection: [WinError 10065] A socket operation was attempted to an unreachable host"))
2026-06-05 10:36:35 [WARNING] urllib3.connectionpool: Retrying (Retry(total=0, connect=0, read=1, redirect=None, status=None)) after connection broken by 'NewConnectionError("HTTPConnection(host='222.127.90.218', port=80): Failed to establish a new connection: [WinError 10065] A socket operation was attempted to an unreachable host")': /api/exec
2026-06-05 10:36:35 [WARNING] APIDbManager: Transient network error, retrying in 0.8s: HTTPConnectionPool(host='222.127.90.218', port=80): Max retries exceeded with url: /api/exec (Caused by NewConnectionError("HTTPConnection(host='222.127.90.218', port=80): Failed to establish a new connection: [WinError 10065] A socket operation was attempted to an unreachable host"))
2026-06-05 10:36:36 [WARNING] urllib3.connectionpool: Retrying (Retry(total=0, connect=0, read=1, redirect=None, status=None)) after connection broken by 'NewConnectionError("HTTPConnection(host='222.127.90.218', port=80): Failed to establish a new connection: [WinError 10065] A socket operation was attempted to an unreachable host")': /api/exec
2026-06-05 10:36:36 [WARNING] APIDbManager: Transient network error, retrying in 1.6s: HTTPConnectionPool(host='222.127.90.218', port=80): Max retries exceeded with url: /api/exec (Caused by NewConnectionError("HTTPConnection(host='222.127.90.218', port=80): Failed to establish a new connection: [WinError 10065] A socket operation was attempted to an unreachable host"))
2026-06-05 10:36:38 [WARNING] urllib3.connectionpool: Retrying (Retry(total=0, connect=0, read=1, redirect=None, status=None)) after connection broken by 'NewConnectionError("HTTPConnection(host='222.127.90.218', port=80): Failed to establish a new connection: [WinError 10065] A socket operation was attempted to an unreachable host")': /api/exec
2026-06-05 10:36:38 [ERROR] APIDbManager: execute_query network error: HTTPConnectionPool(host='222.127.90.218', port=80): Max retries exceeded with url: /api/exec (Caused by NewConnectionError("HTTPConnection(host='222.127.90.218', port=80): Failed to establish a new connection: [WinError 10065] A socket operation was attempted to an unreachable host"))
2026-06-05 10:36:38 [WARNING] urllib3.connectionpool: Retrying (Retry(total=0, connect=0, read=1, redirect=None, status=None)) after connection broken by 'NewConnectionError("HTTPConnection(host='222.127.90.218', port=80): Failed to establish a new connection: [WinError 10065] A socket operation was attempted to an unreachable host")': /api/exec
2026-06-05 10:36:38 [WARNING] APIDbManager: Transient network error, retrying in 0.8s: HTTPConnectionPool(host='222.127.90.218', port=80): Max retries exceeded with url: /api/exec (Caused by NewConnectionError("HTTPConnection(host='222.127.90.218', port=80): Failed to establish a new connection: [WinError 10065] A socket operation was attempted to an unreachable host"))
2026-06-05 10:36:38 [WARNING] urllib3.connectionpool: Retrying (Retry(total=0, connect=0, read=1, redirect=None, status=None)) after connection broken by 'NewConnectionError("HTTPConnection(host='222.127.90.218', port=80): Failed to establish a new connection: [WinError 10065] A socket operation was attempted to an unreachable host")': /api/exec
2026-06-05 10:36:38 [WARNING] APIDbManager: Transient network error, retrying in 1.6s: HTTPConnectionPool(host='222.127.90.218', port=80): Max retries exceeded with url: /api/exec (Caused by NewConnectionError("HTTPConnection(host='222.127.90.218', port=80): Failed to establish a new connection: [WinError 10065] A socket operation was attempted to an unreachable host"))
2026-06-05 10:36:40 [WARNING] urllib3.connectionpool: Retrying (Retry(total=0, connect=0, read=1, redirect=None, status=None)) after connection broken by 'NewConnectionError("HTTPConnection(host='222.127.90.218', port=80): Failed to establish a new connection: [WinError 10065] A socket operation was attempted to an unreachable host")': /api/exec
2026-06-05 10:36:40 [ERROR] APIDbManager: execute_query network error: HTTPConnectionPool(host='222.127.90.218', port=80): Max retries exceeded with url: /api/exec (Caused by NewConnectionError("HTTPConnection(host='222.127.90.218', port=80): Failed to establish a new connection: [WinError 10065] A socket operation was attempted to an unreachable host"))
2026-06-05 10:36:40 [WARNING] urllib3.connectionpool: Retrying (Retry(total=0, connect=0, read=1, redirect=None, status=None)) after connection broken by 'NewConnectionError("HTTPConnection(host='222.127.90.218', port=80): Failed to establish a new connection: [WinError 10065] A socket operation was attempted to an unreachable host")': /api/exec
2026-06-05 10:36:40 [WARNING] APIDbManager: Transient network error, retrying in 0.8s: HTTPConnectionPool(host='222.127.90.218', port=80): Max retries exceeded with url: /api/exec (Caused by NewConnectionError("HTTPConnection(host='222.127.90.218', port=80): Failed to establish a new connection: [WinError 10065] A socket operation was attempted to an unreachable host"))
2026-06-05 10:36:41 [WARNING] urllib3.connectionpool: Retrying (Retry(total=0, connect=0, read=1, redirect=None, status=None)) after connection broken by 'NewConnectionError("HTTPConnection(host='222.127.90.218', port=80): Failed to establish a new connection: [WinError 10065] A socket operation was attempted to an unreachable host")': /api/exec
2026-06-05 10:36:41 [WARNING] APIDbManager: Transient network error, retrying in 1.6s: HTTPConnectionPool(host='222.127.90.218', port=80): Max retries exceeded with url: /api/exec (Caused by NewConnectionError("HTTPConnection(host='222.127.90.218', port=80): Failed to establish a new connection: [WinError 10065] A socket operation was attempted to an unreachable host"))
2026-06-05 10:36:43 [WARNING] urllib3.connectionpool: Retrying (Retry(total=0, connect=0, read=1, redirect=None, status=None)) after connection broken by 'NewConnectionError("HTTPConnection(host='222.127.90.218', port=80): Failed to establish a new connection: [WinError 10065] A socket operation was attempted to an unreachable host")': /api/exec
2026-06-05 10:36:43 [ERROR] APIDbManager: execute_query network error: HTTPConnectionPool(host='222.127.90.218', port=80): Max retries exceeded with url: /api/exec (Caused by NewConnectionError("HTTPConnection(host='222.127.90.218', port=80): Failed to establish a new connection: [WinError 10065] A socket operation was attempted to an unreachable host"))
2026-06-05 10:36:43 [WARNING] urllib3.connectionpool: Retrying (Retry(total=0, connect=0, read=1, redirect=None, status=None)) after connection broken by 'NewConnectionError("HTTPConnection(host='222.127.90.218', port=80): Failed to establish a new connection: [WinError 10065] A socket operation was attempted to an unreachable host")': /api/exec
2026-06-05 10:36:43 [WARNING] APIDbManager: Transient network error, retrying in 0.8s: HTTPConnectionPool(host='222.127.90.218', port=80): Max retries exceeded with url: /api/exec (Caused by NewConnectionError("HTTPConnection(host='222.127.90.218', port=80): Failed to establish a new connection: [WinError 10065] A socket operation was attempted to an unreachable host"))
2026-06-05 10:36:43 [WARNING] urllib3.connectionpool: Retrying (Retry(total=0, connect=0, read=1, redirect=None, status=None)) after connection broken by 'NewConnectionError("HTTPConnection(host='222.127.90.218', port=80): Failed to establish a new connection: [WinError 10065] A socket operation was attempted to an unreachable host")': /api/exec
2026-06-05 10:36:43 [WARNING] APIDbManager: Transient network error, retrying in 1.6s: HTTPConnectionPool(host='222.127.90.218', port=80): Max retries exceeded with url: /api/exec (Caused by NewConnectionError("HTTPConnection(host='222.127.90.218', port=80): Failed to establish a new connection: [WinError 10065] A socket operation was attempted to an unreachable host"))
2026-06-05 10:36:45 [WARNING] urllib3.connectionpool: Retrying (Retry(total=0, connect=0, read=1, redirect=None, status=None)) after connection broken by 'NewConnectionError("HTTPConnection(host='222.127.90.218', port=80): Failed to establish a new connection: [WinError 10065] A socket operation was attempted to an unreachable host")': /api/exec
2026-06-05 10:36:45 [ERROR] APIDbManager: execute_query network error: HTTPConnectionPool(host='222.127.90.218', port=80): Max retries exceeded with url: /api/exec (Caused by NewConnectionError("HTTPConnection(host='222.127.90.218', port=80): Failed to establish a new connection: [WinError 10065] A socket operation was attempted to an unreachable host"))
2026-06-05 10:36:45 [WARNING] urllib3.connectionpool: Retrying (Retry(total=0, connect=0, read=1, redirect=None, status=None)) after connection broken by 'NewConnectionError("HTTPConnection(host='222.127.90.218', port=80): Failed to establish a new connection: [WinError 10065] A socket operation was attempted to an unreachable host")': /api/exec
2026-06-05 10:36:45 [WARNING] APIDbManager: Transient network error, retrying in 0.8s: HTTPConnectionPool(host='222.127.90.218', port=80): Max retries exceeded with url: /api/exec (Caused by NewConnectionError("HTTPConnection(host='222.127.90.218', port=80): Failed to establish a new connection: [WinError 10065] A socket operation was attempted to an unreachable host"))
2026-06-05 10:36:46 [WARNING] urllib3.connectionpool: Retrying (Retry(total=0, connect=0, read=1, redirect=None, status=None)) after connection broken by 'NewConnectionError("HTTPConnection(host='222.127.90.218', port=80): Failed to establish a new connection: [WinError 10065] A socket operation was attempted to an unreachable host")': /api/exec
2026-06-05 10:36:46 [WARNING] APIDbManager: Transient network error, retrying in 1.6s: HTTPConnectionPool(host='222.127.90.218', port=80): Max retries exceeded with url: /api/exec (Caused by NewConnectionError("HTTPConnection(host='222.127.90.218', port=80): Failed to establish a new connection: [WinError 10065] A socket operation was attempted to an unreachable host"))
2026-06-05 10:36:48 [WARNING] urllib3.connectionpool: Retrying (Retry(total=0, connect=0, read=1, redirect=None, status=None)) after connection broken by 'NewConnectionError("HTTPConnection(host='222.127.90.218', port=80): Failed to establish a new connection: [WinError 10065] A socket operation was attempted to an unreachable host")': /api/exec
2026-06-05 10:36:48 [ERROR] APIDbManager: execute_query network error: HTTPConnectionPool(host='222.127.90.218', port=80): Max retries exceeded with url: /api/exec (Caused by NewConnectionError("HTTPConnection(host='222.127.90.218', port=80): Failed to establish a new connection: [WinError 10065] A socket operation was attempted to an unreachable host"))
2026-06-05 10:36:48 [WARNING] urllib3.connectionpool: Retrying (Retry(total=0, connect=0, read=1, redirect=None, status=None)) after connection broken by 'NewConnectionError("HTTPConnection(host='222.127.90.218', port=80): Failed to establish a new connection: [WinError 10065] A socket operation was attempted to an unreachable host")': /api/exec
2026-06-05 10:36:48 [WARNING] APIDbManager: Transient network error, retrying in 0.8s: HTTPConnectionPool(host='222.127.90.218', port=80): Max retries exceeded with url: /api/exec (Caused by NewConnectionError("HTTPConnection(host='222.127.90.218', port=80): Failed to establish a new connection: [WinError 10065] A socket operation was attempted to an unreachable host"))
2026-06-05 10:36:48 [WARNING] urllib3.connectionpool: Retrying (Retry(total=0, connect=0, read=1, redirect=None, status=None)) after connection broken by 'NewConnectionError("HTTPConnection(host='222.127.90.218', port=80): Failed to establish a new connection: [WinError 10065] A socket operation was attempted to an unreachable host")': /api/exec
2026-06-05 10:36:48 [WARNING] APIDbManager: Transient network error, retrying in 1.6s: HTTPConnectionPool(host='222.127.90.218', port=80): Max retries exceeded with url: /api/exec (Caused by NewConnectionError("HTTPConnection(host='222.127.90.218', port=80): Failed to establish a new connection: [WinError 10065] A socket operation was attempted to an unreachable host"))
2026-06-05 10:36:50 [WARNING] urllib3.connectionpool: Retrying (Retry(total=0, connect=0, read=1, redirect=None, status=None)) after connection broken by 'NewConnectionError("HTTPConnection(host='222.127.90.218', port=80): Failed to establish a new connection: [WinError 10065] A socket operation was attempted to an unreachable host")': /api/exec
2026-06-05 10:36:50 [ERROR] APIDbManager: execute_query network error: HTTPConnectionPool(host='222.127.90.218', port=80): Max retries exceeded with url: /api/exec (Caused by NewConnectionError("HTTPConnection(host='222.127.90.218', port=80): Failed to establish a new connection: [WinError 10065] A socket operation was attempted to an unreachable host"))
2026-06-05 10:36:50 [WARNING] urllib3.connectionpool: Retrying (Retry(total=0, connect=0, read=1, redirect=None, status=None)) after connection broken by 'NewConnectionError("HTTPConnection(host='222.127.90.218', port=80): Failed to establish a new connection: [WinError 10065] A socket operation was attempted to an unreachable host")': /api/exec
2026-06-05 10:36:50 [WARNING] APIDbManager: Transient network error, retrying in 0.8s: HTTPConnectionPool(host='222.127.90.218', port=80): Max retries exceeded with url: /api/exec (Caused by NewConnectionError("HTTPConnection(host='222.127.90.218', port=80): Failed to establish a new connection: [WinError 10065] A socket operation was attempted to an unreachable host"))
2026-06-05 10:36:51 [WARNING] urllib3.connectionpool: Retrying (Retry(total=0, connect=0, read=1, redirect=None, status=None)) after connection broken by 'NewConnectionError("HTTPConnection(host='222.127.90.218', port=80): Failed to establish a new connection: [WinError 10065] A socket operation was attempted to an unreachable host")': /api/exec
2026-06-05 10:36:51 [WARNING] APIDbManager: Transient network error, retrying in 1.6s: HTTPConnectionPool(host='222.127.90.218', port=80): Max retries exceeded with url: /api/exec (Caused by NewConnectionError("HTTPConnection(host='222.127.90.218', port=80): Failed to establish a new connection: [WinError 10065] A socket operation was attempted to an unreachable host"))
2026-06-05 10:36:53 [WARNING] urllib3.connectionpool: Retrying (Retry(total=0, connect=0, read=1, redirect=None, status=None)) after connection broken by 'NewConnectionError("HTTPConnection(host='222.127.90.218', port=80): Failed to establish a new connection: [WinError 10065] A socket operation was attempted to an unreachable host")': /api/exec
2026-06-05 10:36:53 [ERROR] APIDbManager: execute_query network error: HTTPConnectionPool(host='222.127.90.218', port=80): Max retries exceeded with url: /api/exec (Caused by NewConnectionError("HTTPConnection(host='222.127.90.218', port=80): Failed to establish a new connection: [WinError 10065] A socket operation was attempted to an unreachable host"))
2026-06-05 10:36:53 [WARNING] urllib3.connectionpool: Retrying (Retry(total=0, connect=0, read=1, redirect=None, status=None)) after connection broken by 'NewConnectionError("HTTPConnection(host='222.127.90.218', port=80): Failed to establish a new connection: [WinError 10065] A socket operation was attempted to an unreachable host")': /api/exec
2026-06-05 10:36:53 [WARNING] APIDbManager: Transient network error, retrying in 0.8s: HTTPConnectionPool(host='222.127.90.218', port=80): Max retries exceeded with url: /api/exec (Caused by NewConnectionError("HTTPConnection(host='222.127.90.218', port=80): Failed to establish a new connection: [WinError 10065] A socket operation was attempted to an unreachable host"))
2026-06-05 10:36:53 [WARNING] urllib3.connectionpool: Retrying (Retry(total=0, connect=0, read=1, redirect=None, status=None)) after connection broken by 'NewConnectionError("HTTPConnection(host='222.127.90.218', port=80): Failed to establish a new connection: [WinError 10065] A socket operation was attempted to an unreachable host")': /api/exec
2026-06-05 10:36:53 [WARNING] APIDbManager: Transient network error, retrying in 1.6s: HTTPConnectionPool(host='222.127.90.218', port=80): Max retries exceeded with url: /api/exec (Caused by NewConnectionError("HTTPConnection(host='222.127.90.218', port=80): Failed to establish a new connection: [WinError 10065] A socket operation was attempted to an unreachable host"))
2026-06-05 10:36:55 [WARNING] urllib3.connectionpool: Retrying (Retry(total=0, connect=0, read=1, redirect=None, status=None)) after connection broken by 'NewConnectionError("HTTPConnection(host='222.127.90.218', port=80): Failed to establish a new connection: [WinError 10065] A socket operation was attempted to an unreachable host")': /api/exec
2026-06-05 10:36:55 [ERROR] APIDbManager: execute_query network error: HTTPConnectionPool(host='222.127.90.218', port=80): Max retries exceeded with url: /api/exec (Caused by NewConnectionError("HTTPConnection(host='222.127.90.218', port=80): Failed to establish a new connection: [WinError 10065] A socket operation was attempted to an unreachable host"))
2026-06-05 10:36:55 [WARNING] urllib3.connectionpool: Retrying (Retry(total=0, connect=0, read=1, redirect=None, status=None)) after connection broken by 'NewConnectionError("HTTPConnection(host='222.127.90.218', port=80): Failed to establish a new connection: [WinError 10065] A socket operation was attempted to an unreachable host")': /api/exec
2026-06-05 10:36:55 [WARNING] APIDbManager: Transient network error, retrying in 0.8s: HTTPConnectionPool(host='222.127.90.218', port=80): Max retries exceeded with url: /api/exec (Caused by NewConnectionError("HTTPConnection(host='222.127.90.218', port=80): Failed to establish a new connection: [WinError 10065] A socket operation was attempted to an unreachable host"))
2026-06-05 10:36:56 [WARNING] urllib3.connectionpool: Retrying (Retry(total=0, connect=0, read=1, redirect=None, status=None)) after connection broken by 'NewConnectionError("HTTPConnection(host='222.127.90.218', port=80): Failed to establish a new connection: [WinError 10065] A socket operation was attempted to an unreachable host")': /api/exec
2026-06-05 10:36:56 [WARNING] APIDbManager: Transient network error, retrying in 1.6s: HTTPConnectionPool(host='222.127.90.218', port=80): Max retries exceeded with url: /api/exec (Caused by NewConnectionError("HTTPConnection(host='222.127.90.218', port=80): Failed to establish a new connection: [WinError 10065] A socket operation was attempted to an unreachable host"))
2026-06-05 10:36:58 [WARNING] urllib3.connectionpool: Retrying (Retry(total=0, connect=0, read=1, redirect=None, status=None)) after connection broken by 'NewConnectionError("HTTPConnection(host='222.127.90.218', port=80): Failed to establish a new connection: [WinError 10065] A socket operation was attempted to an unreachable host")': /api/exec
2026-06-05 10:36:58 [ERROR] APIDbManager: execute_query network error: HTTPConnectionPool(host='222.127.90.218', port=80): Max retries exceeded with url: /api/exec (Caused by NewConnectionError("HTTPConnection(host='222.127.90.218', port=80): Failed to establish a new connection: [WinError 10065] A socket operation was attempted to an unreachable host"))
2026-06-05 10:36:58 [WARNING] urllib3.connectionpool: Retrying (Retry(total=0, connect=0, read=1, redirect=None, status=None)) after connection broken by 'NewConnectionError("HTTPConnection(host='222.127.90.218', port=80): Failed to establish a new connection: [WinError 10065] A socket operation was attempted to an unreachable host")': /api/exec
2026-06-05 10:36:58 [WARNING] APIDbManager: Transient network error, retrying in 0.8s: HTTPConnectionPool(host='222.127.90.218', port=80): Max retries exceeded with url: /api/exec (Caused by NewConnectionError("HTTPConnection(host='222.127.90.218', port=80): Failed to establish a new connection: [WinError 10065] A socket operation was attempted to an unreachable host"))
2026-06-05 10:36:58 [WARNING] urllib3.connectionpool: Retrying (Retry(total=0, connect=0, read=1, redirect=None, status=None)) after connection broken by 'NewConnectionError("HTTPConnection(host='222.127.90.218', port=80): Failed to establish a new connection: [WinError 10065] A socket operation was attempted to an unreachable host")': /api/exec
2026-06-05 10:36:58 [WARNING] APIDbManager: Transient network error, retrying in 1.6s: HTTPConnectionPool(host='222.127.90.218', port=80): Max retries exceeded with url: /api/exec (Caused by NewConnectionError("HTTPConnection(host='222.127.90.218', port=80): Failed to establish a new connection: [WinError 10065] A socket operation was attempted to an unreachable host"))
2026-06-05 10:37:00 [WARNING] urllib3.connectionpool: Retrying (Retry(total=0, connect=0, read=1, redirect=None, status=None)) after connection broken by 'NewConnectionError("HTTPConnection(host='222.127.90.218', port=80): Failed to establish a new connection: [WinError 10065] A socket operation was attempted to an unreachable host")': /api/exec
2026-06-05 10:37:00 [ERROR] APIDbManager: execute_query network error: HTTPConnectionPool(host='222.127.90.218', port=80): Max retries exceeded with url: /api/exec (Caused by NewConnectionError("HTTPConnection(host='222.127.90.218', port=80): Failed to establish a new connection: [WinError 10065] A socket operation was attempted to an unreachable host"))
2026-06-05 10:37:00 [WARNING] urllib3.connectionpool: Retrying (Retry(total=0, connect=0, read=1, redirect=None, status=None)) after connection broken by 'NewConnectionError("HTTPConnection(host='222.127.90.218', port=80): Failed to establish a new connection: [WinError 10065] A socket operation was attempted to an unreachable host")': /api/exec
2026-06-05 10:37:00 [WARNING] APIDbManager: Transient network error, retrying in 0.8s: HTTPConnectionPool(host='222.127.90.218', port=80): Max retries exceeded with url: /api/exec (Caused by NewConnectionError("HTTPConnection(host='222.127.90.218', port=80): Failed to establish a new connection: [WinError 10065] A socket operation was attempted to an unreachable host"))
2026-06-05 10:37:01 [WARNING] urllib3.connectionpool: Retrying (Retry(total=0, connect=0, read=1, redirect=None, status=None)) after connection broken by 'NewConnectionError("HTTPConnection(host='222.127.90.218', port=80): Failed to establish a new connection: [WinError 10065] A socket operation was attempted to an unreachable host")': /api/exec
2026-06-05 10:37:01 [WARNING] APIDbManager: Transient network error, retrying in 1.6s: HTTPConnectionPool(host='222.127.90.218', port=80): Max retries exceeded with url: /api/exec (Caused by NewConnectionError("HTTPConnection(host='222.127.90.218', port=80): Failed to establish a new connection: [WinError 10065] A socket operation was attempted to an unreachable host"))
2026-06-05 10:37:03 [WARNING] urllib3.connectionpool: Retrying (Retry(total=0, connect=0, read=1, redirect=None, status=None)) after connection broken by 'NewConnectionError("HTTPConnection(host='222.127.90.218', port=80): Failed to establish a new connection: [WinError 10065] A socket operation was attempted to an unreachable host")': /api/exec
2026-06-05 10:37:03 [ERROR] APIDbManager: execute_query network error: HTTPConnectionPool(host='222.127.90.218', port=80): Max retries exceeded with url: /api/exec (Caused by NewConnectionError("HTTPConnection(host='222.127.90.218', port=80): Failed to establish a new connection: [WinError 10065] A socket operation was attempted to an unreachable host"))
2026-06-05 10:37:03 [WARNING] urllib3.connectionpool: Retrying (Retry(total=0, connect=0, read=1, redirect=None, status=None)) after connection broken by 'NewConnectionError("HTTPConnection(host='222.127.90.218', port=80): Failed to establish a new connection: [WinError 10065] A socket operation was attempted to an unreachable host")': /api/exec
2026-06-05 10:37:03 [WARNING] APIDbManager: Transient network error, retrying in 0.8s: HTTPConnectionPool(host='222.127.90.218', port=80): Max retries exceeded with url: /api/exec (Caused by NewConnectionError("HTTPConnection(host='222.127.90.218', port=80): Failed to establish a new connection: [WinError 10065] A socket operation was attempted to an unreachable host"))
2026-06-05 10:37:04 [WARNING] urllib3.connectionpool: Retrying (Retry(total=0, connect=0, read=1, redirect=None, status=None)) after connection broken by 'NewConnectionError("HTTPConnection(host='222.127.90.218', port=80): Failed to establish a new connection: [WinError 10065] A socket operation was attempted to an unreachable host")': /api/exec
2026-06-05 10:37:04 [WARNING] APIDbManager: Transient network error, retrying in 1.6s: HTTPConnectionPool(host='222.127.90.218', port=80): Max retries exceeded with url: /api/exec (Caused by NewConnectionError("HTTPConnection(host='222.127.90.218', port=80): Failed to establish a new connection: [WinError 10065] A socket operation was attempted to an unreachable host"))
2026-06-05 10:37:05 [WARNING] urllib3.connectionpool: Retrying (Retry(total=0, connect=0, read=1, redirect=None, status=None)) after connection broken by 'NewConnectionError("HTTPConnection(host='222.127.90.218', port=80): Failed to establish a new connection: [WinError 10065] A socket operation was attempted to an unreachable host")': /api/exec
2026-06-05 10:37:05 [ERROR] APIDbManager: execute_query network error: HTTPConnectionPool(host='222.127.90.218', port=80): Max retries exceeded with url: /api/exec (Caused by NewConnectionError("HTTPConnection(host='222.127.90.218', port=80): Failed to establish a new connection: [WinError 10065] A socket operation was attempted to an unreachable host"))
2026-06-05 10:46:51 [INFO] RemoteDatabaseManager: API mode enabled — connecting via http://222.127.90.218
2026-06-05 10:46:54 [INFO] AutoUpdater: Silent updater: Checking for updates...
2026-06-05 10:46:54 [INFO] AutoUpdater: Silent update status: Checking for updates...
2026-06-05 10:46:54 [INFO] AutoUpdater: Silent updater: Already on latest version (1.0.0)
2026-06-05 10:46:54 [INFO] AutoUpdater: Silent update status: Already up to date
2026-06-05 10:46:56 [INFO] ping_monitor: PingMonitor started for CL-0381 (user)
2026-06-05 10:46:56 [INFO] APIDbManager: API token obtained from http://222.127.90.218
2026-06-05 10:46:56 [INFO] APIDbManager: API token obtained from http://222.127.90.218
2026-06-05 10:50:28 [INFO] RemoteDatabaseManager: API mode enabled — connecting via http://222.127.90.218
2026-06-05 10:50:31 [INFO] AutoUpdater: Silent updater: Checking for updates...
2026-06-05 10:50:31 [INFO] AutoUpdater: Silent update status: Checking for updates...
2026-06-05 10:50:32 [INFO] AutoUpdater: Silent updater: Already on latest version (1.0.0)
2026-06-05 10:50:32 [INFO] AutoUpdater: Silent update status: Already up to date
2026-06-05 10:50:33 [INFO] ping_monitor: PingMonitor started for CL-0381 (user)
2026-06-05 10:50:33 [INFO] APIDbManager: API token obtained from http://222.127.90.218
2026-06-05 10:50:33 [INFO] APIDbManager: API token obtained from http://222.127.90.218
2026-06-05 10:50:42 [INFO] login: Logout requested - returning to login screen
2026-06-05 10:50:42 [INFO] ping_monitor: PingMonitor stopped for CL-0381
2026-06-05 10:50:47 [INFO] ping_monitor: PingMonitor started for test_admin (admin)
2026-06-05 10:51:00 [INFO] login: Logout requested - returning to login screen
2026-06-05 10:51:00 [INFO] ping_monitor: PingMonitor stopped for test_admin
2026-06-05 10:51:05 [INFO] ping_monitor: PingMonitor started for CL-0381 (user)
2026-06-05 10:51:05 [INFO] APIDbManager: API token obtained from http://222.127.90.218
2026-06-05 10:51:21 [WARNING] urllib3.connectionpool: Retrying (Retry(total=0, connect=1, read=0, redirect=None, status=None)) after connection broken by 'ReadTimeoutError("HTTPConnectionPool(host='222.127.90.218', port=80): Read timed out. (read timeout=1)")': /api/exec
2026-06-05 10:51:21 [WARNING] APIDbManager: Transient network error, retrying in 0.8s: HTTPConnectionPool(host='222.127.90.218', port=80): Max retries exceeded with url: /api/exec (Caused by NewConnectionError("HTTPConnection(host='222.127.90.218', port=80): Failed to establish a new connection: [WinError 10065] A socket operation was attempted to an unreachable host"))
2026-06-05 10:51:22 [WARNING] urllib3.connectionpool: Retrying (Retry(total=0, connect=0, read=1, redirect=None, status=None)) after connection broken by 'NewConnectionError("HTTPConnection(host='222.127.90.218', port=80): Failed to establish a new connection: [WinError 10065] A socket operation was attempted to an unreachable host")': /api/exec
2026-06-05 10:51:22 [WARNING] APIDbManager: Transient network error, retrying in 1.6s: HTTPConnectionPool(host='222.127.90.218', port=80): Max retries exceeded with url: /api/exec (Caused by NewConnectionError("HTTPConnection(host='222.127.90.218', port=80): Failed to establish a new connection: [WinError 10065] A socket operation was attempted to an unreachable host"))
2026-06-05 10:51:23 [WARNING] urllib3.connectionpool: Retrying (Retry(total=0, connect=0, read=1, redirect=None, status=None)) after connection broken by 'NewConnectionError("HTTPConnection(host='222.127.90.218', port=80): Failed to establish a new connection: [WinError 10065] A socket operation was attempted to an unreachable host")': /api/exec
2026-06-05 10:51:23 [ERROR] APIDbManager: execute_query network error: HTTPConnectionPool(host='222.127.90.218', port=80): Max retries exceeded with url: /api/exec (Caused by NewConnectionError("HTTPConnection(host='222.127.90.218', port=80): Failed to establish a new connection: [WinError 10065] A socket operation was attempted to an unreachable host"))
2026-06-05 10:51:23 [WARNING] urllib3.connectionpool: Retrying (Retry(total=0, connect=0, read=1, redirect=None, status=None)) after connection broken by 'NewConnectionError("HTTPConnection(host='222.127.90.218', port=80): Failed to establish a new connection: [WinError 10065] A socket operation was attempted to an unreachable host")': /api/exec
2026-06-05 10:51:23 [WARNING] APIDbManager: Transient network error, retrying in 0.8s: HTTPConnectionPool(host='222.127.90.218', port=80): Max retries exceeded with url: /api/exec (Caused by NewConnectionError("HTTPConnection(host='222.127.90.218', port=80): Failed to establish a new connection: [WinError 10065] A socket operation was attempted to an unreachable host"))
2026-06-05 10:51:24 [WARNING] urllib3.connectionpool: Retrying (Retry(total=0, connect=0, read=1, redirect=None, status=None)) after connection broken by 'NewConnectionError("HTTPConnection(host='222.127.90.218', port=80): Failed to establish a new connection: [WinError 10065] A socket operation was attempted to an unreachable host")': /api/exec
2026-06-05 10:51:24 [WARNING] APIDbManager: Transient network error, retrying in 1.6s: HTTPConnectionPool(host='222.127.90.218', port=80): Max retries exceeded with url: /api/exec (Caused by NewConnectionError("HTTPConnection(host='222.127.90.218', port=80): Failed to establish a new connection: [WinError 10065] A socket operation was attempted to an unreachable host"))
2026-06-05 10:51:26 [WARNING] urllib3.connectionpool: Retrying (Retry(total=0, connect=0, read=1, redirect=None, status=None)) after connection broken by 'NewConnectionError("HTTPConnection(host='222.127.90.218', port=80): Failed to establish a new connection: [WinError 10065] A socket operation was attempted to an unreachable host")': /api/exec
2026-06-05 10:51:26 [ERROR] APIDbManager: execute_query network error: HTTPConnectionPool(host='222.127.90.218', port=80): Max retries exceeded with url: /api/exec (Caused by NewConnectionError("HTTPConnection(host='222.127.90.218', port=80): Failed to establish a new connection: [WinError 10065] A socket operation was attempted to an unreachable host"))
2026-06-05 10:51:45 [WARNING] urllib3.connectionpool: Retrying (Retry(total=1, connect=2, read=1, redirect=None, status=None)) after connection broken by 'ConnectionResetError(10054, 'An existing connection was forcibly closed by the remote host', None, 10054, None)': /api/exec
2026-06-05 10:51:46 [WARNING] urllib3.connectionpool: Retrying (Retry(total=0, connect=1, read=1, redirect=None, status=None)) after connection broken by 'NewConnectionError("HTTPConnection(host='222.127.90.218', port=80): Failed to establish a new connection: [WinError 10065] A socket operation was attempted to an unreachable host")': /api/exec
2026-06-05 10:51:46 [WARNING] APIDbManager: Transient network error, retrying in 0.8s: HTTPConnectionPool(host='222.127.90.218', port=80): Max retries exceeded with url: /api/exec (Caused by NewConnectionError("HTTPConnection(host='222.127.90.218', port=80): Failed to establish a new connection: [WinError 10065] A socket operation was attempted to an unreachable host"))
2026-06-05 10:51:47 [WARNING] urllib3.connectionpool: Retrying (Retry(total=1, connect=1, read=2, redirect=None, status=None)) after connection broken by 'NewConnectionError("HTTPConnection(host='222.127.90.218', port=80): Failed to establish a new connection: [WinError 10065] A socket operation was attempted to an unreachable host")': /api/exec
2026-06-05 10:51:48 [WARNING] urllib3.connectionpool: Retrying (Retry(total=0, connect=0, read=2, redirect=None, status=None)) after connection broken by 'NewConnectionError("HTTPConnection(host='222.127.90.218', port=80): Failed to establish a new connection: [WinError 10065] A socket operation was attempted to an unreachable host")': /api/exec
2026-06-05 10:51:48 [WARNING] APIDbManager: Transient network error, retrying in 1.6s: HTTPConnectionPool(host='222.127.90.218', port=80): Max retries exceeded with url: /api/exec (Caused by NewConnectionError("HTTPConnection(host='222.127.90.218', port=80): Failed to establish a new connection: [WinError 10065] A socket operation was attempted to an unreachable host"))
2026-06-05 10:51:49 [WARNING] urllib3.connectionpool: Retrying (Retry(total=1, connect=1, read=2, redirect=None, status=None)) after connection broken by 'NewConnectionError("HTTPConnection(host='222.127.90.218', port=80): Failed to establish a new connection: [WinError 10065] A socket operation was attempted to an unreachable host")': /api/exec
2026-06-05 10:51:50 [WARNING] urllib3.connectionpool: Retrying (Retry(total=0, connect=0, read=2, redirect=None, status=None)) after connection broken by 'NewConnectionError("HTTPConnection(host='222.127.90.218', port=80): Failed to establish a new connection: [WinError 10065] A socket operation was attempted to an unreachable host")': /api/exec
2026-06-05 10:51:50 [ERROR] APIDbManager: execute_query network error: HTTPConnectionPool(host='222.127.90.218', port=80): Max retries exceeded with url: /api/exec (Caused by NewConnectionError("HTTPConnection(host='222.127.90.218', port=80): Failed to establish a new connection: [WinError 10065] A socket operation was attempted to an unreachable host"))
2026-06-05 10:51:50 [ERROR] Client.client_dashboard: check_existing_entry(Brand A): HTTPConnectionPool(host='222.127.90.218', port=80): Max retries exceeded with url: /api/exec (Caused by NewConnectionError("HTTPConnection(host='222.127.90.218', port=80): Failed to establish a new connection: [WinError 10065] A socket operation was attempted to an unreachable host"))
2026-06-05 10:51:50 [WARNING] urllib3.connectionpool: Retrying (Retry(total=1, connect=1, read=2, redirect=None, status=None)) after connection broken by 'NewConnectionError("HTTPConnection(host='222.127.90.218', port=80): Failed to establish a new connection: [WinError 10065] A socket operation was attempted to an unreachable host")': /api/exec
2026-06-05 10:51:51 [WARNING] urllib3.connectionpool: Retrying (Retry(total=0, connect=0, read=2, redirect=None, status=None)) after connection broken by 'NewConnectionError("HTTPConnection(host='222.127.90.218', port=80): Failed to establish a new connection: [WinError 10065] A socket operation was attempted to an unreachable host")': /api/exec
2026-06-05 10:51:51 [WARNING] APIDbManager: Transient network error, retrying in 0.8s: HTTPConnectionPool(host='222.127.90.218', port=80): Max retries exceeded with url: /api/exec (Caused by NewConnectionError("HTTPConnection(host='222.127.90.218', port=80): Failed to establish a new connection: [WinError 10065] A socket operation was attempted to an unreachable host"))
2026-06-05 10:51:52 [WARNING] urllib3.connectionpool: Retrying (Retry(total=1, connect=1, read=2, redirect=None, status=None)) after connection broken by 'NewConnectionError("HTTPConnection(host='222.127.90.218', port=80): Failed to establish a new connection: [WinError 10065] A socket operation was attempted to an unreachable host")': /api/exec
2026-06-05 10:51:53 [WARNING] urllib3.connectionpool: Retrying (Retry(total=0, connect=0, read=2, redirect=None, status=None)) after connection broken by 'NewConnectionError("HTTPConnection(host='222.127.90.218', port=80): Failed to establish a new connection: [WinError 10065] A socket operation was attempted to an unreachable host")': /api/exec
2026-06-05 11:17:11 [INFO] RemoteDatabaseManager: API mode enabled — connecting via http://222.127.90.218
2026-06-05 11:17:11 [CRITICAL] __main__: Uncaught exception:
Traceback (most recent call last):
  File "C:\Users\Admin\Operation-Report-System\main.py", line 163, in <module>
    main()
    ~~~~^^
  File "C:\Users\Admin\Operation-Report-System\main.py", line 99, in main
    launcher = UpdateLauncherWindow(app_version=APP_VERSION, check_updates=has_internet)
TypeError: UpdateLauncherWindow.__init__() got an unexpected keyword argument 'check_updates'

2026-06-05 11:24:16 [INFO] RemoteDatabaseManager: API mode enabled — connecting via http://222.127.90.218
2026-06-05 11:24:23 [INFO] RemoteDatabaseManager: API mode enabled — connecting via http://222.127.90.218
2026-06-05 11:24:23 [CRITICAL] __main__: Uncaught exception:
Traceback (most recent call last):
  File "C:\Users\Admin\Operation-Report-System\main.py", line 163, in <module>
    main()
    ~~~~^^
  File "C:\Users\Admin\Operation-Report-System\main.py", line 99, in main
    launcher = UpdateLauncherWindow(app_version=APP_VERSION, check_updates=has_internet)
TypeError: UpdateLauncherWindow.__init__() got an unexpected keyword argument 'check_updates'

2026-06-05 11:24:57 [INFO] RemoteDatabaseManager: API mode enabled — connecting via http://222.127.90.218
2026-06-05 11:25:00 [INFO] AutoUpdater: Silent updater: Checking for updates...
2026-06-05 11:25:00 [INFO] AutoUpdater: Silent update status: Checking for updates...
2026-06-05 11:25:00 [INFO] AutoUpdater: Silent updater: Already on latest version (1.0.0)
2026-06-05 11:25:00 [INFO] AutoUpdater: Silent update status: Already up to date
2026-06-05 11:25:01 [INFO] APIDbManager: API token obtained from http://222.127.90.218
2026-06-05 11:25:03 [INFO] login: Logout requested - returning to login screen
2026-06-05 11:25:08 [INFO] APIDbManager: API token obtained from http://222.127.90.218
2026-06-05 11:25:19 [WARNING] urllib3.connectionpool: Retrying (Retry(total=0, connect=1, read=0, redirect=None, status=None)) after connection broken by 'ReadTimeoutError("HTTPConnectionPool(host='222.127.90.218', port=80): Read timed out. (read timeout=1)")': /api/exec
2026-06-05 11:25:19 [WARNING] APIDbManager: Transient network error, retrying in 0.8s: HTTPConnectionPool(host='222.127.90.218', port=80): Max retries exceeded with url: /api/exec (Caused by NewConnectionError("HTTPConnection(host='222.127.90.218', port=80): Failed to establish a new connection: [WinError 10065] A socket operation was attempted to an unreachable host"))
2026-06-05 11:25:20 [WARNING] urllib3.connectionpool: Retrying (Retry(total=0, connect=0, read=1, redirect=None, status=None)) after connection broken by 'NewConnectionError("HTTPConnection(host='222.127.90.218', port=80): Failed to establish a new connection: [WinError 10065] A socket operation was attempted to an unreachable host")': /api/exec
2026-06-05 11:25:20 [WARNING] APIDbManager: Transient network error, retrying in 1.6s: HTTPConnectionPool(host='222.127.90.218', port=80): Max retries exceeded with url: /api/exec (Caused by NewConnectionError("HTTPConnection(host='222.127.90.218', port=80): Failed to establish a new connection: [WinError 10065] A socket operation was attempted to an unreachable host"))
2026-06-05 11:25:22 [WARNING] urllib3.connectionpool: Retrying (Retry(total=0, connect=0, read=1, redirect=None, status=None)) after connection broken by 'NewConnectionError("HTTPConnection(host='222.127.90.218', port=80): Failed to establish a new connection: [WinError 10065] A socket operation was attempted to an unreachable host")': /api/exec
2026-06-05 11:25:22 [ERROR] APIDbManager: execute_query network error: HTTPConnectionPool(host='222.127.90.218', port=80): Max retries exceeded with url: /api/exec (Caused by NewConnectionError("HTTPConnection(host='222.127.90.218', port=80): Failed to establish a new connection: [WinError 10065] A socket operation was attempted to an unreachable host"))
2026-06-05 11:25:22 [WARNING] urllib3.connectionpool: Retrying (Retry(total=0, connect=0, read=1, redirect=None, status=None)) after connection broken by 'NewConnectionError("HTTPConnection(host='222.127.90.218', port=80): Failed to establish a new connection: [WinError 10065] A socket operation was attempted to an unreachable host")': /api/exec
2026-06-05 11:25:22 [WARNING] APIDbManager: Transient network error, retrying in 0.8s: HTTPConnectionPool(host='222.127.90.218', port=80): Max retries exceeded with url: /api/exec (Caused by NewConnectionError("HTTPConnection(host='222.127.90.218', port=80): Failed to establish a new connection: [WinError 10065] A socket operation was attempted to an unreachable host"))
2026-06-05 11:25:22 [WARNING] urllib3.connectionpool: Retrying (Retry(total=0, connect=0, read=1, redirect=None, status=None)) after connection broken by 'NewConnectionError("HTTPConnection(host='222.127.90.218', port=80): Failed to establish a new connection: [WinError 10065] A socket operation was attempted to an unreachable host")': /api/exec
2026-06-05 11:25:22 [WARNING] APIDbManager: Transient network error, retrying in 1.6s: HTTPConnectionPool(host='222.127.90.218', port=80): Max retries exceeded with url: /api/exec (Caused by NewConnectionError("HTTPConnection(host='222.127.90.218', port=80): Failed to establish a new connection: [WinError 10065] A socket operation was attempted to an unreachable host"))
2026-06-05 11:25:24 [WARNING] urllib3.connectionpool: Retrying (Retry(total=0, connect=0, read=1, redirect=None, status=None)) after connection broken by 'NewConnectionError("HTTPConnection(host='222.127.90.218', port=80): Failed to establish a new connection: [WinError 10065] A socket operation was attempted to an unreachable host")': /api/exec
2026-06-05 11:25:24 [ERROR] APIDbManager: execute_query network error: HTTPConnectionPool(host='222.127.90.218', port=80): Max retries exceeded with url: /api/exec (Caused by NewConnectionError("HTTPConnection(host='222.127.90.218', port=80): Failed to establish a new connection: [WinError 10065] A socket operation was attempted to an unreachable host"))
2026-06-05 11:34:36 [INFO] RemoteDatabaseManager: API mode enabled — connecting via http://222.127.90.218
2026-06-05 11:34:39 [INFO] AutoUpdater: Silent updater: Checking for updates...
2026-06-05 11:34:39 [INFO] AutoUpdater: Silent update status: Checking for updates...
2026-06-05 11:34:39 [INFO] AutoUpdater: Silent updater: Already on latest version (1.0.0)
2026-06-05 11:34:39 [INFO] AutoUpdater: Silent update status: Already up to date
2026-06-05 11:34:40 [INFO] APIDbManager: API token obtained from http://222.127.90.218
2026-06-05 11:34:42 [INFO] login: Logout requested - returning to login screen
2026-06-05 11:34:46 [INFO] APIDbManager: API token obtained from http://222.127.90.218
2026-06-05 13:08:46 [INFO] RemoteDatabaseManager: API mode enabled — connecting via http://222.127.90.218
2026-06-05 13:08:49 [INFO] AutoUpdater: Silent updater: Checking for updates...
2026-06-05 13:08:49 [INFO] AutoUpdater: Silent update status: Checking for updates...
2026-06-05 13:08:50 [INFO] AutoUpdater: Silent updater: Already on latest version (1.0.0)
2026-06-05 13:08:50 [INFO] AutoUpdater: Silent update status: Already up to date
2026-06-05 13:08:59 [INFO] APIDbManager: API token obtained from http://222.127.90.218
2026-06-05 13:55:22 [INFO] login: Logout requested - returning to login screen
2026-06-05 13:55:27 [INFO] APIDbManager: API token obtained from http://222.127.90.218
2026-06-05 13:56:05 [INFO] Client.client_dashboard: daily_reports_brand_a verified: Debit=100022.79, Credit=8.00, Ending=100014.79
2026-06-05 13:56:06 [INFO] Client.client_dashboard: daily_reports verified: Debit=100016.06, Credit=4.00, Ending=100012.06
2026-06-05 13:56:06 [INFO] Client.client_dashboard: Cash Float saved: 0.00
2026-06-05 13:56:39 [INFO] RemoteDatabaseManager: API mode enabled — connecting via http://222.127.90.218
2026-06-05 13:56:43 [INFO] AutoUpdater: Silent updater: Checking for updates...
2026-06-05 13:56:43 [INFO] AutoUpdater: Silent update status: Checking for updates...
2026-06-05 13:56:44 [INFO] AutoUpdater: Silent updater: Already on latest version (1.0.0)
2026-06-05 13:56:44 [INFO] AutoUpdater: Silent update status: Already up to date
2026-06-05 13:56:45 [INFO] APIDbManager: API token obtained from http://222.127.90.218
2026-06-05 13:58:23 [INFO] Client.client_dashboard: daily_reports_brand_a verified: Debit=100014.79, Credit=40.00, Ending=99974.79
2026-06-05 13:58:23 [INFO] Client.client_dashboard: daily_reports verified: Debit=100012.06, Credit=4.00, Ending=100008.06
2026-06-05 13:58:23 [INFO] Client.client_dashboard: Cash Float saved: 100.00
2026-06-05 14:03:04 [INFO] RemoteDatabaseManager: API mode enabled — connecting via http://222.127.90.218
2026-06-05 14:03:08 [INFO] AutoUpdater: Silent updater: Checking for updates...
2026-06-05 14:03:09 [INFO] AutoUpdater: Silent update status: Checking for updates...
2026-06-05 14:03:09 [INFO] AutoUpdater: Silent updater: Already on latest version (1.0.0)
2026-06-05 14:03:09 [INFO] AutoUpdater: Silent update status: Already up to date
2026-06-05 14:03:11 [INFO] APIDbManager: API token obtained from http://222.127.90.218
2026-06-05 14:03:51 [INFO] Client.client_dashboard: daily_reports_brand_a verified: Debit=99974.79, Credit=8.00, Ending=99966.79
2026-06-05 14:03:52 [INFO] Client.client_dashboard: daily_reports verified: Debit=100008.06, Credit=4.00, Ending=100004.06
2026-06-05 14:03:52 [INFO] Client.client_dashboard: Cash Float saved: 100.00
2026-06-05 14:06:31 [INFO] RemoteDatabaseManager: API mode enabled — connecting via http://222.127.90.218
2026-06-05 14:06:35 [INFO] AutoUpdater: Silent updater: Checking for updates...
2026-06-05 14:06:35 [INFO] AutoUpdater: Silent update status: Checking for updates...
2026-06-05 14:06:35 [INFO] AutoUpdater: Silent updater: Already on latest version (1.0.0)
2026-06-05 14:06:35 [INFO] AutoUpdater: Silent update status: Already up to date
2026-06-05 14:06:36 [INFO] APIDbManager: API token obtained from http://222.127.90.218
2026-06-05 14:06:42 [INFO] Client.client_dashboard: daily_reports_brand_a verified: Debit=100028.79, Credit=14.00, Ending=100014.79
2026-06-05 14:06:42 [INFO] Client.client_dashboard: daily_reports verified: Debit=100036.06, Credit=14.00, Ending=100022.06
2026-06-05 14:06:42 [INFO] Client.client_dashboard: Cash Float saved: 0.00
2026-06-05 14:06:43 [INFO] APIDbManager: API token obtained from http://222.127.90.218
2026-06-05 14:07:30 [INFO] Client.client_dashboard: daily_reports_brand_a verified: Debit=99966.79, Credit=8.00, Ending=99958.79
2026-06-05 14:07:30 [INFO] Client.client_dashboard: daily_reports verified: Debit=100004.06, Credit=4.00, Ending=100000.06
2026-06-05 14:07:30 [INFO] Client.client_dashboard: Cash Float saved: 100.00
2026-06-05 14:07:32 [INFO] APIDbManager: API token obtained from http://222.127.90.218
2026-06-05 14:08:47 [INFO] login: Logout requested - returning to login screen
2026-06-05 14:08:51 [INFO] APIDbManager: API token obtained from http://222.127.90.218
2026-06-05 14:09:27 [INFO] Client.client_dashboard: daily_reports_brand_a verified: Debit=99958.79, Credit=0.00, Ending=99958.79
2026-06-05 14:09:27 [INFO] Client.client_dashboard: daily_reports verified: Debit=100000.06, Credit=0.00, Ending=100000.06
2026-06-05 14:09:27 [INFO] Client.client_dashboard: Cash Float saved: 0.00
2026-06-05 14:09:28 [INFO] APIDbManager: API token obtained from http://222.127.90.218
2026-06-05 14:09:48 [INFO] login: Logout requested - returning to login screen
2026-06-05 14:09:52 [INFO] APIDbManager: API token obtained from http://222.127.90.218
2026-06-05 14:10:15 [INFO] Client.client_dashboard: daily_reports_brand_a verified: Debit=99958.79, Credit=0.00, Ending=99958.79
2026-06-05 14:10:15 [INFO] Client.client_dashboard: daily_reports verified: Debit=100000.06, Credit=0.00, Ending=100000.06
2026-06-05 14:10:15 [INFO] Client.client_dashboard: Cash Float saved: 0.00
2026-06-05 14:10:17 [INFO] APIDbManager: API token obtained from http://222.127.90.218
2026-06-05 14:14:58 [INFO] login: Logout requested - returning to login screen
2026-06-05 14:15:10 [INFO] APIDbManager: API token obtained from http://222.127.90.218
2026-06-05 14:20:26 [INFO] RemoteDatabaseManager: API mode enabled — connecting via http://222.127.90.218
2026-06-05 14:20:30 [INFO] AutoUpdater: Silent updater: Checking for updates...
2026-06-05 14:20:30 [INFO] AutoUpdater: Silent update status: Checking for updates...
2026-06-05 14:20:30 [INFO] AutoUpdater: Silent updater: Already on latest version (1.0.0)
2026-06-05 14:20:30 [INFO] AutoUpdater: Silent update status: Already up to date
2026-06-05 14:20:37 [INFO] APIDbManager: API token obtained from http://222.127.90.218
2026-06-05 14:21:00 [INFO] Client.client_dashboard: daily_reports_brand_a verified: Debit=99958.79, Credit=0.00, Ending=99958.79
2026-06-05 14:21:00 [INFO] Client.client_dashboard: daily_reports verified: Debit=100000.06, Credit=0.00, Ending=100000.06
2026-06-05 14:21:00 [INFO] Client.client_dashboard: Cash Float saved: 100.00
2026-06-05 14:21:01 [INFO] APIDbManager: API token obtained from http://222.127.90.218
2026-06-05 14:22:00 [INFO] login: Logout requested - returning to login screen
2026-06-05 14:22:07 [INFO] APIDbManager: API token obtained from http://222.127.90.218
2026-06-05 14:22:58 [INFO] login: Logout requested - returning to login screen
2026-06-05 15:48:05 [INFO] login: Logout requested - returning to login screen
2026-06-05 15:55:42 [INFO] RemoteDatabaseManager: API mode enabled — connecting via http://222.127.90.218
2026-06-05 15:55:46 [INFO] AutoUpdater: Silent updater: Checking for updates...
2026-06-05 15:55:46 [INFO] AutoUpdater: Silent update status: Checking for updates...
2026-06-05 15:55:46 [INFO] AutoUpdater: Silent updater: Already on latest version (1.0.0)
2026-06-05 15:55:46 [INFO] AutoUpdater: Silent update status: Already up to date
2026-06-05 15:55:47 [INFO] APIDbManager: API token obtained from http://222.127.90.218
2026-06-05 16:12:01 [INFO] login: Logout requested - returning to login screen
2026-06-05 16:12:16 [INFO] APIDbManager: API token obtained from http://222.127.90.218
2026-06-08 12:57:13 [INFO] RemoteDatabaseManager: API mode enabled — connecting via http://222.127.90.218
2026-06-08 12:57:18 [INFO] AutoUpdater: Silent updater: Checking for updates...
2026-06-08 12:57:18 [INFO] AutoUpdater: Silent update status: Checking for updates...
2026-06-08 12:57:18 [INFO] AutoUpdater: Silent updater: Already on latest version (1.0.0)
2026-06-08 12:57:18 [INFO] AutoUpdater: Silent update status: Already up to date
2026-06-08 13:00:53 [INFO] RemoteDatabaseManager: API mode enabled — connecting via http://222.127.90.218
2026-06-08 13:00:57 [INFO] AutoUpdater: Silent updater: Checking for updates...
2026-06-08 13:00:57 [INFO] AutoUpdater: Silent update status: Checking for updates...
2026-06-08 13:00:57 [INFO] AutoUpdater: Silent updater: Already on latest version (1.0.0)
2026-06-08 13:00:57 [INFO] AutoUpdater: Silent update status: Already up to date
2026-06-08 13:01:39 [INFO] RemoteDatabaseManager: API mode enabled — connecting via http://222.127.90.218
2026-06-08 13:01:43 [INFO] AutoUpdater: Silent updater: Checking for updates...
2026-06-08 13:01:43 [INFO] AutoUpdater: Silent update status: Checking for updates...
2026-06-08 13:01:43 [INFO] AutoUpdater: Silent updater: Already on latest version (1.0.0)
2026-06-08 13:01:43 [INFO] AutoUpdater: Silent update status: Already up to date
2026-06-08 13:06:20 [INFO] RemoteDatabaseManager: API mode enabled — connecting via https://222.127.90.218:5000
2026-06-08 13:06:24 [WARNING] urllib3.connectionpool: Retrying (Retry(total=1, connect=2, read=2, redirect=None, status=None)) after connection broken by 'SSLError(SSLCertVerificationError(1, '[SSL: CERTIFICATE_VERIFY_FAILED] certificate verify failed: self-signed certificate (_ssl.c:1081)'))': /api/health
2026-06-08 13:06:25 [WARNING] urllib3.connectionpool: Retrying (Retry(total=0, connect=2, read=2, redirect=None, status=None)) after connection broken by 'SSLError(SSLCertVerificationError(1, '[SSL: CERTIFICATE_VERIFY_FAILED] certificate verify failed: self-signed certificate (_ssl.c:1081)'))': /api/health
2026-06-08 13:06:26 [INFO] AutoUpdater: Silent updater: Checking for updates...
2026-06-08 13:06:26 [INFO] AutoUpdater: Silent update status: Checking for updates...
2026-06-08 13:06:26 [INFO] AutoUpdater: Silent updater: Already on latest version (1.0.0)
2026-06-08 13:06:26 [INFO] AutoUpdater: Silent update status: Already up to date
2026-06-08 13:07:20 [CRITICAL] __main__: Uncaught exception:
Traceback (most recent call last):
  File "C:\Users\Admin\Operation-Report-System\login.py", line 120, in <lambda>
    QTimer.singleShot(100, lambda: QMessageBox.information(
                                   ~~~~~~~~~~~~~~~~~~~~~~~^
        self,
        ^^^^^
        "Offline Mode",
        ^^^^^^^^^^^^^^^
        info_msg
        ^^^^^^^^
    ))
    ^
KeyboardInterrupt

2026-06-08 13:07:24 [INFO] RemoteDatabaseManager: API mode enabled — connecting via https://222.127.90.218:5000
2026-06-08 13:07:27 [INFO] AutoUpdater: Silent updater: Checking for updates...
2026-06-08 13:07:27 [INFO] AutoUpdater: Silent update status: Checking for updates...
2026-06-08 13:07:28 [INFO] AutoUpdater: Silent updater: Already on latest version (1.0.0)
2026-06-08 13:07:28 [INFO] AutoUpdater: Silent update status: Already up to date
2026-06-08 13:07:33 [WARNING] urllib3.connectionpool: Retrying (Retry(total=0, connect=1, read=1, redirect=None, status=None)) after connection broken by 'SSLError(SSLCertVerificationError(1, '[SSL: CERTIFICATE_VERIFY_FAILED] certificate verify failed: self-signed certificate (_ssl.c:1081)'))': /api/token
2026-06-08 13:07:33 [ERROR] APIDbManager: connect() error: HTTPSConnectionPool(host='222.127.90.218', port=5000): Max retries exceeded with url: /api/token (Caused by SSLError(SSLCertVerificationError(1, '[SSL: CERTIFICATE_VERIFY_FAILED] certificate verify failed: self-signed certificate (_ssl.c:1081)')))
2026-06-08 13:07:33 [WARNING] urllib3.connectionpool: Retrying (Retry(total=0, connect=1, read=1, redirect=None, status=None)) after connection broken by 'SSLError(SSLCertVerificationError(1, '[SSL: CERTIFICATE_VERIFY_FAILED] certificate verify failed: self-signed certificate (_ssl.c:1081)'))': /api/exec
2026-06-08 13:07:33 [WARNING] APIDbManager: Transient network error, retrying in 0.8s: HTTPSConnectionPool(host='222.127.90.218', port=5000): Max retries exceeded with url: /api/exec (Caused by SSLError(SSLCertVerificationError(1, '[SSL: CERTIFICATE_VERIFY_FAILED] certificate verify failed: self-signed certificate (_ssl.c:1081)')))
2026-06-08 13:07:34 [WARNING] urllib3.connectionpool: Retrying (Retry(total=0, connect=1, read=1, redirect=None, status=None)) after connection broken by 'SSLError(SSLCertVerificationError(1, '[SSL: CERTIFICATE_VERIFY_FAILED] certificate verify failed: self-signed certificate (_ssl.c:1081)'))': /api/exec
2026-06-08 13:07:35 [WARNING] APIDbManager: Transient network error, retrying in 1.6s: HTTPSConnectionPool(host='222.127.90.218', port=5000): Max retries exceeded with url: /api/exec (Caused by SSLError(SSLCertVerificationError(1, '[SSL: CERTIFICATE_VERIFY_FAILED] certificate verify failed: self-signed certificate (_ssl.c:1081)')))
2026-06-08 13:07:36 [WARNING] urllib3.connectionpool: Retrying (Retry(total=0, connect=1, read=1, redirect=None, status=None)) after connection broken by 'SSLError(SSLCertVerificationError(1, '[SSL: CERTIFICATE_VERIFY_FAILED] certificate verify failed: self-signed certificate (_ssl.c:1081)'))': /api/exec
2026-06-08 13:07:37 [ERROR] APIDbManager: execute_query network error: HTTPSConnectionPool(host='222.127.90.218', port=5000): Max retries exceeded with url: /api/exec (Caused by SSLError(SSLCertVerificationError(1, '[SSL: CERTIFICATE_VERIFY_FAILED] certificate verify failed: self-signed certificate (_ssl.c:1081)')))
2026-06-08 13:07:37 [ERROR] admin_dashboard: [AdminDashboard] Failed to load config from DB: HTTPSConnectionPool(host='222.127.90.218', port=5000): Max retries exceeded with url: /api/exec (Caused by SSLError(SSLCertVerificationError(1, '[SSL: CERTIFICATE_VERIFY_FAILED] certificate verify failed: self-signed certificate (_ssl.c:1081)')))
2026-06-08 13:07:37 [WARNING] urllib3.connectionpool: Retrying (Retry(total=0, connect=1, read=1, redirect=None, status=None)) after connection broken by 'SSLError(SSLCertVerificationError(1, '[SSL: CERTIFICATE_VERIFY_FAILED] certificate verify failed: self-signed certificate (_ssl.c:1081)'))': /api/token
2026-06-08 13:07:37 [ERROR] APIDbManager: connect() error: HTTPSConnectionPool(host='222.127.90.218', port=5000): Max retries exceeded with url: /api/token (Caused by SSLError(SSLCertVerificationError(1, '[SSL: CERTIFICATE_VERIFY_FAILED] certificate verify failed: self-signed certificate (_ssl.c:1081)')))
2026-06-08 13:07:38 [WARNING] urllib3.connectionpool: Retrying (Retry(total=0, connect=1, read=1, redirect=None, status=None)) after connection broken by 'SSLError(SSLCertVerificationError(1, '[SSL: CERTIFICATE_VERIFY_FAILED] certificate verify failed: self-signed certificate (_ssl.c:1081)'))': /api/exec
2026-06-08 13:07:38 [WARNING] APIDbManager: Transient network error, retrying in 0.8s: HTTPSConnectionPool(host='222.127.90.218', port=5000): Max retries exceeded with url: /api/exec (Caused by SSLError(SSLCertVerificationError(1, '[SSL: CERTIFICATE_VERIFY_FAILED] certificate verify failed: self-signed certificate (_ssl.c:1081)')))
2026-06-08 13:07:39 [WARNING] urllib3.connectionpool: Retrying (Retry(total=0, connect=1, read=1, redirect=None, status=None)) after connection broken by 'SSLError(SSLCertVerificationError(1, '[SSL: CERTIFICATE_VERIFY_FAILED] certificate verify failed: self-signed certificate (_ssl.c:1081)'))': /api/exec
2026-06-08 13:07:39 [WARNING] APIDbManager: Transient network error, retrying in 1.6s: HTTPSConnectionPool(host='222.127.90.218', port=5000): Max retries exceeded with url: /api/exec (Caused by SSLError(SSLCertVerificationError(1, '[SSL: CERTIFICATE_VERIFY_FAILED] certificate verify failed: self-signed certificate (_ssl.c:1081)')))
2026-06-08 13:07:41 [WARNING] urllib3.connectionpool: Retrying (Retry(total=0, connect=1, read=1, redirect=None, status=None)) after connection broken by 'SSLError(SSLCertVerificationError(1, '[SSL: CERTIFICATE_VERIFY_FAILED] certificate verify failed: self-signed certificate (_ssl.c:1081)'))': /api/exec
2026-06-08 13:07:41 [ERROR] APIDbManager: execute_query network error: HTTPSConnectionPool(host='222.127.90.218', port=5000): Max retries exceeded with url: /api/exec (Caused by SSLError(SSLCertVerificationError(1, '[SSL: CERTIFICATE_VERIFY_FAILED] certificate verify failed: self-signed certificate (_ssl.c:1081)')))
2026-06-08 13:07:41 [ERROR] admin_dashboard: Error loading corporations: HTTPSConnectionPool(host='222.127.90.218', port=5000): Max retries exceeded with url: /api/exec (Caused by SSLError(SSLCertVerificationError(1, '[SSL: CERTIFICATE_VERIFY_FAILED] certificate verify failed: self-signed certificate (_ssl.c:1081)')))
2026-06-08 13:07:41 [WARNING] urllib3.connectionpool: Retrying (Retry(total=0, connect=1, read=1, redirect=None, status=None)) after connection broken by 'SSLError(SSLCertVerificationError(1, '[SSL: CERTIFICATE_VERIFY_FAILED] certificate verify failed: self-signed certificate (_ssl.c:1081)'))': /api/token
2026-06-08 13:07:42 [ERROR] APIDbManager: connect() error: HTTPSConnectionPool(host='222.127.90.218', port=5000): Max retries exceeded with url: /api/token (Caused by SSLError(SSLCertVerificationError(1, '[SSL: CERTIFICATE_VERIFY_FAILED] certificate verify failed: self-signed certificate (_ssl.c:1081)')))
2026-06-08 13:07:42 [WARNING] urllib3.connectionpool: Retrying (Retry(total=0, connect=1, read=1, redirect=None, status=None)) after connection broken by 'SSLError(SSLCertVerificationError(1, '[SSL: CERTIFICATE_VERIFY_FAILED] certificate verify failed: self-signed certificate (_ssl.c:1081)'))': /api/exec
2026-06-08 13:07:42 [WARNING] APIDbManager: Transient network error, retrying in 0.8s: HTTPSConnectionPool(host='222.127.90.218', port=5000): Max retries exceeded with url: /api/exec (Caused by SSLError(SSLCertVerificationError(1, '[SSL: CERTIFICATE_VERIFY_FAILED] certificate verify failed: self-signed certificate (_ssl.c:1081)')))
2026-06-08 13:07:43 [WARNING] urllib3.connectionpool: Retrying (Retry(total=0, connect=1, read=1, redirect=None, status=None)) after connection broken by 'SSLError(SSLCertVerificationError(1, '[SSL: CERTIFICATE_VERIFY_FAILED] certificate verify failed: self-signed certificate (_ssl.c:1081)'))': /api/exec
2026-06-08 13:07:43 [WARNING] APIDbManager: Transient network error, retrying in 1.6s: HTTPSConnectionPool(host='222.127.90.218', port=5000): Max retries exceeded with url: /api/exec (Caused by SSLError(SSLCertVerificationError(1, '[SSL: CERTIFICATE_VERIFY_FAILED] certificate verify failed: self-signed certificate (_ssl.c:1081)')))
2026-06-08 13:07:45 [WARNING] urllib3.connectionpool: Retrying (Retry(total=0, connect=1, read=1, redirect=None, status=None)) after connection broken by 'SSLError(SSLCertVerificationError(1, '[SSL: CERTIFICATE_VERIFY_FAILED] certificate verify failed: self-signed certificate (_ssl.c:1081)'))': /api/exec
2026-06-08 13:07:45 [ERROR] APIDbManager: execute_query network error: HTTPSConnectionPool(host='222.127.90.218', port=5000): Max retries exceeded with url: /api/exec (Caused by SSLError(SSLCertVerificationError(1, '[SSL: CERTIFICATE_VERIFY_FAILED] certificate verify failed: self-signed certificate (_ssl.c:1081)')))
2026-06-08 13:07:45 [ERROR] admin_dashboard: [AdminDashboard] review table create: HTTPSConnectionPool(host='222.127.90.218', port=5000): Max retries exceeded with url: /api/exec (Caused by SSLError(SSLCertVerificationError(1, '[SSL: CERTIFICATE_VERIFY_FAILED] certificate verify failed: self-signed certificate (_ssl.c:1081)')))
2026-06-08 13:10:15 [INFO] RemoteDatabaseManager: API mode enabled — connecting via http://222.127.90.218:5000
2026-06-08 13:10:30 [INFO] RemoteDatabaseManager: API mode enabled — connecting via http://222.127.90.218:5000
2026-06-08 13:10:32 [WARNING] urllib3.connectionpool: Retrying (Retry(total=1, connect=2, read=1, redirect=None, status=None)) after connection broken by 'RemoteDisconnected('Remote end closed connection without response')': /api/health
2026-06-08 13:10:34 [WARNING] urllib3.connectionpool: Retrying (Retry(total=0, connect=2, read=0, redirect=None, status=None)) after connection broken by 'RemoteDisconnected('Remote end closed connection without response')': /api/health
2026-06-08 13:10:34 [INFO] AutoUpdater: Silent updater: Checking for updates...
2026-06-08 13:10:34 [INFO] AutoUpdater: Silent update status: Checking for updates...
2026-06-08 13:10:34 [INFO] AutoUpdater: Silent updater: Already on latest version (1.0.0)
2026-06-08 13:10:34 [INFO] AutoUpdater: Silent update status: Already up to date
2026-06-08 13:12:03 [INFO] RemoteDatabaseManager: API mode enabled — connecting via http://222.127.90.218:5000
2026-06-08 13:12:06 [WARNING] urllib3.connectionpool: Retrying (Retry(total=1, connect=2, read=1, redirect=None, status=None)) after connection broken by 'RemoteDisconnected('Remote end closed connection without response')': /api/health
2026-06-08 13:12:07 [WARNING] urllib3.connectionpool: Retrying (Retry(total=0, connect=2, read=0, redirect=None, status=None)) after connection broken by 'RemoteDisconnected('Remote end closed connection without response')': /api/health
2026-06-08 13:12:07 [INFO] AutoUpdater: Silent updater: Checking for updates...
2026-06-08 13:12:07 [INFO] AutoUpdater: Silent update status: Checking for updates...
2026-06-08 13:12:07 [INFO] AutoUpdater: Silent updater: Already on latest version (1.0.0)
2026-06-08 13:12:07 [INFO] AutoUpdater: Silent update status: Already up to date
2026-06-08 13:20:45 [INFO] RemoteDatabaseManager: API mode enabled — connecting via http://222.127.90.218:5000
2026-06-08 13:20:49 [WARNING] urllib3.connectionpool: Retrying (Retry(total=1, connect=2, read=1, redirect=None, status=None)) after connection broken by 'RemoteDisconnected('Remote end closed connection without response')': /api/health
2026-06-08 13:20:50 [WARNING] urllib3.connectionpool: Retrying (Retry(total=0, connect=2, read=0, redirect=None, status=None)) after connection broken by 'RemoteDisconnected('Remote end closed connection without response')': /api/health
2026-06-08 13:20:50 [INFO] AutoUpdater: Silent updater: Checking for updates...
2026-06-08 13:20:50 [INFO] AutoUpdater: Silent update status: Checking for updates...
2026-06-08 13:20:51 [INFO] AutoUpdater: Silent updater: Already on latest version (1.0.0)
2026-06-08 13:20:51 [INFO] AutoUpdater: Silent update status: Already up to date
2026-06-08 13:24:13 [INFO] RemoteDatabaseManager: API mode enabled — connecting via http://222.127.90.218:5000
2026-06-08 13:24:17 [WARNING] urllib3.connectionpool: Retrying (Retry(total=1, connect=2, read=1, redirect=None, status=None)) after connection broken by 'RemoteDisconnected('Remote end closed connection without response')': /api/health
2026-06-08 13:24:18 [WARNING] urllib3.connectionpool: Retrying (Retry(total=0, connect=2, read=0, redirect=None, status=None)) after connection broken by 'RemoteDisconnected('Remote end closed connection without response')': /api/health
2026-06-08 13:24:18 [INFO] AutoUpdater: Silent updater: Checking for updates...
2026-06-08 13:24:18 [INFO] AutoUpdater: Silent update status: Checking for updates...
2026-06-08 13:24:18 [INFO] AutoUpdater: Silent updater: Already on latest version (1.0.0)
2026-06-08 13:24:18 [INFO] AutoUpdater: Silent update status: Already up to date
2026-06-08 13:26:45 [INFO] RemoteDatabaseManager: API mode enabled — connecting via http://222.127.90.218:5000
2026-06-08 13:26:48 [INFO] AutoUpdater: Silent updater: Checking for updates...
2026-06-08 13:26:48 [INFO] AutoUpdater: Silent update status: Checking for updates...
2026-06-08 13:26:49 [INFO] AutoUpdater: Silent updater: Already on latest version (1.0.0)
2026-06-08 13:26:49 [INFO] AutoUpdater: Silent update status: Already up to date
2026-06-08 13:26:50 [INFO] APIDbManager: API token obtained from http://222.127.90.218:5000
2026-06-08 13:28:08 [INFO] login: Logout requested - returning to login screen
2026-06-08 13:28:19 [INFO] CurrencyManager: Currencies table initialized
2026-06-08 13:28:19 [INFO] APIDbManager: API token obtained from http://222.127.90.218:5000
2026-06-08 14:13:25 [INFO] CurrencyManager: Added currency: BHD - BAHRAINI DINAR
2026-06-08 14:14:31 [INFO] CurrencyManager: Added currency: SWS - SWIS FRANCE
2026-06-08 14:17:17 [INFO] CurrencyManager: Added currency: NT - NEW TAIWAN
2026-06-08 14:18:30 [INFO] login: Logout requested - returning to login screen
2026-06-08 14:18:38 [INFO] APIDbManager: API token obtained from http://222.127.90.218:5000
2026-06-08 15:20:05 [INFO] login: Logout requested - returning to login screen
2026-06-08 16:37:55 [INFO] login: Logout requested - returning to login screen
2026-06-09 09:17:14 [INFO] RemoteDatabaseManager: API mode enabled — connecting via http://222.127.90.218:5000
2026-06-09 09:17:21 [INFO] RemoteDatabaseManager: API mode enabled — connecting via http://222.127.90.218:5000
2026-06-09 09:17:24 [INFO] AutoUpdater: Silent updater: Checking for updates...
2026-06-09 09:17:24 [INFO] AutoUpdater: Silent update status: Checking for updates...
2026-06-09 09:17:24 [INFO] AutoUpdater: Silent updater: Already on latest version (1.0.0)
2026-06-09 09:17:24 [INFO] AutoUpdater: Silent update status: Already up to date
2026-06-09 09:17:28 [INFO] APIDbManager: API token obtained from http://222.127.90.218:5000
2026-06-09 09:21:26 [INFO] RemoteDatabaseManager: API mode enabled — connecting via http://222.127.90.218:5000
2026-06-09 09:21:29 [INFO] AutoUpdater: Silent updater: Checking for updates...
2026-06-09 09:21:29 [INFO] AutoUpdater: Silent update status: Checking for updates...
2026-06-09 09:21:30 [INFO] AutoUpdater: Silent updater: Already on latest version (1.0.0)
2026-06-09 09:21:30 [INFO] AutoUpdater: Silent update status: Already up to date
2026-06-09 09:21:31 [INFO] APIDbManager: API token obtained from http://222.127.90.218:5000
2026-06-09 09:33:19 [CRITICAL] __main__: Uncaught exception:
Traceback (most recent call last):
  File "C:\Users\Admin\Operation-Report-System\admin_dashboard.py", line 936, in eventFilter
    self.session.update_activity()
    
KeyboardInterrupt

2026-06-09 09:33:23 [INFO] RemoteDatabaseManager: API mode enabled — connecting via http://222.127.90.218:5000
2026-06-09 09:33:26 [INFO] AutoUpdater: Silent updater: Checking for updates...
2026-06-09 09:33:27 [INFO] AutoUpdater: Silent update status: Checking for updates...
2026-06-09 09:33:27 [INFO] AutoUpdater: Silent updater: Already on latest version (1.0.0)
2026-06-09 09:33:27 [INFO] AutoUpdater: Silent update status: Already up to date
2026-06-09 09:33:28 [INFO] APIDbManager: API token obtained from http://222.127.90.218:5000
2026-06-09 09:33:28 [ERROR] login: Error loading dashboard: name 'width' is not defined
2026-06-09 09:34:07 [CRITICAL] __main__: Uncaught exception:
Traceback (most recent call last):
  File "C:\Users\Admin\Operation-Report-System\login.py", line 640, in check_admin_login
    self.dashboard = AdminDashboard(account_type=account_type, os_group=os_group)
                     ~~~~~~~~~~~~~~^^^^^^^^^^^^^^^^^^^^^^^^^^^^^^^^^^^^^^^^^^^^^^
  File "C:\Users\Admin\Operation-Report-System\admin_dashboard.py", line 157, in __init__
    self.setup_styles()
    ~~~~~~~~~~~~~~~~~^^
  File "C:\Users\Admin\Operation-Report-System\admin_dashboard.py", line 552, in setup_styles
    width: 10px;
    ^^^^^
NameError: name 'width' is not defined. Did you mean: 'self.width'?

During handling of the above exception, another exception occurred:

Traceback (most recent call last):
  File "C:\Users\Admin\Operation-Report-System\connection_watcher.py", line 91, in _schedule_check
    def _schedule_check(self):
    
KeyboardInterrupt

2026-06-09 09:34:19 [CRITICAL] __main__: Uncaught exception:
Traceback (most recent call last):
  File "C:\Users\Admin\Operation-Report-System\login.py", line 640, in check_admin_login
    self.dashboard = AdminDashboard(account_type=account_type, os_group=os_group)
                     ~~~~~~~~~~~~~~^^^^^^^^^^^^^^^^^^^^^^^^^^^^^^^^^^^^^^^^^^^^^^
  File "C:\Users\Admin\Operation-Report-System\admin_dashboard.py", line 157, in __init__
    self.setup_styles()
    ~~~~~~~~~~~~~~~~~^^
  File "C:\Users\Admin\Operation-Report-System\admin_dashboard.py", line 552, in setup_styles
    width: 10px;
    ^^^^^
NameError: name 'width' is not defined. Did you mean: 'self.width'?

During handling of the above exception, another exception occurred:

Traceback (most recent call last):
  File "C:\Users\Admin\Operation-Report-System\connection_watcher.py", line 91, in _schedule_check
    def _schedule_check(self):
    
KeyboardInterrupt

2026-06-09 09:38:01 [INFO] RemoteDatabaseManager: API mode enabled — connecting via http://222.127.90.218:5000
2026-06-09 09:38:05 [INFO] AutoUpdater: Silent updater: Checking for updates...
2026-06-09 09:38:05 [INFO] AutoUpdater: Silent update status: Checking for updates...
2026-06-09 09:38:05 [INFO] AutoUpdater: Silent updater: Already on latest version (1.0.0)
2026-06-09 09:38:05 [INFO] AutoUpdater: Silent update status: Already up to date
2026-06-09 09:38:06 [INFO] APIDbManager: API token obtained from http://222.127.90.218:5000
2026-06-09 09:43:08 [INFO] RemoteDatabaseManager: API mode enabled — connecting via http://222.127.90.218:5000
2026-06-09 09:43:11 [INFO] AutoUpdater: Silent updater: Checking for updates...
2026-06-09 09:43:11 [INFO] AutoUpdater: Silent update status: Checking for updates...
2026-06-09 09:43:12 [INFO] AutoUpdater: Silent updater: Already on latest version (1.0.0)
2026-06-09 09:43:12 [INFO] AutoUpdater: Silent update status: Already up to date
2026-06-09 09:43:13 [INFO] APIDbManager: API token obtained from http://222.127.90.218:5000
2026-06-09 09:43:13 [ERROR] login: Error loading dashboard: 'MoneyInput' object has no attribute 'textChanged'
2026-06-09 09:43:31 [CRITICAL] __main__: Uncaught exception:
Traceback (most recent call last):
  File "C:\Users\Admin\Operation-Report-System\login.py", line 640, in check_admin_login
    self.dashboard = AdminDashboard(account_type=account_type, os_group=os_group)
                     ~~~~~~~~~~~~~~^^^^^^^^^^^^^^^^^^^^^^^^^^^^^^^^^^^^^^^^^^^^^^
  File "C:\Users\Admin\Operation-Report-System\admin_dashboard.py", line 158, in __init__
    self.build_ui()
    ~~~~~~~~~~~~~^^
  File "C:\Users\Admin\Operation-Report-System\admin_dashboard.py", line 826, in build_ui
    self.daily_cash_widget = self.build_daily_cash_widget()
                             ~~~~~~~~~~~~~~~~~~~~~~~~~~~~^^
  File "C:\Users\Admin\Operation-Report-System\admin_dashboard.py", line 1619, in build_daily_cash_widget
    palawan_collapsible = self._build_palawan_collapsible()
  File "C:\Users\Admin\Operation-Report-System\admin_dashboard.py", line 1769, in _build_palawan_collapsible
    grid_layout.addWidget(_make_section("PALAWAN SEND-OUT",      "sendout",       "#1b75bc"), 0, 0)
                          ~~~~~~~~~~~~~^^^^^^^^^^^^^^^^^^^^^^^^^^^^^^^^^^^^^^^^^^^^^^^^^^^^^
  File "C:\Users\Admin\Operation-Report-System\admin_dashboard.py", line 1760, in _make_section
    self.palawan_inputs[f"palawan_{section_key}_{sub}"].textChanged.connect(_recalc)
    ^^^^^^^^^^^^^^^^^^^^^^^^^^^^^^^^^^^^^^^^^^^^^^^^^^^^^^^^^^^^^^^
AttributeError: 'MoneyInput' object has no attribute 'textChanged'

During handling of the above exception, another exception occurred:

Traceback (most recent call last):
  File "C:\Users\Admin\Operation-Report-System\connection_watcher.py", line 91, in _schedule_check
    def _schedule_check(self):
    
KeyboardInterrupt

2026-06-09 09:45:16 [INFO] RemoteDatabaseManager: API mode enabled — connecting via http://222.127.90.218:5000
2026-06-09 09:45:21 [INFO] AutoUpdater: Silent updater: Checking for updates...
2026-06-09 09:45:21 [INFO] AutoUpdater: Silent update status: Checking for updates...
2026-06-09 09:45:21 [INFO] AutoUpdater: Silent updater: Already on latest version (1.0.0)
2026-06-09 09:45:21 [INFO] AutoUpdater: Silent update status: Already up to date
2026-06-09 09:45:22 [INFO] APIDbManager: API token obtained from http://222.127.90.218:5000
2026-06-09 09:45:22 [ERROR] login: Error loading dashboard: 'MoneyInput' object has no attribute 'textChanged'
2026-06-09 09:45:46 [CRITICAL] __main__: Uncaught exception:
Traceback (most recent call last):
  File "C:\Users\Admin\Operation-Report-System\login.py", line 640, in check_admin_login
    self.dashboard = AdminDashboard(account_type=account_type, os_group=os_group)
                     ~~~~~~~~~~~~~~^^^^^^^^^^^^^^^^^^^^^^^^^^^^^^^^^^^^^^^^^^^^^^
  File "C:\Users\Admin\Operation-Report-System\admin_dashboard.py", line 158, in __init__
    self.build_ui()
    ~~~~~~~~~~~~~^^
  File "C:\Users\Admin\Operation-Report-System\admin_dashboard.py", line 826, in build_ui
    self.daily_cash_widget = self.build_daily_cash_widget()
                             ~~~~~~~~~~~~~~~~~~~~~~~~~~~~^^
  File "C:\Users\Admin\Operation-Report-System\admin_dashboard.py", line 1619, in build_daily_cash_widget
    palawan_collapsible = self._build_palawan_collapsible()
  File "C:\Users\Admin\Operation-Report-System\admin_dashboard.py", line 1769, in _build_palawan_collapsible
    grid_layout.addWidget(_make_section("PALAWAN SEND-OUT",      "sendout",       "#1b75bc"), 0, 0)
                          ~~~~~~~~~~~~~^^^^^^^^^^^^^^^^^^^^^^^^^^^^^^^^^^^^^^^^^^^^^^^^^^^^^
  File "C:\Users\Admin\Operation-Report-System\admin_dashboard.py", line 1760, in _make_section
    self.palawan_inputs[f"palawan_{section_key}_{sub}"].textChanged.connect(_recalc)
    ^^^^^^^^^^^^^^^^^^^^^^^^^^^^^^^^^^^^^^^^^^^^^^^^^^^^^^^^^^^^^^^
AttributeError: 'MoneyInput' object has no attribute 'textChanged'

During handling of the above exception, another exception occurred:

Traceback (most recent call last):
  File "C:\Users\Admin\Operation-Report-System\connection_watcher.py", line 91, in _schedule_check
    def _schedule_check(self):
    
KeyboardInterrupt

2026-06-09 09:46:08 [INFO] RemoteDatabaseManager: API mode enabled — connecting via http://222.127.90.218:5000
2026-06-09 09:46:11 [INFO] AutoUpdater: Silent updater: Checking for updates...
2026-06-09 09:46:11 [INFO] AutoUpdater: Silent update status: Checking for updates...
2026-06-09 09:46:12 [INFO] AutoUpdater: Silent updater: Already on latest version (1.0.0)
2026-06-09 09:46:12 [INFO] AutoUpdater: Silent update status: Already up to date
2026-06-09 09:46:12 [INFO] APIDbManager: API token obtained from http://222.127.90.218:5000
2026-06-09 09:46:35 [ERROR] admin_dashboard: Error loading entry: 'LotesInput' object has no attribute 'setText'
2026-06-09 09:52:07 [INFO] RemoteDatabaseManager: API mode enabled — connecting via http://222.127.90.218:5000
2026-06-09 09:52:11 [INFO] AutoUpdater: Silent updater: Checking for updates...
2026-06-09 09:52:11 [INFO] AutoUpdater: Silent update status: Checking for updates...
2026-06-09 09:52:11 [INFO] AutoUpdater: Silent updater: Already on latest version (1.0.0)
2026-06-09 09:52:11 [INFO] AutoUpdater: Silent update status: Already up to date
2026-06-09 09:52:12 [INFO] APIDbManager: API token obtained from http://222.127.90.218:5000
2026-06-09 09:55:25 [INFO] RemoteDatabaseManager: API mode enabled — connecting via http://222.127.90.218:5000
2026-06-09 09:55:28 [INFO] AutoUpdater: Silent updater: Checking for updates...
2026-06-09 09:55:28 [INFO] AutoUpdater: Silent update status: Checking for updates...
2026-06-09 09:55:28 [INFO] AutoUpdater: Silent updater: Already on latest version (1.0.0)
2026-06-09 09:55:28 [INFO] AutoUpdater: Silent update status: Already up to date
2026-06-09 09:55:30 [INFO] APIDbManager: API token obtained from http://222.127.90.218:5000
2026-06-09 09:58:35 [INFO] RemoteDatabaseManager: API mode enabled — connecting via http://222.127.90.218:5000
2026-06-09 09:58:38 [INFO] AutoUpdater: Silent updater: Checking for updates...
2026-06-09 09:58:38 [INFO] AutoUpdater: Silent update status: Checking for updates...
2026-06-09 09:58:39 [INFO] AutoUpdater: Silent updater: Already on latest version (1.0.0)
2026-06-09 09:58:39 [INFO] AutoUpdater: Silent update status: Already up to date
2026-06-09 09:58:40 [INFO] APIDbManager: API token obtained from http://222.127.90.218:5000
2026-06-09 09:59:23 [ERROR] admin_dashboard: Error loading entry: 'LotesInput' object has no attribute 'setText'
2026-06-09 09:59:26 [ERROR] admin_dashboard: Error loading entry: 'LotesInput' object has no attribute 'setText'
2026-06-09 09:59:29 [ERROR] admin_dashboard: Error loading entry: 'LotesInput' object has no attribute 'setText'
2026-06-09 10:03:43 [INFO] RemoteDatabaseManager: API mode enabled — connecting via http://222.127.90.218:5000
2026-06-09 10:03:47 [INFO] AutoUpdater: Silent updater: Checking for updates...
2026-06-09 10:03:47 [INFO] AutoUpdater: Silent update status: Checking for updates...
2026-06-09 10:03:47 [INFO] AutoUpdater: Silent updater: Already on latest version (1.0.0)
2026-06-09 10:03:47 [INFO] AutoUpdater: Silent update status: Already up to date
2026-06-09 10:04:36 [INFO] APIDbManager: API token obtained from http://222.127.90.218:5000
2026-06-09 10:04:52 [ERROR] admin_dashboard: Error loading entry: 'MoneyInput' object has no attribute 'isReadOnly'
2026-06-09 10:05:11 [WARNING] admin_dashboard: No branches found for corporation 'ALLEXITE JEWELRY PAWNSHOP INC.'. Debugging...
2026-06-09 10:05:11 [WARNING] admin_dashboard:   → Corporation 'ALLEXITE JEWELRY PAWNSHOP INC.' exists
2026-06-09 10:05:11 [WARNING] admin_dashboard:   → 9 branches found for this corporation
2026-06-09 10:09:53 [INFO] RemoteDatabaseManager: API mode enabled — connecting via http://222.127.90.218:5000
2026-06-09 10:09:57 [INFO] AutoUpdater: Silent updater: Checking for updates...
2026-06-09 10:09:57 [INFO] AutoUpdater: Silent update status: Checking for updates...
2026-06-09 10:09:57 [INFO] AutoUpdater: Silent updater: Already on latest version (1.0.0)
2026-06-09 10:09:57 [INFO] AutoUpdater: Silent update status: Already up to date
2026-06-09 10:09:58 [INFO] APIDbManager: API token obtained from http://222.127.90.218:5000
2026-06-09 10:10:09 [WARNING] admin_dashboard: No branches found for corporation 'ALLEXITE JEWELRY PAWNSHOP INC.'. Debugging...
2026-06-09 10:10:09 [WARNING] admin_dashboard:   → Corporation 'ALLEXITE JEWELRY PAWNSHOP INC.' exists
2026-06-09 10:10:09 [WARNING] admin_dashboard:   → 9 branches found for this corporation
2026-06-09 10:13:38 [INFO] RemoteDatabaseManager: API mode enabled — connecting via http://222.127.90.218:5000
2026-06-09 10:13:41 [INFO] AutoUpdater: Silent updater: Checking for updates...
2026-06-09 10:13:41 [INFO] AutoUpdater: Silent update status: Checking for updates...
2026-06-09 10:13:42 [INFO] AutoUpdater: Silent updater: Already on latest version (1.0.0)
2026-06-09 10:13:42 [INFO] AutoUpdater: Silent update status: Already up to date
2026-06-09 10:13:43 [INFO] APIDbManager: API token obtained from http://222.127.90.218:5000
2026-06-09 10:13:57 [WARNING] admin_dashboard: No branches found for corporation 'ALLEXITE JEWELRY PAWNSHOP INC.'. Debugging...
2026-06-09 10:13:57 [WARNING] admin_dashboard:   → Corporation 'ALLEXITE JEWELRY PAWNSHOP INC.' exists
2026-06-09 10:13:57 [WARNING] admin_dashboard:   → 9 branches found for this corporation
2026-06-09 10:19:12 [INFO] RemoteDatabaseManager: API mode enabled — connecting via http://222.127.90.218:5000
2026-06-09 10:19:15 [INFO] AutoUpdater: Silent updater: Checking for updates...
2026-06-09 10:19:16 [INFO] AutoUpdater: Silent update status: Checking for updates...
2026-06-09 10:19:16 [INFO] AutoUpdater: Silent updater: Already on latest version (1.0.0)
2026-06-09 10:19:16 [INFO] AutoUpdater: Silent update status: Already up to date
2026-06-09 10:19:17 [INFO] APIDbManager: API token obtained from http://222.127.90.218:5000
2026-06-09 10:21:47 [INFO] RemoteDatabaseManager: API mode enabled — connecting via http://222.127.90.218:5000
2026-06-09 10:21:51 [INFO] AutoUpdater: Silent updater: Checking for updates...
2026-06-09 10:21:51 [INFO] AutoUpdater: Silent update status: Checking for updates...
2026-06-09 10:21:51 [INFO] AutoUpdater: Silent updater: Already on latest version (1.0.0)
2026-06-09 10:21:51 [INFO] AutoUpdater: Silent update status: Already up to date
2026-06-09 10:21:52 [INFO] APIDbManager: API token obtained from http://222.127.90.218:5000
2026-06-09 10:24:38 [INFO] login: Logout requested - returning to login screen
2026-06-09 10:24:58 [ERROR] admin_dashboard: Error loading entry: 'MoneyInput' object has no attribute 'isReadOnly'
2026-06-09 10:25:06 [ERROR] admin_dashboard: Error loading entry: 'MoneyInput' object has no attribute 'isReadOnly'
2026-06-09 10:27:23 [INFO] RemoteDatabaseManager: API mode enabled — connecting via http://222.127.90.218:5000
2026-06-09 10:27:26 [INFO] AutoUpdater: Silent updater: Checking for updates...
2026-06-09 10:27:26 [INFO] AutoUpdater: Silent update status: Checking for updates...
2026-06-09 10:27:26 [INFO] AutoUpdater: Silent updater: Already on latest version (1.0.0)
2026-06-09 10:27:26 [INFO] AutoUpdater: Silent update status: Already up to date
2026-06-09 10:27:28 [INFO] APIDbManager: API token obtained from http://222.127.90.218:5000
2026-06-09 10:27:36 [ERROR] admin_dashboard: Error loading entry: 'MoneyInput' object has no attribute 'validator'
2026-06-09 10:27:53 [ERROR] admin_dashboard: Error loading entry: 'MoneyInput' object has no attribute 'validator'
2026-06-09 10:29:39 [INFO] RemoteDatabaseManager: API mode enabled — connecting via http://222.127.90.218:5000
2026-06-09 10:29:43 [INFO] AutoUpdater: Silent updater: Checking for updates...
2026-06-09 10:29:43 [INFO] AutoUpdater: Silent update status: Checking for updates...
2026-06-09 10:29:44 [INFO] AutoUpdater: Silent updater: Already on latest version (1.0.0)
2026-06-09 10:29:44 [INFO] AutoUpdater: Silent update status: Already up to date
2026-06-09 10:29:47 [INFO] APIDbManager: API token obtained from http://222.127.90.218:5000
2026-06-09 10:29:57 [ERROR] admin_dashboard: Error loading entry: 'LotesInput' object has no attribute 'validator'
2026-06-09 10:30:48 [INFO] RemoteDatabaseManager: API mode enabled — connecting via http://222.127.90.218:5000
2026-06-09 10:30:52 [INFO] AutoUpdater: Silent updater: Checking for updates...
2026-06-09 10:30:52 [INFO] AutoUpdater: Silent update status: Checking for updates...
2026-06-09 10:30:52 [INFO] AutoUpdater: Silent updater: Already on latest version (1.0.0)
2026-06-09 10:30:52 [INFO] AutoUpdater: Silent update status: Already up to date
2026-06-09 10:30:54 [INFO] APIDbManager: API token obtained from http://222.127.90.218:5000
2026-06-09 10:32:18 [INFO] RemoteDatabaseManager: API mode enabled — connecting via http://222.127.90.218:5000
2026-06-09 10:32:22 [INFO] AutoUpdater: Silent updater: Checking for updates...
2026-06-09 10:32:22 [INFO] AutoUpdater: Silent update status: Checking for updates...
2026-06-09 10:32:22 [INFO] AutoUpdater: Silent updater: Already on latest version (1.0.0)
2026-06-09 10:32:22 [INFO] AutoUpdater: Silent update status: Already up to date
2026-06-09 10:32:24 [INFO] APIDbManager: API token obtained from http://222.127.90.218:5000
2026-06-09 10:34:46 [INFO] login: Logout requested - returning to login screen
2026-06-09 10:34:55 [INFO] APIDbManager: API token obtained from http://222.127.90.218:5000
2026-06-09 10:49:31 [INFO] login: Logout requested - returning to login screen
2026-06-09 11:04:25 [INFO] RemoteDatabaseManager: API mode enabled — connecting via http://222.127.90.218:5000
2026-06-09 11:04:29 [INFO] AutoUpdater: Silent updater: Checking for updates...
2026-06-09 11:04:29 [INFO] AutoUpdater: Silent update status: Checking for updates...
2026-06-09 11:04:30 [INFO] AutoUpdater: Silent updater: Already on latest version (1.0.0)
2026-06-09 11:04:30 [INFO] AutoUpdater: Silent update status: Already up to date
2026-06-09 11:04:35 [INFO] APIDbManager: API token obtained from http://222.127.90.218:5000
2026-06-09 11:05:05 [INFO] Client.client_dashboard: daily_reports_brand_a verified: Debit=99958.79, Credit=0.00, Ending=99958.79
2026-06-09 11:05:05 [INFO] Client.client_dashboard: daily_reports verified: Debit=100000.06, Credit=0.00, Ending=100000.06
2026-06-09 11:05:05 [INFO] Client.client_dashboard: Cash Float saved: 0.00
2026-06-09 11:05:06 [INFO] APIDbManager: API token obtained from http://222.127.90.218:5000
2026-06-09 11:06:09 [INFO] Client.client_dashboard: daily_reports_brand_a verified: Debit=99996.40, Credit=121.00, Ending=99875.40
2026-06-09 11:06:09 [INFO] Client.client_dashboard: daily_reports verified: Debit=100018.06, Credit=7.00, Ending=100011.06
2026-06-09 11:06:09 [INFO] Client.client_dashboard: Cash Float saved: 10000.00
2026-06-09 11:06:10 [INFO] APIDbManager: API token obtained from http://222.127.90.218:5000
2026-06-09 11:06:13 [INFO] login: Logout requested - returning to login screen
2026-06-09 11:06:20 [INFO] APIDbManager: API token obtained from http://222.127.90.218:5000
2026-06-09 11:07:54 [INFO] login: Logout requested - returning to login screen
2026-06-09 11:07:59 [INFO] APIDbManager: API token obtained from http://222.127.90.218:5000
2026-06-09 11:09:02 [INFO] Client.client_dashboard: daily_reports_brand_a verified: Debit=99877.40, Credit=5.00, Ending=99872.40
2026-06-09 11:09:02 [INFO] Client.client_dashboard: daily_reports verified: Debit=100014.06, Credit=5.00, Ending=100009.06
2026-06-09 11:09:02 [INFO] Client.client_dashboard: Cash Float saved: 0.00
2026-06-09 11:09:04 [INFO] APIDbManager: API token obtained from http://222.127.90.218:5000
2026-06-09 11:09:06 [INFO] login: Logout requested - returning to login screen
2026-06-09 11:16:33 [INFO] RemoteDatabaseManager: API mode enabled — connecting via http://222.127.90.218:5000
2026-06-09 11:16:37 [INFO] AutoUpdater: Silent updater: Checking for updates...
2026-06-09 11:16:37 [INFO] AutoUpdater: Silent update status: Checking for updates...
2026-06-09 11:16:37 [INFO] AutoUpdater: Silent updater: Already on latest version (1.0.0)
2026-06-09 11:16:37 [INFO] AutoUpdater: Silent update status: Already up to date
2026-06-09 11:16:38 [INFO] APIDbManager: API token obtained from http://222.127.90.218:5000
2026-06-09 11:18:45 [INFO] login: Logout requested - returning to login screen
2026-06-09 11:21:27 [INFO] RemoteDatabaseManager: API mode enabled — connecting via http://222.127.90.218:5000
2026-06-09 11:21:30 [INFO] AutoUpdater: Silent updater: Checking for updates...
2026-06-09 11:21:30 [INFO] AutoUpdater: Silent update status: Checking for updates...
2026-06-09 11:21:31 [INFO] AutoUpdater: Silent updater: Already on latest version (1.0.0)
2026-06-09 11:21:31 [INFO] AutoUpdater: Silent update status: Already up to date
2026-06-09 11:21:34 [INFO] APIDbManager: API token obtained from http://222.127.90.218:5000
2026-06-09 11:22:09 [INFO] login: Logout requested - returning to login screen
2026-06-09 11:22:14 [INFO] APIDbManager: API token obtained from http://222.127.90.218:5000
2026-06-09 11:23:05 [INFO] Client.client_dashboard: daily_reports_brand_a verified: Debit=99874.40, Credit=5.00, Ending=99869.40
2026-06-09 11:23:05 [INFO] Client.client_dashboard: daily_reports verified: Debit=100012.06, Credit=5.00, Ending=100007.06
2026-06-09 11:23:05 [INFO] Client.client_dashboard: Cash Float saved: 0.00
2026-06-09 11:23:06 [INFO] APIDbManager: API token obtained from http://222.127.90.218:5000
2026-06-09 11:23:10 [INFO] login: Logout requested - returning to login screen
2026-06-09 11:34:12 [INFO] RemoteDatabaseManager: API mode enabled — connecting via http://222.127.90.218:5000
2026-06-09 11:34:15 [INFO] AutoUpdater: Silent updater: Checking for updates...
2026-06-09 11:34:15 [INFO] AutoUpdater: Silent update status: Checking for updates...
2026-06-09 11:34:16 [INFO] AutoUpdater: Silent updater: Already on latest version (1.0.0)
2026-06-09 11:34:16 [INFO] AutoUpdater: Silent update status: Already up to date
2026-06-09 11:34:17 [INFO] APIDbManager: API token obtained from http://222.127.90.218:5000
2026-06-09 11:35:15 [INFO] login: Logout requested - returning to login screen
2026-06-09 11:35:20 [INFO] APIDbManager: API token obtained from http://222.127.90.218:5000
2026-06-09 11:36:23 [INFO] Client.client_dashboard: daily_reports_brand_a verified: Debit=99871.40, Credit=5.00, Ending=99866.40
2026-06-09 11:36:23 [INFO] Client.client_dashboard: daily_reports verified: Debit=100010.06, Credit=5.00, Ending=100005.06
2026-06-09 11:36:23 [INFO] Client.client_dashboard: Cash Float saved: 0.00
2026-06-09 11:36:24 [INFO] APIDbManager: API token obtained from http://222.127.90.218:5000
2026-06-09 11:36:27 [INFO] login: Logout requested - returning to login screen
2026-06-09 11:40:52 [INFO] RemoteDatabaseManager: API mode enabled — connecting via http://222.127.90.218:5000
2026-06-09 11:40:55 [INFO] AutoUpdater: Silent updater: Checking for updates...
2026-06-09 11:40:55 [INFO] AutoUpdater: Silent update status: Checking for updates...
2026-06-09 11:40:55 [INFO] AutoUpdater: Silent updater: Already on latest version (1.0.0)
2026-06-09 11:40:55 [INFO] AutoUpdater: Silent update status: Already up to date
2026-06-09 11:41:00 [INFO] APIDbManager: API token obtained from http://222.127.90.218:5000
2026-06-09 11:41:48 [INFO] Client.client_dashboard: daily_reports_brand_a verified: Debit=99868.40, Credit=5.00, Ending=99863.40
2026-06-09 11:41:48 [INFO] Client.client_dashboard: _save_palawan_to_payable() called but skipped - client writes only to daily report tables
2026-06-09 11:41:48 [INFO] Client.client_dashboard: daily_reports verified: Debit=100008.06, Credit=5.00, Ending=100003.06
2026-06-09 11:41:48 [INFO] Client.client_dashboard: _save_palawan_to_payable() called but skipped - client writes only to daily report tables
2026-06-09 11:41:48 [INFO] Client.client_dashboard: Cash Float saved: 0.00
2026-06-09 11:41:49 [INFO] APIDbManager: API token obtained from http://222.127.90.218:5000
2026-06-09 11:41:52 [INFO] login: Logout requested - returning to login screen
2026-06-09 11:42:02 [INFO] APIDbManager: API token obtained from http://222.127.90.218:5000
2026-06-09 11:45:48 [INFO] RemoteDatabaseManager: API mode enabled — connecting via http://222.127.90.218:5000
2026-06-09 11:45:51 [INFO] AutoUpdater: Silent updater: Checking for updates...
2026-06-09 11:45:51 [INFO] AutoUpdater: Silent update status: Checking for updates...
2026-06-09 11:45:52 [INFO] AutoUpdater: Silent updater: Already on latest version (1.0.0)
2026-06-09 11:45:52 [INFO] AutoUpdater: Silent update status: Already up to date
2026-06-09 11:45:53 [INFO] APIDbManager: API token obtained from http://222.127.90.218:5000
2026-06-09 11:45:57 [INFO] login: Logout requested - returning to login screen
2026-06-09 11:46:05 [INFO] APIDbManager: API token obtained from http://222.127.90.218:5000
2026-06-09 11:46:44 [INFO] Client.client_dashboard: daily_reports_brand_a verified: Debit=99865.40, Credit=5.00, Ending=99860.40
2026-06-09 11:46:44 [INFO] Client.client_dashboard: Saved palawan data to payable_tbl_brand_a for HEAD OFFICE on 2026-06-23
2026-06-09 11:46:44 [INFO] Client.client_dashboard: daily_reports verified: Debit=100006.06, Credit=5.00, Ending=100001.06
2026-06-09 11:46:44 [INFO] Client.client_dashboard: Saved palawan data to payable_tbl_brand_a for HEAD OFFICE on 2026-06-23
2026-06-09 11:46:44 [INFO] Client.client_dashboard: Cash Float saved: 0.00
2026-06-09 11:46:46 [INFO] APIDbManager: API token obtained from http://222.127.90.218:5000
2026-06-09 11:46:48 [INFO] login: Logout requested - returning to login screen
2026-06-09 11:49:56 [INFO] RemoteDatabaseManager: API mode enabled — connecting via http://222.127.90.218:5000
2026-06-09 11:50:00 [INFO] AutoUpdater: Silent updater: Checking for updates...
2026-06-09 11:50:00 [INFO] AutoUpdater: Silent update status: Checking for updates...
2026-06-09 11:50:00 [INFO] AutoUpdater: Silent updater: Already on latest version (1.0.0)
2026-06-09 11:50:00 [INFO] AutoUpdater: Silent update status: Already up to date
2026-06-09 11:50:05 [INFO] APIDbManager: API token obtained from http://222.127.90.218:5000
2026-06-09 11:50:49 [INFO] Client.client_dashboard: daily_reports_brand_a verified: Debit=99862.40, Credit=5.00, Ending=99857.40
2026-06-09 11:50:49 [INFO] Client.client_dashboard: Saved palawan data (including adjustments) to payable_tbl_brand_a for HEAD OFFICE on 2026-06-24
2026-06-09 11:50:49 [INFO] Client.client_dashboard: daily_reports verified: Debit=100004.06, Credit=5.00, Ending=99999.06
2026-06-09 11:50:49 [INFO] Client.client_dashboard: Saved palawan data (including adjustments) to payable_tbl_brand_a for HEAD OFFICE on 2026-06-24
2026-06-09 11:50:49 [INFO] Client.client_dashboard: Cash Float saved: 0.00
2026-06-09 11:50:51 [INFO] APIDbManager: API token obtained from http://222.127.90.218:5000
2026-06-09 11:50:54 [INFO] login: Logout requested - returning to login screen
2026-06-09 11:50:59 [INFO] APIDbManager: API token obtained from http://222.127.90.218:5000
2026-06-09 11:52:03 [INFO] login: Logout requested - returning to login screen
2026-06-09 12:37:08 [INFO] RemoteDatabaseManager: API mode enabled — connecting via http://222.127.90.218:5000
2026-06-09 12:37:11 [INFO] AutoUpdater: Silent updater: Checking for updates...
2026-06-09 12:37:12 [INFO] AutoUpdater: Silent update status: Checking for updates...
2026-06-09 12:37:12 [INFO] AutoUpdater: Silent updater: Already on latest version (1.0.0)
2026-06-09 12:37:12 [INFO] AutoUpdater: Silent update status: Already up to date
2026-06-09 12:37:18 [INFO] APIDbManager: API token obtained from http://222.127.90.218:5000
2026-06-09 12:37:23 [INFO] RemoteDatabaseManager: API mode enabled — connecting via http://222.127.90.218:5000
2026-06-09 12:37:25 [INFO] AutoUpdater: Silent updater: Checking for updates...
2026-06-09 12:37:25 [INFO] AutoUpdater: Silent update status: Checking for updates...
2026-06-09 12:37:26 [INFO] AutoUpdater: Silent updater: Already on latest version (1.0.0)
2026-06-09 12:37:26 [INFO] AutoUpdater: Silent update status: Already up to date
2026-06-09 12:37:28 [INFO] APIDbManager: API token obtained from http://222.127.90.218:5000
2026-06-09 12:42:25 [INFO] RemoteDatabaseManager: API mode enabled — connecting via http://222.127.90.218:5000
2026-06-09 12:42:29 [INFO] AutoUpdater: Silent updater: Checking for updates...
2026-06-09 12:42:29 [INFO] AutoUpdater: Silent update status: Checking for updates...
2026-06-09 12:42:30 [INFO] AutoUpdater: Silent updater: Already on latest version (1.0.0)
2026-06-09 12:42:30 [INFO] AutoUpdater: Silent update status: Already up to date
2026-06-09 13:03:58 [INFO] APIDbManager: API token obtained from http://222.127.90.218:5000
2026-06-09 13:04:47 [INFO] Client.client_dashboard: daily_reports_brand_a verified: Debit=99859.40, Credit=5.00, Ending=99854.40
2026-06-09 13:04:47 [INFO] Client.client_dashboard: Saved palawan data (including adjustments) to payable_tbl_brand_a for HEAD OFFICE on 2026-06-25
2026-06-09 13:04:47 [INFO] Client.client_dashboard: daily_reports verified: Debit=100002.06, Credit=5.00, Ending=99997.06
2026-06-09 13:04:47 [INFO] Client.client_dashboard: Saved palawan data (including adjustments) to payable_tbl_brand_a for HEAD OFFICE on 2026-06-25
2026-06-09 13:04:47 [INFO] Client.client_dashboard: Cash Float saved: 0.00
2026-06-09 13:04:49 [INFO] APIDbManager: API token obtained from http://222.127.90.218:5000
2026-06-09 13:04:52 [INFO] login: Logout requested - returning to login screen
2026-06-09 13:04:57 [INFO] APIDbManager: API token obtained from http://222.127.90.218:5000
2026-06-09 13:05:44 [WARNING] urllib3.connectionpool: Retrying (Retry(total=0, connect=1, read=0, redirect=None, status=None)) after connection broken by 'RemoteDisconnected('Remote end closed connection without response')': /api/exec
2026-06-09 13:07:48 [INFO] login: Logout requested - returning to login screen
2026-06-09 13:20:09 [INFO] RemoteDatabaseManager: API mode enabled — connecting via http://222.127.90.218:5000
2026-06-09 13:20:12 [INFO] AutoUpdater: Silent updater: Checking for updates...
2026-06-09 13:20:12 [INFO] AutoUpdater: Silent update status: Checking for updates...
2026-06-09 13:20:12 [INFO] AutoUpdater: Silent updater: Already on latest version (1.0.0)
2026-06-09 13:20:12 [INFO] AutoUpdater: Silent update status: Already up to date
2026-06-09 13:20:13 [INFO] APIDbManager: API token obtained from http://222.127.90.218:5000
2026-06-09 13:23:33 [INFO] RemoteDatabaseManager: API mode enabled — connecting via http://222.127.90.218:5000
2026-06-09 13:23:36 [INFO] AutoUpdater: Silent updater: Checking for updates...
2026-06-09 13:23:36 [INFO] AutoUpdater: Silent update status: Checking for updates...
2026-06-09 13:23:37 [INFO] AutoUpdater: Silent updater: Already on latest version (1.0.0)
2026-06-09 13:23:37 [INFO] AutoUpdater: Silent update status: Already up to date
2026-06-09 13:23:38 [INFO] APIDbManager: API token obtained from http://222.127.90.218:5000
2026-06-09 13:25:49 [INFO] RemoteDatabaseManager: API mode enabled — connecting via http://222.127.90.218:5000
2026-06-09 13:25:53 [INFO] AutoUpdater: Silent updater: Checking for updates...
2026-06-09 13:25:53 [INFO] AutoUpdater: Silent update status: Checking for updates...
2026-06-09 13:25:53 [INFO] AutoUpdater: Silent updater: Already on latest version (1.0.0)
2026-06-09 13:25:53 [INFO] AutoUpdater: Silent update status: Already up to date
2026-06-09 13:29:01 [INFO] APIDbManager: API token obtained from http://222.127.90.218:5000
2026-06-09 13:30:23 [INFO] RemoteDatabaseManager: API mode enabled — connecting via http://222.127.90.218:5000
2026-06-09 13:30:26 [INFO] AutoUpdater: Silent updater: Checking for updates...
2026-06-09 13:30:26 [INFO] AutoUpdater: Silent update status: Checking for updates...
2026-06-09 13:30:26 [INFO] AutoUpdater: Silent updater: Already on latest version (1.0.0)
2026-06-09 13:30:26 [INFO] AutoUpdater: Silent update status: Already up to date
2026-06-09 13:30:28 [INFO] APIDbManager: API token obtained from http://222.127.90.218:5000
2026-06-09 13:34:05 [INFO] RemoteDatabaseManager: API mode enabled — connecting via http://222.127.90.218:5000
2026-06-09 13:34:09 [INFO] AutoUpdater: Silent updater: Checking for updates...
2026-06-09 13:34:09 [INFO] AutoUpdater: Silent update status: Checking for updates...
2026-06-09 13:34:09 [INFO] AutoUpdater: Silent updater: Already on latest version (1.0.0)
2026-06-09 13:34:09 [INFO] AutoUpdater: Silent update status: Already up to date
2026-06-09 13:34:10 [INFO] APIDbManager: API token obtained from http://222.127.90.218:5000
2026-06-09 13:40:54 [INFO] login: Logout requested - returning to login screen
2026-06-09 13:43:30 [INFO] login: Logout requested - returning to login screen
2026-06-09 13:44:33 [INFO] APIDbManager: API token obtained from http://222.127.90.218:5000
2026-06-09 13:45:01 [INFO] login: Logout requested - returning to login screen
2026-06-09 13:45:55 [INFO] login: Logout requested - returning to login screen
2026-06-09 13:46:39 [INFO] login: Logout requested - returning to login screen
2026-06-09 13:46:54 [INFO] APIDbManager: API token obtained from http://222.127.90.218:5000
2026-06-09 13:47:01 [INFO] Client.client_dashboard: daily_reports_brand_a verified: Debit=115722.00, Credit=44438.00, Ending=71284.00
2026-06-09 13:47:01 [INFO] Client.client_dashboard: FIX #13: Saved palawan data to payable_tbl_brand_a for CAMACAL on 2026-05-02 (result: 1)
2026-06-09 13:47:01 [INFO] Client.client_dashboard: FIX #13: Palawan data save completed for CAMACAL on 2026-05-02
2026-06-09 13:47:01 [INFO] Client.client_dashboard: daily_reports verified: Debit=342911.50, Credit=44438.00, Ending=298473.50
2026-06-09 13:47:01 [INFO] Client.client_dashboard: FIX #13: Saved palawan data to payable_tbl_brand_a for CAMACAL on 2026-05-02 (result: 1)
2026-06-09 13:47:01 [INFO] Client.client_dashboard: FIX #13: Palawan data save completed for CAMACAL on 2026-05-02
2026-06-09 13:47:01 [INFO] Client.client_dashboard: Cash Float saved: 0.00
2026-06-09 13:47:02 [INFO] APIDbManager: API token obtained from http://222.127.90.218:5000
2026-06-09 13:47:10 [INFO] login: Logout requested - returning to login screen
2026-06-09 13:56:37 [INFO] RemoteDatabaseManager: API mode enabled — connecting via http://222.127.90.218:5000
2026-06-09 13:56:41 [INFO] AutoUpdater: Silent updater: Checking for updates...
2026-06-09 13:56:41 [INFO] AutoUpdater: Silent update status: Checking for updates...
2026-06-09 13:56:41 [INFO] AutoUpdater: Silent updater: Already on latest version (1.0.0)
2026-06-09 13:56:41 [INFO] AutoUpdater: Silent update status: Already up to date
2026-06-09 13:56:43 [INFO] APIDbManager: API token obtained from http://222.127.90.218:5000
2026-06-09 13:59:52 [INFO] login: Logout requested - returning to login screen
2026-06-09 14:00:03 [INFO] APIDbManager: API token obtained from http://222.127.90.218:5000
2026-06-09 14:02:49 [INFO] login: Logout requested - returning to login screen
2026-06-09 14:09:55 [INFO] RemoteDatabaseManager: API mode enabled — connecting via http://222.127.90.218:5000
2026-06-09 14:09:59 [INFO] AutoUpdater: Silent updater: Checking for updates...
2026-06-09 14:09:59 [INFO] AutoUpdater: Silent update status: Checking for updates...
2026-06-09 14:09:59 [INFO] AutoUpdater: Silent updater: Already on latest version (1.0.0)
2026-06-09 14:09:59 [INFO] AutoUpdater: Silent update status: Already up to date
2026-06-09 14:10:11 [INFO] APIDbManager: API token obtained from http://222.127.90.218:5000
2026-06-09 14:15:31 [INFO] RemoteDatabaseManager: API mode enabled — connecting via http://222.127.90.218:5000
2026-06-09 14:15:35 [INFO] AutoUpdater: Silent updater: Checking for updates...
2026-06-09 14:15:35 [INFO] AutoUpdater: Silent update status: Checking for updates...
2026-06-09 14:15:35 [INFO] AutoUpdater: Silent updater: Already on latest version (1.0.0)
2026-06-09 14:15:35 [INFO] AutoUpdater: Silent update status: Already up to date
2026-06-09 14:15:36 [INFO] APIDbManager: API token obtained from http://222.127.90.218:5000
2026-06-09 14:23:33 [INFO] RemoteDatabaseManager: API mode enabled — connecting via http://222.127.90.218:5000
2026-06-09 14:23:36 [INFO] AutoUpdater: Silent updater: Checking for updates...
2026-06-09 14:23:36 [INFO] AutoUpdater: Silent update status: Checking for updates...
2026-06-09 14:23:37 [INFO] AutoUpdater: Silent updater: Already on latest version (1.0.0)
2026-06-09 14:23:37 [INFO] AutoUpdater: Silent update status: Already up to date
2026-06-09 14:23:41 [INFO] APIDbManager: API token obtained from http://222.127.90.218:5000
2026-06-09 15:08:58 [INFO] RemoteDatabaseManager: API mode enabled — connecting via http://222.127.90.218:5000
2026-06-09 15:09:02 [INFO] AutoUpdater: Silent updater: Checking for updates...
2026-06-09 15:09:02 [INFO] AutoUpdater: Silent update status: Checking for updates...
2026-06-09 15:09:02 [INFO] AutoUpdater: Silent updater: Already on latest version (1.0.0)
2026-06-09 15:09:02 [INFO] AutoUpdater: Silent update status: Already up to date
2026-06-09 15:09:04 [INFO] APIDbManager: API token obtained from http://222.127.90.218:5000
2026-06-09 15:25:47 [INFO] login: Logout requested - returning to login screen
2026-06-09 15:33:35 [INFO] login: Logout requested - returning to login screen
2026-06-09 15:38:58 [INFO] RemoteDatabaseManager: API mode enabled — connecting via http://222.127.90.218:5000
2026-06-09 15:39:01 [INFO] AutoUpdater: Silent updater: Checking for updates...
2026-06-09 15:39:01 [INFO] AutoUpdater: Silent update status: Checking for updates...
2026-06-09 15:39:01 [INFO] AutoUpdater: Silent updater: Already on latest version (1.0.0)
2026-06-09 15:39:01 [INFO] AutoUpdater: Silent update status: Already up to date
2026-06-09 15:39:02 [INFO] APIDbManager: API token obtained from http://222.127.90.218:5000
2026-06-09 15:41:14 [INFO] RemoteDatabaseManager: API mode enabled — connecting via http://222.127.90.218:5000
2026-06-09 15:41:17 [INFO] AutoUpdater: Silent updater: Checking for updates...
2026-06-09 15:41:17 [INFO] AutoUpdater: Silent update status: Checking for updates...
2026-06-09 15:41:17 [INFO] AutoUpdater: Silent updater: Already on latest version (1.0.0)
2026-06-09 15:41:17 [INFO] AutoUpdater: Silent update status: Already up to date
2026-06-09 15:41:19 [INFO] APIDbManager: API token obtained from http://222.127.90.218:5000
2026-06-09 15:42:47 [INFO] RemoteDatabaseManager: API mode enabled — connecting via http://222.127.90.218:5000
2026-06-09 15:42:50 [INFO] AutoUpdater: Silent updater: Checking for updates...
2026-06-09 15:42:50 [INFO] AutoUpdater: Silent update status: Checking for updates...
2026-06-09 15:42:50 [INFO] AutoUpdater: Silent updater: Already on latest version (1.0.0)
2026-06-09 15:42:50 [INFO] AutoUpdater: Silent update status: Already up to date
2026-06-09 15:42:52 [INFO] APIDbManager: API token obtained from http://222.127.90.218:5000
2026-06-09 15:52:27 [INFO] RemoteDatabaseManager: API mode enabled — connecting via http://222.127.90.218:5000
2026-06-09 15:52:30 [INFO] AutoUpdater: Silent updater: Checking for updates...
2026-06-09 15:52:31 [INFO] AutoUpdater: Silent update status: Checking for updates...
2026-06-09 15:52:31 [INFO] AutoUpdater: Silent updater: Already on latest version (1.0.0)
2026-06-09 15:52:31 [INFO] AutoUpdater: Silent update status: Already up to date
2026-06-09 15:52:32 [INFO] APIDbManager: API token obtained from http://222.127.90.218:5000
2026-06-09 16:36:08 [INFO] login: Logout requested - returning to login screen
2026-06-09 16:36:16 [INFO] login: Logout requested - returning to login screen
2026-06-10 07:59:14 [INFO] RemoteDatabaseManager: API mode enabled — connecting via http://222.127.90.218:5000
2026-06-10 07:59:18 [INFO] AutoUpdater: Silent updater: Checking for updates...
2026-06-10 07:59:18 [INFO] AutoUpdater: Silent update status: Checking for updates...
2026-06-10 07:59:18 [INFO] AutoUpdater: Silent updater: Already on latest version (1.0.0)
2026-06-10 07:59:18 [INFO] AutoUpdater: Silent update status: Already up to date
2026-06-10 07:59:20 [WARNING] urllib3.connectionpool: Retrying (Retry(total=1, connect=2, read=1, redirect=None, status=None)) after connection broken by 'RemoteDisconnected('Remote end closed connection without response')': /api/health
2026-06-10 07:59:20 [INFO] APIDbManager: API token obtained from http://222.127.90.218:5000
2026-06-10 08:07:01 [INFO] login: Logout requested - returning to login screen
2026-06-10 08:07:12 [INFO] APIDbManager: API token obtained from http://222.127.90.218:5000
2026-06-10 08:10:23 [INFO] RemoteDatabaseManager: API mode enabled — connecting via http://222.127.90.218:5000
2026-06-10 08:10:27 [INFO] AutoUpdater: Silent updater: Checking for updates...
2026-06-10 08:10:27 [INFO] AutoUpdater: Silent update status: Checking for updates...
2026-06-10 08:10:27 [INFO] AutoUpdater: Silent updater: Already on latest version (1.0.0)
2026-06-10 08:10:27 [INFO] AutoUpdater: Silent update status: Already up to date
2026-06-10 08:10:28 [INFO] APIDbManager: API token obtained from http://222.127.90.218:5000
2026-06-10 08:11:54 [INFO] Client.client_dashboard: daily_reports_brand_a verified: Debit=99854.40, Credit=4.00, Ending=99850.40
2026-06-10 08:11:54 [INFO] Client.client_dashboard: FIX #13: Saved palawan data to payable_tbl_brand_a for HEAD OFFICE on 2026-06-26 (result: 1)
2026-06-10 08:11:54 [INFO] Client.client_dashboard: FIX #13: Palawan data save completed for HEAD OFFICE on 2026-06-26
2026-06-10 08:11:54 [INFO] Client.client_dashboard: daily_reports verified: Debit=100000.06, Credit=5.00, Ending=99995.06
2026-06-10 08:11:54 [INFO] Client.client_dashboard: FIX #13: Saved palawan data to payable_tbl_brand_a for HEAD OFFICE on 2026-06-26 (result: 1)
2026-06-10 08:11:54 [INFO] Client.client_dashboard: FIX #13: Palawan data save completed for HEAD OFFICE on 2026-06-26
2026-06-10 08:11:54 [INFO] Client.client_dashboard: Cash Float saved: 0.00
2026-06-10 08:11:56 [INFO] APIDbManager: API token obtained from http://222.127.90.218:5000
2026-06-10 08:20:31 [INFO] RemoteDatabaseManager: API mode enabled — connecting via http://222.127.90.218:5000
2026-06-10 08:20:35 [INFO] AutoUpdater: Silent updater: Checking for updates...
2026-06-10 08:20:35 [INFO] AutoUpdater: Silent update status: Checking for updates...
2026-06-10 08:20:35 [INFO] AutoUpdater: Silent updater: Already on latest version (1.0.0)
2026-06-10 08:20:35 [INFO] AutoUpdater: Silent update status: Already up to date
2026-06-10 08:20:36 [INFO] APIDbManager: API token obtained from http://222.127.90.218:5000
2026-06-10 08:23:25 [INFO] RemoteDatabaseManager: API mode enabled — connecting via http://222.127.90.218:5000
2026-06-10 08:23:29 [INFO] AutoUpdater: Silent updater: Checking for updates...
2026-06-10 08:23:29 [INFO] AutoUpdater: Silent update status: Checking for updates...
2026-06-10 08:23:30 [INFO] AutoUpdater: Silent updater: Already on latest version (1.0.0)
2026-06-10 08:23:30 [INFO] AutoUpdater: Silent update status: Already up to date
2026-06-10 08:23:31 [INFO] APIDbManager: API token obtained from http://222.127.90.218:5000
2026-06-10 08:23:32 [INFO] Client.client_dashboard: [_restore_palawan_payable] Loading adjustments: {'palawan_suki_discounts': 1.0, 'palawan_suki_rebates': 1.0, 'palawan_cancel': 1.0, 'palawan_pay_out_incentives': 1.0}
2026-06-10 08:23:32 [INFO] Client.client_dashboard: [_restore_palawan_payable] Loading adjustments: {'palawan_suki_discounts': 1.0, 'palawan_suki_rebates': 1.0, 'palawan_cancel': 1.0, 'palawan_pay_out_incentives': 1.0}
2026-06-10 08:23:38 [INFO] Client.client_dashboard: [_restore_palawan_payable] Loading adjustments: {'palawan_suki_discounts': 1.0, 'palawan_suki_rebates': 1.0, 'palawan_cancel': 1.0, 'palawan_pay_out_incentives': 1.0}
2026-06-10 08:23:38 [INFO] Client.client_dashboard: [_restore_palawan_payable] Loading adjustments: {'palawan_suki_discounts': 1.0, 'palawan_suki_rebates': 1.0, 'palawan_cancel': 1.0, 'palawan_pay_out_incentives': 1.0}
2026-06-10 08:23:40 [INFO] Client.client_dashboard: [_restore_palawan_payable] No adjustments found for 2026-06-27 HEAD OFFICE HEAD OFFICE
2026-06-10 08:23:53 [INFO] Client.client_dashboard: [_restore_palawan_payable] Loading adjustments: {'palawan_suki_discounts': 1.0, 'palawan_suki_rebates': 1.0, 'palawan_cancel': 1.0, 'palawan_pay_out_incentives': 1.0}
2026-06-10 08:23:53 [INFO] Client.client_dashboard: [_restore_palawan_payable] Loading adjustments: {'palawan_suki_discounts': 1.0, 'palawan_suki_rebates': 1.0, 'palawan_cancel': 1.0, 'palawan_pay_out_incentives': 1.0}
2026-06-10 08:25:21 [INFO] RemoteDatabaseManager: API mode enabled — connecting via http://222.127.90.218:5000
2026-06-10 08:25:25 [INFO] AutoUpdater: Silent updater: Checking for updates...
2026-06-10 08:25:25 [INFO] AutoUpdater: Silent update status: Checking for updates...
2026-06-10 08:25:25 [INFO] AutoUpdater: Silent updater: Already on latest version (1.0.0)
2026-06-10 08:25:25 [INFO] AutoUpdater: Silent update status: Already up to date
2026-06-10 08:25:27 [INFO] APIDbManager: API token obtained from http://222.127.90.218:5000
2026-06-10 08:25:28 [INFO] Client.client_dashboard: [_restore_palawan_payable] Loading adjustments: {'palawan_suki_discounts': 1.0, 'palawan_suki_rebates': 1.0, 'palawan_cancel': 1.0, 'palawan_pay_out_incentives': 1.0}
2026-06-10 08:25:28 [INFO] Client.client_dashboard: [_restore_palawan_payable] Loading adjustments: {'palawan_suki_discounts': 1.0, 'palawan_suki_rebates': 1.0, 'palawan_cancel': 1.0, 'palawan_pay_out_incentives': 1.0}
2026-06-10 08:25:30 [INFO] Client.client_dashboard: [_restore_palawan_payable] No adjustments found for 2026-06-27 HEAD OFFICE HEAD OFFICE
2026-06-10 08:26:07 [INFO] Client.client_dashboard: daily_reports_brand_a verified: Debit=99850.40, Credit=4.00, Ending=99846.40
2026-06-10 08:26:07 [INFO] Client.client_dashboard: 🔵 _save_palawan_to_payable: branch=HEAD OFFICE, date=2026-06-27, SO=1.0, PO=1.0, INT=1.0, Adj: inc=1.0, skid=1.0, skir=1.0, cancel=1.0
2026-06-10 08:26:07 [INFO] Client.client_dashboard: FIX #13: Saved palawan data to payable_tbl_brand_a for HEAD OFFICE on 2026-06-27 (result: 1)
2026-06-10 08:26:07 [INFO] Client.client_dashboard: FIX #13: Palawan data save completed for HEAD OFFICE on 2026-06-27
2026-06-10 08:26:07 [INFO] Client.client_dashboard: daily_reports verified: Debit=99998.06, Credit=5.00, Ending=99993.06
2026-06-10 08:26:07 [INFO] Client.client_dashboard: 🔵 _save_palawan_to_payable: branch=HEAD OFFICE, date=2026-06-27, SO=1.0, PO=1.0, INT=1.0, Adj: inc=1.0, skid=1.0, skir=1.0, cancel=1.0
2026-06-10 08:26:07 [INFO] Client.client_dashboard: FIX #13: Saved palawan data to payable_tbl_brand_a for HEAD OFFICE on 2026-06-27 (result: 2)
2026-06-10 08:26:07 [INFO] Client.client_dashboard: FIX #13: Palawan data save completed for HEAD OFFICE on 2026-06-27
2026-06-10 08:26:07 [INFO] Client.client_dashboard: Cash Float saved: 0.00
2026-06-10 08:26:08 [INFO] APIDbManager: API token obtained from http://222.127.90.218:5000
2026-06-10 08:26:08 [INFO] Client.client_dashboard: [_restore_palawan_payable] Loading adjustments: {'palawan_suki_discounts': 1.0, 'palawan_suki_rebates': 1.0, 'palawan_cancel': 1.0, 'palawan_pay_out_incentives': 1.0}
2026-06-10 08:26:09 [INFO] Client.client_dashboard: [_restore_palawan_payable] Loading adjustments: {'palawan_suki_discounts': 1.0, 'palawan_suki_rebates': 1.0, 'palawan_cancel': 1.0, 'palawan_pay_out_incentives': 1.0}
2026-06-10 08:26:10 [INFO] Client.client_dashboard: [_restore_palawan_payable] No adjustments found for 2026-06-28 HEAD OFFICE HEAD OFFICE
2026-06-10 08:26:10 [INFO] Client.client_dashboard: [_restore_palawan_payable] No adjustments found for 2026-06-29 HEAD OFFICE HEAD OFFICE
2026-06-10 08:26:12 [INFO] Client.client_dashboard: [_restore_palawan_payable] No adjustments found for 2026-06-28 HEAD OFFICE HEAD OFFICE
2026-06-10 08:26:17 [INFO] Client.client_dashboard: [_restore_palawan_payable] Loading adjustments: {'palawan_suki_discounts': 1.0, 'palawan_suki_rebates': 1.0, 'palawan_cancel': 1.0, 'palawan_pay_out_incentives': 1.0}
2026-06-10 08:26:17 [INFO] Client.client_dashboard: [_restore_palawan_payable] Loading adjustments: {'palawan_suki_discounts': 1.0, 'palawan_suki_rebates': 1.0, 'palawan_cancel': 1.0, 'palawan_pay_out_incentives': 1.0}
2026-06-10 08:28:44 [INFO] RemoteDatabaseManager: API mode enabled — connecting via http://222.127.90.218:5000
2026-06-10 08:28:47 [INFO] AutoUpdater: Silent updater: Checking for updates...
2026-06-10 08:28:47 [INFO] AutoUpdater: Silent update status: Checking for updates...
2026-06-10 08:28:47 [INFO] AutoUpdater: Silent updater: Already on latest version (1.0.0)
2026-06-10 08:28:47 [INFO] AutoUpdater: Silent update status: Already up to date
2026-06-10 08:28:48 [INFO] APIDbManager: API token obtained from http://222.127.90.218:5000
2026-06-10 08:28:49 [INFO] Client.client_dashboard: [_restore_palawan_payable] Loading adjustments: {'palawan_suki_discounts': 1.0, 'palawan_suki_rebates': 1.0, 'palawan_cancel': 1.0, 'palawan_pay_out_incentives': 1.0}
2026-06-10 08:28:49 [INFO] Client.client_dashboard: [_restore_palawan_payable] Loading adjustments: {'palawan_suki_discounts': 1.0, 'palawan_suki_rebates': 1.0, 'palawan_cancel': 1.0, 'palawan_pay_out_incentives': 1.0}
2026-06-10 08:28:53 [INFO] Client.client_dashboard: [_restore_palawan_payable] Loading adjustments: {'palawan_suki_discounts': 1.0, 'palawan_suki_rebates': 1.0, 'palawan_cancel': 1.0, 'palawan_pay_out_incentives': 1.0}
2026-06-10 08:28:53 [INFO] Client.client_dashboard: [_restore_palawan_payable] Loading adjustments: {'palawan_suki_discounts': 1.0, 'palawan_suki_rebates': 1.0, 'palawan_cancel': 1.0, 'palawan_pay_out_incentives': 1.0}
2026-06-10 08:33:55 [CRITICAL] __main__: Uncaught exception:
Traceback (most recent call last):
  File "C:\Users\Admin\Operation-Report-System\Client\client_dashboard.py", line 2007, in eventFilter
    def eventFilter(self, obj, event):
    
KeyboardInterrupt

2026-06-10 08:34:07 [INFO] RemoteDatabaseManager: API mode enabled — connecting via http://222.127.90.218:5000
2026-06-10 08:34:11 [INFO] AutoUpdater: Silent updater: Checking for updates...
2026-06-10 08:34:11 [INFO] AutoUpdater: Silent update status: Checking for updates...
2026-06-10 08:34:11 [INFO] AutoUpdater: Silent updater: Already on latest version (1.0.0)
2026-06-10 08:34:11 [INFO] AutoUpdater: Silent update status: Already up to date
2026-06-10 08:34:12 [INFO] APIDbManager: API token obtained from http://222.127.90.218:5000
2026-06-10 08:34:13 [INFO] Client.client_dashboard: [_restore_palawan_payable] Loading adjustments: {'palawan_suki_discounts': 1.0, 'palawan_suki_rebates': 1.0, 'palawan_cancel': 1.0, 'palawan_pay_out_incentives': 1.0}
2026-06-10 08:34:13 [INFO] Client.client_dashboard: [_restore_palawan_payable] Loading adjustments: {'palawan_suki_discounts': 1.0, 'palawan_suki_rebates': 1.0, 'palawan_cancel': 1.0, 'palawan_pay_out_incentives': 1.0}
2026-06-10 08:34:15 [INFO] Client.client_dashboard: [_restore_palawan_payable] Loading adjustments: {'palawan_suki_discounts': 1.0, 'palawan_suki_rebates': 1.0, 'palawan_cancel': 1.0, 'palawan_pay_out_incentives': 1.0}
2026-06-10 08:34:15 [INFO] Client.client_dashboard: [_restore_palawan_payable] Loading adjustments: {'palawan_suki_discounts': 1.0, 'palawan_suki_rebates': 1.0, 'palawan_cancel': 1.0, 'palawan_pay_out_incentives': 1.0}
2026-06-10 08:35:10 [INFO] login: Logout requested - returning to login screen
2026-06-10 08:35:17 [INFO] APIDbManager: API token obtained from http://222.127.90.218:5000
2026-06-10 08:38:50 [INFO] RemoteDatabaseManager: API mode enabled — connecting via http://222.127.90.218:5000
2026-06-10 08:38:55 [INFO] AutoUpdater: Silent updater: Checking for updates...
2026-06-10 08:38:55 [INFO] AutoUpdater: Silent update status: Checking for updates...
2026-06-10 08:38:55 [INFO] AutoUpdater: Silent updater: Already on latest version (1.0.0)
2026-06-10 08:38:55 [INFO] AutoUpdater: Silent update status: Already up to date
2026-06-10 08:38:57 [INFO] APIDbManager: API token obtained from http://222.127.90.218:5000
2026-06-10 08:39:03 [INFO] login: Logout requested - returning to login screen
2026-06-10 08:39:08 [INFO] APIDbManager: API token obtained from http://222.127.90.218:5000
2026-06-10 08:40:05 [INFO] RemoteDatabaseManager: API mode enabled — connecting via http://222.127.90.218:5000
2026-06-10 08:40:10 [INFO] AutoUpdater: Silent updater: Checking for updates...
2026-06-10 08:40:10 [INFO] AutoUpdater: Silent update status: Checking for updates...
2026-06-10 08:40:10 [INFO] AutoUpdater: Silent updater: Already on latest version (1.0.0)
2026-06-10 08:40:10 [INFO] AutoUpdater: Silent update status: Already up to date
2026-06-10 08:40:12 [INFO] APIDbManager: API token obtained from http://222.127.90.218:5000
2026-06-10 08:42:08 [INFO] RemoteDatabaseManager: API mode enabled — connecting via http://222.127.90.218:5000
2026-06-10 08:42:11 [INFO] AutoUpdater: Silent updater: Checking for updates...
2026-06-10 08:42:11 [INFO] AutoUpdater: Silent update status: Checking for updates...
2026-06-10 08:42:11 [INFO] AutoUpdater: Silent updater: Already on latest version (1.0.0)
2026-06-10 08:42:11 [INFO] AutoUpdater: Silent update status: Already up to date
2026-06-10 08:42:13 [INFO] APIDbManager: API token obtained from http://222.127.90.218:5000
2026-06-10 08:47:42 [INFO] RemoteDatabaseManager: API mode enabled — connecting via http://222.127.90.218:5000
2026-06-10 08:47:46 [INFO] AutoUpdater: Silent updater: Checking for updates...
2026-06-10 08:47:46 [INFO] AutoUpdater: Silent update status: Checking for updates...
2026-06-10 08:47:46 [INFO] AutoUpdater: Silent updater: Already on latest version (1.0.0)
2026-06-10 08:47:46 [INFO] AutoUpdater: Silent update status: Already up to date
2026-06-10 08:47:47 [INFO] APIDbManager: API token obtained from http://222.127.90.218:5000
2026-06-10 08:51:21 [INFO] RemoteDatabaseManager: API mode enabled — connecting via http://222.127.90.218:5000
2026-06-10 08:51:25 [INFO] AutoUpdater: Silent updater: Checking for updates...
2026-06-10 08:51:25 [INFO] AutoUpdater: Silent update status: Checking for updates...
2026-06-10 08:51:25 [INFO] AutoUpdater: Silent updater: Already on latest version (1.0.0)
2026-06-10 08:51:25 [INFO] AutoUpdater: Silent update status: Already up to date
2026-06-10 08:51:26 [INFO] APIDbManager: API token obtained from http://222.127.90.218:5000
2026-06-10 09:12:37 [INFO] RemoteDatabaseManager: API mode enabled — connecting via http://222.127.90.218:5000
2026-06-10 09:12:41 [INFO] AutoUpdater: Silent updater: Checking for updates...
2026-06-10 09:12:41 [INFO] AutoUpdater: Silent update status: Checking for updates...
2026-06-10 09:12:41 [INFO] AutoUpdater: Silent updater: Already on latest version (1.0.0)
2026-06-10 09:12:41 [INFO] AutoUpdater: Silent update status: Already up to date
2026-06-10 09:12:45 [INFO] APIDbManager: API token obtained from http://222.127.90.218:5000
2026-06-10 09:22:44 [INFO] RemoteDatabaseManager: API mode enabled — connecting via http://222.127.90.218:5000
2026-06-10 09:22:48 [INFO] AutoUpdater: Silent updater: Checking for updates...
2026-06-10 09:22:48 [INFO] AutoUpdater: Silent update status: Checking for updates...
2026-06-10 09:22:49 [INFO] AutoUpdater: Silent updater: Already on latest version (1.0.0)
2026-06-10 09:22:49 [INFO] AutoUpdater: Silent update status: Already up to date
2026-06-10 09:22:50 [INFO] APIDbManager: API token obtained from http://222.127.90.218:5000
2026-06-10 09:22:53 [INFO] login: Logout requested - returning to login screen
2026-06-10 09:23:00 [INFO] APIDbManager: API token obtained from http://222.127.90.218:5000
2026-06-10 09:47:06 [CRITICAL] __main__: Uncaught exception:
Traceback (most recent call last):
  File "C:\Users\Admin\Operation-Report-System\admin_dashboard.py", line 936, in eventFilter
    def eventFilter(self, obj, event):
    
KeyboardInterrupt

2026-06-10 13:07:27 [INFO] RemoteDatabaseManager: API mode enabled — connecting via http://222.127.90.218:5000
2026-06-10 13:07:32 [INFO] AutoUpdater: Silent updater: Checking for updates...
2026-06-10 13:07:32 [INFO] AutoUpdater: Silent update status: Checking for updates...
2026-06-10 13:07:32 [INFO] AutoUpdater: Silent updater: Already on latest version (1.0.0)
2026-06-10 13:07:32 [INFO] AutoUpdater: Silent update status: Already up to date
2026-06-10 13:07:41 [INFO] APIDbManager: API token obtained from http://222.127.90.218:5000
2026-06-10 13:08:29 [INFO] RemoteDatabaseManager: API mode enabled — connecting via http://222.127.90.218:5000
2026-06-10 13:08:33 [INFO] AutoUpdater: Silent updater: Checking for updates...
2026-06-10 13:08:34 [INFO] AutoUpdater: Silent update status: Checking for updates...
2026-06-10 13:08:34 [INFO] AutoUpdater: Silent updater: Already on latest version (1.0.0)
2026-06-10 13:08:34 [INFO] AutoUpdater: Silent update status: Already up to date
2026-06-10 13:08:35 [INFO] APIDbManager: API token obtained from http://222.127.90.218:5000
2026-06-10 13:44:48 [INFO] RemoteDatabaseManager: API mode enabled — connecting via http://222.127.90.218:5000
2026-06-10 13:44:52 [INFO] AutoUpdater: Silent updater: Checking for updates...
2026-06-10 13:44:52 [INFO] AutoUpdater: Silent update status: Checking for updates...
2026-06-10 13:44:52 [INFO] AutoUpdater: Silent updater: Already on latest version (1.0.0)
2026-06-10 13:44:52 [INFO] AutoUpdater: Silent update status: Already up to date
2026-06-10 13:44:54 [INFO] APIDbManager: API token obtained from http://222.127.90.218:5000
2026-06-10 13:51:34 [INFO] login: Logout requested - returning to login screen
2026-06-10 13:54:04 [INFO] login: Logout requested - returning to login screen
2026-06-10 13:54:08 [INFO] APIDbManager: API token obtained from http://222.127.90.218:5000
2026-06-10 13:55:14 [INFO] Client.palawan_details_tab: 🔵 PalawanDetailsTab.get_data() adjustments: inc=1.0, skid=1.0, skir=1.0, cancel=1.0
2026-06-10 13:55:14 [INFO] Client.palawan_details_tab: 🔵 PalawanDetailsTab.get_data() adjustments: inc=1.0, skid=1.0, skir=1.0, cancel=1.0
2026-06-10 13:55:14 [INFO] Client.client_dashboard: daily_reports_brand_a verified: Debit=110988.46, Credit=11127.00, Ending=99861.46
2026-06-10 13:55:14 [INFO] Client.client_dashboard: 🔵 _save_palawan_to_payable: branch=HEAD OFFICE, date=2026-06-29, SO=1.0, PO=1.0, INT=1.0, Adj: inc=1.0, skid=1.0, skir=1.0, cancel=1.0
2026-06-10 13:55:14 [INFO] Client.client_dashboard: FIX #13: Saved palawan data to payable_tbl_brand_a for HEAD OFFICE on 2026-06-29 (result: 1)
2026-06-10 13:55:14 [INFO] Client.client_dashboard: FIX #13: Palawan data save completed for HEAD OFFICE on 2026-06-29
2026-06-10 13:55:14 [INFO] Client.client_dashboard: daily_reports verified: Debit=100009.06, Credit=7.00, Ending=100002.06
2026-06-10 13:55:14 [INFO] Client.client_dashboard: 🔵 _save_palawan_to_payable: branch=HEAD OFFICE, date=2026-06-29, SO=1.0, PO=1.0, INT=1.0, Adj: inc=1.0, skid=1.0, skir=1.0, cancel=1.0
2026-06-10 13:55:14 [INFO] Client.client_dashboard: FIX #13: Saved palawan data to payable_tbl_brand_a for HEAD OFFICE on 2026-06-29 (result: 2)
2026-06-10 13:55:14 [INFO] Client.client_dashboard: FIX #13: Palawan data save completed for HEAD OFFICE on 2026-06-29
2026-06-10 13:55:14 [INFO] Client.client_dashboard: Cash Float saved: 100.00
2026-06-10 13:55:16 [INFO] APIDbManager: API token obtained from http://222.127.90.218:5000
2026-06-10 13:57:21 [INFO] Client.client_dashboard: daily_reports_brand_a verified: Debit=99862.46, Credit=0.00, Ending=99862.46
2026-06-10 13:57:21 [INFO] Client.client_dashboard: FIX #13: No palawan data to save for HEAD OFFICE on 2026-06-30 (all values are zero)
2026-06-10 13:57:21 [INFO] Client.client_dashboard: FIX #13: Palawan data save completed for HEAD OFFICE on 2026-06-30
2026-06-10 13:57:21 [INFO] Client.client_dashboard: daily_reports verified: Debit=100003.06, Credit=0.00, Ending=100003.06
2026-06-10 13:57:21 [INFO] Client.client_dashboard: FIX #13: No palawan data to save for HEAD OFFICE on 2026-06-30 (all values are zero)
2026-06-10 13:57:21 [INFO] Client.client_dashboard: FIX #13: Palawan data save completed for HEAD OFFICE on 2026-06-30
2026-06-10 13:57:21 [INFO] Client.client_dashboard: Cash Float saved: 0.00
2026-06-10 13:57:22 [INFO] APIDbManager: API token obtained from http://222.127.90.218:5000
2026-06-10 13:59:53 [INFO] RemoteDatabaseManager: API mode enabled — connecting via http://222.127.90.218:5000
2026-06-10 13:59:57 [INFO] AutoUpdater: Silent updater: Checking for updates...
2026-06-10 13:59:57 [INFO] AutoUpdater: Silent update status: Checking for updates...
2026-06-10 13:59:57 [INFO] AutoUpdater: Silent updater: Already on latest version (1.0.0)
2026-06-10 13:59:57 [INFO] AutoUpdater: Silent update status: Already up to date
2026-06-10 13:59:59 [INFO] APIDbManager: API token obtained from http://222.127.90.218:5000
2026-06-10 14:00:45 [INFO] Client.palawan_details_tab: 🔵 PalawanDetailsTab.get_data() adjustments: inc=1.0, skid=1.0, skir=1.0, cancel=1.0
2026-06-10 14:00:46 [INFO] Client.palawan_details_tab: 🔵 PalawanDetailsTab.get_data() adjustments: inc=1.0, skid=1.0, skir=1.0, cancel=1.0
2026-06-10 14:00:46 [INFO] Client.client_dashboard: daily_reports_brand_a verified: Debit=99874.46, Credit=15.00, Ending=99859.46
2026-06-10 14:00:46 [INFO] Client.client_dashboard: 🔵 _save_palawan_to_payable: branch=HEAD OFFICE, date=2026-07-01, SO=1.0, PO=1.0, INT=1.0, Adj: inc=1.0, skid=1.0, skir=1.0, cancel=1.0
2026-06-10 14:00:46 [INFO] Client.client_dashboard: FIX #13: Saved palawan data to payable_tbl_brand_a for HEAD OFFICE on 2026-07-01 (result: 1)
2026-06-10 14:00:46 [INFO] Client.client_dashboard: FIX #13: Palawan data save completed for HEAD OFFICE on 2026-07-01
2026-06-10 14:00:46 [INFO] Client.client_dashboard: daily_reports verified: Debit=100006.06, Credit=5.00, Ending=100001.06
2026-06-10 14:00:46 [INFO] Client.client_dashboard: 🔵 _save_palawan_to_payable: branch=HEAD OFFICE, date=2026-07-01, SO=1.0, PO=1.0, INT=1.0, Adj: inc=1.0, skid=1.0, skir=1.0, cancel=1.0
2026-06-10 14:00:46 [INFO] Client.client_dashboard: FIX #13: Saved palawan data to payable_tbl_brand_a for HEAD OFFICE on 2026-07-01 (result: 1)
2026-06-10 14:00:46 [INFO] Client.client_dashboard: FIX #13: Palawan data save completed for HEAD OFFICE on 2026-07-01
2026-06-10 14:00:46 [INFO] Client.client_dashboard: Cash Float saved: 0.00
2026-06-10 14:00:47 [INFO] APIDbManager: API token obtained from http://222.127.90.218:5000
2026-06-10 14:02:15 [INFO] Client.palawan_details_tab: 🔵 PalawanDetailsTab.get_data() adjustments: inc=1.0, skid=1.0, skir=1.0, cancel=1.0
2026-06-10 14:02:15 [INFO] Client.palawan_details_tab: 🔵 PalawanDetailsTab.get_data() adjustments: inc=1.0, skid=1.0, skir=1.0, cancel=1.0
2026-06-10 14:02:15 [INFO] Client.client_dashboard: daily_reports_brand_a verified: Debit=100126.29, Credit=55.00, Ending=100071.29
2026-06-10 14:02:15 [INFO] Client.client_dashboard: 🔵 _save_palawan_to_payable: branch=HEAD OFFICE, date=2026-07-02, SO=1.0, PO=1.0, INT=1.0, Adj: inc=1.0, skid=1.0, skir=1.0, cancel=1.0
2026-06-10 14:02:15 [INFO] Client.client_dashboard: FIX #13: Saved palawan data to payable_tbl_brand_a for HEAD OFFICE on 2026-07-02 (result: 1)
2026-06-10 14:02:15 [INFO] Client.client_dashboard: FIX #13: Palawan data save completed for HEAD OFFICE on 2026-07-02
2026-06-10 14:02:15 [INFO] Client.client_dashboard: daily_reports verified: Debit=100129.06, Credit=9.00, Ending=100120.06
2026-06-10 14:02:15 [INFO] Client.client_dashboard: 🔵 _save_palawan_to_payable: branch=HEAD OFFICE, date=2026-07-02, SO=1.0, PO=1.0, INT=1.0, Adj: inc=1.0, skid=1.0, skir=1.0, cancel=1.0
2026-06-10 14:02:15 [INFO] Client.client_dashboard: FIX #13: Saved palawan data to payable_tbl_brand_a for HEAD OFFICE on 2026-07-02 (result: 1)
2026-06-10 14:02:15 [INFO] Client.client_dashboard: FIX #13: Palawan data save completed for HEAD OFFICE on 2026-07-02
2026-06-10 14:02:15 [INFO] Client.client_dashboard: Cash Float saved: 0.00
2026-06-10 14:02:17 [INFO] APIDbManager: API token obtained from http://222.127.90.218:5000
2026-06-10 14:02:41 [INFO] login: Logout requested - returning to login screen
2026-06-10 14:02:46 [INFO] APIDbManager: API token obtained from http://222.127.90.218:5000
2026-06-10 14:03:13 [INFO] login: Logout requested - returning to login screen
2026-06-10 15:29:09 [INFO] RemoteDatabaseManager: API mode enabled — connecting via http://222.127.90.218:5000
2026-06-10 15:29:13 [INFO] AutoUpdater: Silent updater: Checking for updates...
2026-06-10 15:29:13 [INFO] AutoUpdater: Silent update status: Checking for updates...
2026-06-10 15:29:13 [INFO] AutoUpdater: Silent updater: Already on latest version (1.0.0)
2026-06-10 15:29:13 [INFO] AutoUpdater: Silent update status: Already up to date
2026-06-10 15:29:15 [INFO] APIDbManager: API token obtained from http://222.127.90.218:5000
2026-06-10 16:19:15 [INFO] RemoteDatabaseManager: API mode enabled — connecting via http://222.127.90.218:5000
2026-06-10 16:19:18 [INFO] AutoUpdater: Silent updater: Checking for updates...
2026-06-10 16:19:19 [INFO] AutoUpdater: Silent update status: Checking for updates...
2026-06-10 16:19:19 [INFO] AutoUpdater: Silent updater: Already on latest version (1.0.0)
2026-06-10 16:19:19 [INFO] AutoUpdater: Silent update status: Already up to date
2026-06-10 16:19:24 [INFO] APIDbManager: API token obtained from http://222.127.90.218:5000
2026-06-10 16:20:01 [INFO] Client.palawan_details_tab: 🔵 PalawanDetailsTab.get_data() adjustments: inc=1.0, skid=1.0, skir=1.0, cancel=1.0
2026-06-10 16:20:01 [INFO] Client.palawan_details_tab: 🔵 PalawanDetailsTab.get_data() adjustments: inc=1.0, skid=1.0, skir=1.0, cancel=1.0
2026-06-10 16:20:01 [INFO] Client.client_dashboard: daily_reports_brand_a verified: Debit=100071.29, Credit=0.00, Ending=100071.29
2026-06-10 16:20:01 [INFO] Client.client_dashboard: 🔵 _save_palawan_to_payable: branch=HEAD OFFICE, date=2026-07-03, SO=0.0, PO=0.0, INT=0.0, Adj: inc=1.0, skid=1.0, skir=1.0, cancel=1.0
2026-06-10 16:20:01 [INFO] Client.client_dashboard: FIX #13: Saved palawan data to payable_tbl_brand_a for HEAD OFFICE on 2026-07-03 (result: 1)
2026-06-10 16:20:01 [INFO] Client.client_dashboard: FIX #13: Palawan data save completed for HEAD OFFICE on 2026-07-03
2026-06-10 16:20:01 [INFO] Client.client_dashboard: daily_reports verified: Debit=100120.06, Credit=4.00, Ending=100116.06
2026-06-10 16:20:01 [INFO] Client.client_dashboard: 🔵 _save_palawan_to_payable: branch=HEAD OFFICE, date=2026-07-03, SO=0.0, PO=0.0, INT=0.0, Adj: inc=1.0, skid=1.0, skir=1.0, cancel=1.0
2026-06-10 16:20:01 [INFO] Client.client_dashboard: FIX #13: Saved palawan data to payable_tbl_brand_a for HEAD OFFICE on 2026-07-03 (result: 1)
2026-06-10 16:20:01 [INFO] Client.client_dashboard: FIX #13: Palawan data save completed for HEAD OFFICE on 2026-07-03
2026-06-10 16:20:01 [INFO] Client.client_dashboard: Cash Float saved: 0.00
2026-06-10 16:20:03 [INFO] APIDbManager: API token obtained from http://222.127.90.218:5000
2026-06-11 08:06:04 [INFO] RemoteDatabaseManager: API mode enabled — connecting via http://222.127.90.218:5000
2026-06-11 08:06:09 [INFO] AutoUpdater: Silent updater: Checking for updates...
2026-06-11 08:06:09 [INFO] AutoUpdater: Silent update status: Checking for updates...
2026-06-11 08:06:09 [INFO] AutoUpdater: Silent updater: Already on latest version (1.0.0)
2026-06-11 08:06:09 [INFO] AutoUpdater: Silent update status: Already up to date
2026-06-11 08:06:16 [INFO] APIDbManager: API token obtained from http://222.127.90.218:5000
2026-06-11 08:07:17 [INFO] login: Logout requested - returning to login screen
2026-06-11 08:08:58 [INFO] APIDbManager: API token obtained from http://222.127.90.218:5000
2026-06-11 08:09:17 [INFO] login: Logout requested - returning to login screen
2026-06-11 08:13:50 [INFO] RemoteDatabaseManager: API mode enabled — connecting via http://222.127.90.218:5000
2026-06-11 08:13:54 [INFO] AutoUpdater: Silent updater: Checking for updates...
2026-06-11 08:13:54 [INFO] AutoUpdater: Silent update status: Checking for updates...
2026-06-11 08:13:54 [INFO] AutoUpdater: Silent updater: Already on latest version (1.0.0)
2026-06-11 08:13:54 [INFO] AutoUpdater: Silent update status: Already up to date
2026-06-11 08:13:55 [INFO] APIDbManager: API token obtained from http://222.127.90.218:5000
2026-06-11 08:24:52 [INFO] RemoteDatabaseManager: API mode enabled — connecting via http://222.127.90.218:5000
2026-06-11 08:24:57 [INFO] AutoUpdater: Silent updater: Checking for updates...
2026-06-11 08:24:57 [INFO] AutoUpdater: Silent update status: Checking for updates...
2026-06-11 08:24:57 [INFO] AutoUpdater: Silent updater: Already on latest version (1.0.0)
2026-06-11 08:24:57 [INFO] AutoUpdater: Silent update status: Already up to date
2026-06-11 08:24:59 [INFO] APIDbManager: API token obtained from http://222.127.90.218:5000
2026-06-11 08:35:38 [INFO] RemoteDatabaseManager: API mode enabled — connecting via http://222.127.90.218:5000
2026-06-11 08:35:42 [INFO] AutoUpdater: Silent updater: Checking for updates...
2026-06-11 08:35:42 [INFO] AutoUpdater: Silent update status: Checking for updates...
2026-06-11 08:35:42 [INFO] AutoUpdater: Silent updater: Already on latest version (1.0.0)
2026-06-11 08:35:42 [INFO] AutoUpdater: Silent update status: Already up to date
2026-06-11 08:35:43 [INFO] APIDbManager: API token obtained from http://222.127.90.218:5000
2026-06-11 08:37:54 [INFO] RemoteDatabaseManager: API mode enabled — connecting via http://222.127.90.218:5000
2026-06-11 08:37:58 [INFO] AutoUpdater: Silent updater: Checking for updates...
2026-06-11 08:37:58 [INFO] AutoUpdater: Silent update status: Checking for updates...
2026-06-11 08:37:58 [INFO] AutoUpdater: Silent updater: Already on latest version (1.0.0)
2026-06-11 08:37:58 [INFO] AutoUpdater: Silent update status: Already up to date
2026-06-11 08:37:59 [INFO] APIDbManager: API token obtained from http://222.127.90.218:5000
2026-06-11 08:43:07 [INFO] RemoteDatabaseManager: API mode enabled — connecting via http://222.127.90.218:5000
2026-06-11 08:43:10 [INFO] AutoUpdater: Silent updater: Checking for updates...
2026-06-11 08:43:10 [INFO] AutoUpdater: Silent update status: Checking for updates...
2026-06-11 08:43:11 [INFO] AutoUpdater: Silent updater: Already on latest version (1.0.0)
2026-06-11 08:43:11 [INFO] AutoUpdater: Silent update status: Already up to date
2026-06-11 08:43:12 [INFO] APIDbManager: API token obtained from http://222.127.90.218:5000
2026-06-11 08:44:45 [INFO] RemoteDatabaseManager: API mode enabled — connecting via http://222.127.90.218:5000
2026-06-11 08:44:49 [INFO] AutoUpdater: Silent updater: Checking for updates...
2026-06-11 08:44:49 [INFO] AutoUpdater: Silent update status: Checking for updates...
2026-06-11 08:44:49 [INFO] AutoUpdater: Silent updater: Already on latest version (1.0.0)
2026-06-11 08:44:49 [INFO] AutoUpdater: Silent update status: Already up to date
2026-06-11 08:44:50 [INFO] APIDbManager: API token obtained from http://222.127.90.218:5000
2026-06-11 08:46:38 [INFO] RemoteDatabaseManager: API mode enabled — connecting via http://222.127.90.218:5000
2026-06-11 08:46:42 [INFO] AutoUpdater: Silent updater: Checking for updates...
2026-06-11 08:46:42 [INFO] AutoUpdater: Silent update status: Checking for updates...
2026-06-11 08:46:42 [INFO] AutoUpdater: Silent updater: Already on latest version (1.0.0)
2026-06-11 08:46:42 [INFO] AutoUpdater: Silent update status: Already up to date
2026-06-11 08:46:44 [INFO] APIDbManager: API token obtained from http://222.127.90.218:5000
2026-06-11 08:47:41 [INFO] RemoteDatabaseManager: API mode enabled — connecting via http://222.127.90.218:5000
2026-06-11 08:47:44 [INFO] AutoUpdater: Silent updater: Checking for updates...
2026-06-11 08:47:44 [INFO] AutoUpdater: Silent update status: Checking for updates...
2026-06-11 08:47:45 [INFO] AutoUpdater: Silent updater: Already on latest version (1.0.0)
2026-06-11 08:47:45 [INFO] AutoUpdater: Silent update status: Already up to date
2026-06-11 08:47:46 [INFO] APIDbManager: API token obtained from http://222.127.90.218:5000
2026-06-11 08:53:19 [INFO] RemoteDatabaseManager: API mode enabled — connecting via http://222.127.90.218:5000
2026-06-11 08:53:22 [INFO] AutoUpdater: Silent updater: Checking for updates...
2026-06-11 08:53:22 [INFO] AutoUpdater: Silent update status: Checking for updates...
2026-06-11 08:53:22 [INFO] AutoUpdater: Silent updater: Already on latest version (1.0.0)
2026-06-11 08:53:22 [INFO] AutoUpdater: Silent update status: Already up to date
2026-06-11 08:53:23 [INFO] APIDbManager: API token obtained from http://222.127.90.218:5000
2026-06-11 08:56:08 [INFO] RemoteDatabaseManager: API mode enabled — connecting via http://222.127.90.218:5000
2026-06-11 08:56:11 [INFO] AutoUpdater: Silent updater: Checking for updates...
2026-06-11 08:56:11 [INFO] AutoUpdater: Silent update status: Checking for updates...
2026-06-11 08:56:11 [INFO] AutoUpdater: Silent updater: Already on latest version (1.0.0)
2026-06-11 08:56:11 [INFO] AutoUpdater: Silent update status: Already up to date
2026-06-11 08:56:12 [INFO] APIDbManager: API token obtained from http://222.127.90.218:5000
2026-06-11 08:58:01 [INFO] RemoteDatabaseManager: API mode enabled — connecting via http://222.127.90.218:5000
2026-06-11 08:58:05 [INFO] AutoUpdater: Silent updater: Checking for updates...
2026-06-11 08:58:05 [INFO] AutoUpdater: Silent update status: Checking for updates...
2026-06-11 08:58:05 [INFO] AutoUpdater: Silent updater: Already on latest version (1.0.0)
2026-06-11 08:58:05 [INFO] AutoUpdater: Silent update status: Already up to date
2026-06-11 08:58:07 [INFO] APIDbManager: API token obtained from http://222.127.90.218:5000
2026-06-11 08:58:40 [INFO] RemoteDatabaseManager: API mode enabled — connecting via http://222.127.90.218:5000
2026-06-11 08:58:43 [INFO] AutoUpdater: Silent updater: Checking for updates...
2026-06-11 08:58:43 [INFO] AutoUpdater: Silent update status: Checking for updates...
2026-06-11 08:58:43 [INFO] AutoUpdater: Silent updater: Already on latest version (1.0.0)
2026-06-11 08:58:43 [INFO] AutoUpdater: Silent update status: Already up to date
2026-06-11 08:58:44 [INFO] APIDbManager: API token obtained from http://222.127.90.218:5000
2026-06-11 09:01:39 [INFO] RemoteDatabaseManager: API mode enabled — connecting via http://222.127.90.218:5000
2026-06-11 09:01:43 [INFO] AutoUpdater: Silent updater: Checking for updates...
2026-06-11 09:01:43 [INFO] AutoUpdater: Silent update status: Checking for updates...
2026-06-11 09:01:44 [INFO] AutoUpdater: Silent updater: Already on latest version (1.0.0)
2026-06-11 09:01:44 [INFO] AutoUpdater: Silent update status: Already up to date
2026-06-11 09:01:45 [INFO] APIDbManager: API token obtained from http://222.127.90.218:5000
2026-06-11 09:02:04 [INFO] login: Logout requested - returning to login screen
2026-06-11 09:02:44 [INFO] APIDbManager: API token obtained from http://222.127.90.218:5000
2026-06-11 09:02:56 [INFO] login: Logout requested - returning to login screen
2026-06-11 09:10:20 [INFO] RemoteDatabaseManager: API mode enabled — connecting via http://222.127.90.218:5000
2026-06-11 09:10:23 [INFO] AutoUpdater: Silent updater: Checking for updates...
2026-06-11 09:10:24 [INFO] AutoUpdater: Silent update status: Checking for updates...
2026-06-11 09:10:24 [INFO] AutoUpdater: Silent updater: Already on latest version (1.0.0)
2026-06-11 09:10:24 [INFO] AutoUpdater: Silent update status: Already up to date
2026-06-11 09:10:25 [INFO] APIDbManager: API token obtained from http://222.127.90.218:5000
2026-06-11 12:23:29 [INFO] RemoteDatabaseManager: API mode enabled — connecting via http://222.127.90.218:5000
2026-06-11 12:23:33 [INFO] AutoUpdater: Silent updater: Checking for updates...
2026-06-11 12:23:33 [INFO] AutoUpdater: Silent update status: Checking for updates...
2026-06-11 12:23:33 [INFO] AutoUpdater: Silent updater: Already on latest version (1.0.0)
2026-06-11 12:23:33 [INFO] AutoUpdater: Silent update status: Already up to date
2026-06-11 12:23:35 [INFO] APIDbManager: API token obtained from http://222.127.90.218:5000
2026-06-11 13:06:41 [INFO] login: Logout requested - returning to login screen
2026-06-11 13:06:49 [INFO] APIDbManager: API token obtained from http://222.127.90.218:5000
2026-06-11 13:06:51 [INFO] login: Logout requested - returning to login screen
2026-06-11 13:24:20 [INFO] RemoteDatabaseManager: API mode enabled — connecting via http://222.127.90.218:5000
2026-06-11 13:24:24 [INFO] AutoUpdater: Silent updater: Checking for updates...
2026-06-11 13:24:24 [INFO] AutoUpdater: Silent update status: Checking for updates...
2026-06-11 13:24:24 [INFO] AutoUpdater: Silent updater: Already on latest version (1.0.0)
2026-06-11 13:24:24 [INFO] AutoUpdater: Silent update status: Already up to date
2026-06-11 13:24:30 [INFO] APIDbManager: API token obtained from http://222.127.90.218:5000
2026-06-11 13:24:30 [WARNING] Client.dashboard.core: _connect_shared_fields error (non-fatal): [Errno 2] No such file or directory: 'C:\\Users\\Admin\\Operation-Report-System\\Client\\field_config.json'
2026-06-11 13:29:49 [INFO] login: Logout requested - returning to login screen
2026-06-11 13:29:55 [INFO] APIDbManager: API token obtained from http://222.127.90.218:5000
2026-06-11 13:35:19 [INFO] RemoteDatabaseManager: API mode enabled — connecting via http://222.127.90.218:5000
2026-06-11 13:35:22 [INFO] AutoUpdater: Silent updater: Checking for updates...
2026-06-11 13:35:22 [INFO] AutoUpdater: Silent update status: Checking for updates...
2026-06-11 13:35:22 [INFO] AutoUpdater: Silent updater: Already on latest version (1.0.0)
2026-06-11 13:35:22 [INFO] AutoUpdater: Silent update status: Already up to date
2026-06-11 13:35:27 [INFO] APIDbManager: API token obtained from http://222.127.90.218:5000
2026-06-11 13:35:28 [WARNING] Client.dashboard.core: _connect_shared_fields error (non-fatal): [Errno 2] No such file or directory: 'C:\\Users\\Admin\\Operation-Report-System\\Client\\field_config.json'
2026-06-11 13:36:14 [INFO] Client.palawan_details_tab: 🔵 PalawanDetailsTab.get_data() adjustments: inc=1.0, skid=1.0, skir=1.0, cancel=1.0
2026-06-11 13:36:14 [INFO] Client.palawan_details_tab: 🔵 PalawanDetailsTab.get_data() adjustments: inc=1.0, skid=1.0, skir=1.0, cancel=1.0
2026-06-11 13:36:14 [INFO] Client.dashboard.core: daily_reports_brand_a verified: Debit=100076.91, Credit=5.00, Ending=100071.91
2026-06-11 13:36:14 [INFO] Client.dashboard.managers.palawan_manager: 🔵 save_palawan_to_payable: branch=HEAD OFFICE, date=2026-07-04, SO=1.0, PO=1.0, INT=1.0, Adj: inc=1.0, skid=1.0, skir=1.0, cancel=1.0
2026-06-11 13:36:14 [INFO] Client.dashboard.managers.palawan_manager: Saved palawan data to payable_tbl_brand_a for HEAD OFFICE on 2026-07-04 (result: 1)
2026-06-11 13:36:14 [INFO] Client.dashboard.core: FIX #13: Palawan data save completed for HEAD OFFICE on 2026-07-04
2026-06-11 13:36:14 [INFO] Client.dashboard.core: daily_reports verified: Debit=100119.06, Credit=5.00, Ending=100114.06
2026-06-11 13:36:14 [INFO] Client.dashboard.managers.palawan_manager: 🔵 save_palawan_to_payable: branch=HEAD OFFICE, date=2026-07-04, SO=1.0, PO=1.0, INT=1.0, Adj: inc=1.0, skid=1.0, skir=1.0, cancel=1.0
2026-06-11 13:36:14 [INFO] Client.dashboard.managers.palawan_manager: Saved palawan data to payable_tbl_brand_a for HEAD OFFICE on 2026-07-04 (result: 1)
2026-06-11 13:36:14 [INFO] Client.dashboard.core: FIX #13: Palawan data save completed for HEAD OFFICE on 2026-07-04
2026-06-11 13:36:14 [INFO] Client.dashboard.core: Cash Float saved: 0.00
2026-06-11 13:36:16 [INFO] APIDbManager: API token obtained from http://222.127.90.218:5000
2026-06-11 13:44:27 [INFO] RemoteDatabaseManager: API mode enabled — connecting via http://222.127.90.218:5000
2026-06-11 13:44:30 [INFO] AutoUpdater: Silent updater: Checking for updates...
2026-06-11 13:44:30 [INFO] AutoUpdater: Silent update status: Checking for updates...
2026-06-11 13:44:30 [INFO] AutoUpdater: Silent updater: Already on latest version (1.0.0)
2026-06-11 13:44:30 [INFO] AutoUpdater: Silent update status: Already up to date
2026-06-11 13:44:31 [INFO] APIDbManager: API token obtained from http://222.127.90.218:5000
2026-06-11 13:44:31 [WARNING] Client.dashboard.core: _connect_shared_fields error (non-fatal): [Errno 2] No such file or directory: 'C:\\Users\\Admin\\Operation-Report-System\\Client\\field_config.json'
2026-06-11 13:45:25 [INFO] Client.palawan_details_tab: 🔵 PalawanDetailsTab.get_data() adjustments: inc=1.0, skid=1.0, skir=1.0, cancel=1.0
2026-06-11 13:45:25 [INFO] Client.palawan_details_tab: 🔵 PalawanDetailsTab.get_data() adjustments: inc=1.0, skid=1.0, skir=1.0, cancel=1.0
2026-06-11 13:45:26 [INFO] Client.dashboard.core: daily_reports_brand_a verified: Debit=100117.47, Credit=1222.00, Ending=98895.47
2026-06-11 13:45:26 [INFO] Client.dashboard.managers.palawan_manager: 🔵 save_palawan_to_payable: branch=HEAD OFFICE, date=2026-07-05, SO=1.0, PO=1.0, INT=1.0, Adj: inc=1.0, skid=1.0, skir=1.0, cancel=1.0
2026-06-11 13:45:26 [INFO] Client.dashboard.managers.palawan_manager: Saved palawan data to payable_tbl_brand_a for HEAD OFFICE on 2026-07-05 (result: 1)
2026-06-11 13:45:26 [INFO] Client.dashboard.core: FIX #13: Palawan data save completed for HEAD OFFICE on 2026-07-05
2026-06-11 13:45:26 [INFO] Client.dashboard.core: daily_reports verified: Debit=100157.62, Credit=1227.00, Ending=98930.62
2026-06-11 13:45:26 [INFO] Client.dashboard.managers.palawan_manager: 🔵 save_palawan_to_payable: branch=HEAD OFFICE, date=2026-07-05, SO=1.0, PO=1.0, INT=1.0, Adj: inc=1.0, skid=1.0, skir=1.0, cancel=1.0
2026-06-11 13:45:26 [INFO] Client.dashboard.managers.palawan_manager: Saved palawan data to payable_tbl_brand_a for HEAD OFFICE on 2026-07-05 (result: 1)
2026-06-11 13:45:26 [INFO] Client.dashboard.core: FIX #13: Palawan data save completed for HEAD OFFICE on 2026-07-05
2026-06-11 13:45:26 [INFO] Client.dashboard.core: Cash Float saved: 0.00
2026-06-11 13:45:27 [INFO] APIDbManager: API token obtained from http://222.127.90.218:5000
2026-06-11 13:45:47 [INFO] login: Logout requested - returning to login screen
2026-06-11 13:45:52 [INFO] APIDbManager: API token obtained from http://222.127.90.218:5000
2026-06-11 13:46:05 [INFO] login: Logout requested - returning to login screen
2026-06-11 13:46:10 [INFO] APIDbManager: API token obtained from http://222.127.90.218:5000
2026-06-11 13:46:10 [WARNING] Client.dashboard.core: _connect_shared_fields error (non-fatal): [Errno 2] No such file or directory: 'C:\\Users\\Admin\\Operation-Report-System\\Client\\field_config.json'
2026-06-11 13:46:31 [INFO] Client.dashboard.core: daily_reports_brand_a verified: Debit=100118.47, Credit=1222.00, Ending=98896.47
2026-06-11 13:46:31 [INFO] Client.dashboard.managers.palawan_manager: 🔵 save_palawan_to_payable: branch=HEAD OFFICE, date=2026-07-05, SO=0.0, PO=0.0, INT=0.0, Adj: inc=1.0, skid=1.0, skir=1.0, cancel=1.0
2026-06-11 13:46:31 [INFO] Client.dashboard.managers.palawan_manager: Saved palawan data to payable_tbl_brand_a for HEAD OFFICE on 2026-07-05 (result: 1)
2026-06-11 13:46:31 [INFO] Client.dashboard.core: FIX #13: Palawan data save completed for HEAD OFFICE on 2026-07-05
2026-06-11 13:46:31 [INFO] Client.dashboard.core: daily_reports verified: Debit=100158.62, Credit=1227.00, Ending=98931.62
2026-06-11 13:46:31 [INFO] Client.dashboard.managers.palawan_manager: 🔵 save_palawan_to_payable: branch=HEAD OFFICE, date=2026-07-05, SO=0.0, PO=0.0, INT=0.0, Adj: inc=1.0, skid=1.0, skir=1.0, cancel=1.0
2026-06-11 13:46:31 [INFO] Client.dashboard.managers.palawan_manager: Saved palawan data to payable_tbl_brand_a for HEAD OFFICE on 2026-07-05 (result: 1)
2026-06-11 13:46:31 [INFO] Client.dashboard.core: FIX #13: Palawan data save completed for HEAD OFFICE on 2026-07-05
2026-06-11 13:46:31 [INFO] Client.dashboard.core: Cash Float saved: 0.00
2026-06-11 13:46:35 [INFO] APIDbManager: API token obtained from http://222.127.90.218:5000
2026-06-11 13:46:56 [INFO] login: Logout requested - returning to login screen
2026-06-11 13:47:46 [INFO] login: Logout requested - returning to login screen
2026-06-11 13:47:50 [INFO] APIDbManager: API token obtained from http://222.127.90.218:5000
2026-06-11 13:47:51 [WARNING] Client.dashboard.core: _connect_shared_fields error (non-fatal): [Errno 2] No such file or directory: 'C:\\Users\\Admin\\Operation-Report-System\\Client\\field_config.json'
2026-06-11 13:48:08 [INFO] Client.palawan_details_tab: 🔵 PalawanDetailsTab.get_data() adjustments: inc=2.0, skid=2.0, skir=2.0, cancel=2.0
2026-06-11 13:48:08 [INFO] Client.palawan_details_tab: 🔵 PalawanDetailsTab.get_data() adjustments: inc=2.0, skid=2.0, skir=2.0, cancel=2.0
2026-06-11 13:48:08 [INFO] Client.dashboard.core: daily_reports_brand_a verified: Debit=100118.47, Credit=1222.00, Ending=98896.47
2026-06-11 13:48:08 [INFO] Client.dashboard.managers.palawan_manager: 🔵 save_palawan_to_payable: branch=HEAD OFFICE, date=2026-07-05, SO=1.0, PO=2.0, INT=2.0, Adj: inc=1.0, skid=1.0, skir=1.0, cancel=1.0
2026-06-11 13:48:08 [INFO] Client.dashboard.managers.palawan_manager: Saved palawan data to payable_tbl_brand_a for HEAD OFFICE on 2026-07-05 (result: 1)
2026-06-11 13:48:08 [INFO] Client.dashboard.core: FIX #13: Palawan data save completed for HEAD OFFICE on 2026-07-05
2026-06-11 13:48:08 [INFO] Client.dashboard.core: daily_reports verified: Debit=100158.62, Credit=1232.00, Ending=98926.62
2026-06-11 13:48:08 [INFO] Client.dashboard.managers.palawan_manager: 🔵 save_palawan_to_payable: branch=HEAD OFFICE, date=2026-07-05, SO=1.0, PO=2.0, INT=2.0, Adj: inc=1.0, skid=1.0, skir=1.0, cancel=1.0
2026-06-11 13:48:08 [INFO] Client.dashboard.managers.palawan_manager: Saved palawan data to payable_tbl_brand_a for HEAD OFFICE on 2026-07-05 (result: 1)
2026-06-11 13:48:08 [INFO] Client.dashboard.core: FIX #13: Palawan data save completed for HEAD OFFICE on 2026-07-05
2026-06-11 13:48:08 [INFO] Client.dashboard.core: Cash Float saved: 0.00
2026-06-11 13:48:10 [INFO] APIDbManager: API token obtained from http://222.127.90.218:5000
2026-06-11 13:48:12 [INFO] login: Logout requested - returning to login screen
2026-06-11 13:53:52 [INFO] RemoteDatabaseManager: API mode enabled — connecting via http://222.127.90.218:5000
2026-06-11 13:53:56 [INFO] AutoUpdater: Silent updater: Checking for updates...
2026-06-11 13:53:56 [INFO] AutoUpdater: Silent update status: Checking for updates...
2026-06-11 13:53:56 [INFO] AutoUpdater: Silent updater: Already on latest version (1.0.0)
2026-06-11 13:53:56 [INFO] AutoUpdater: Silent update status: Already up to date
2026-06-11 13:53:57 [INFO] APIDbManager: API token obtained from http://222.127.90.218:5000
2026-06-11 13:54:00 [WARNING] urllib3.connectionpool: Retrying (Retry(total=0, connect=1, read=0, redirect=None, status=None)) after connection broken by 'RemoteDisconnected('Remote end closed connection without response')': /api/exec
2026-06-11 13:54:08 [INFO] login: Logout requested - returning to login screen
2026-06-11 13:54:12 [INFO] APIDbManager: API token obtained from http://222.127.90.218:5000
2026-06-11 13:54:13 [WARNING] Client.dashboard.core: _connect_shared_fields error (non-fatal): [Errno 2] No such file or directory: 'C:\\Users\\Admin\\Operation-Report-System\\Client\\field_config.json'
2026-06-11 13:54:13 [INFO] Client.dashboard.managers.palawan_manager: [restore_palawan_tab] Found 253 fields in daily_reports for HEAD OFFICE on 2026-06-11
2026-06-11 13:54:20 [INFO] Client.dashboard.managers.palawan_manager: [restore_palawan_tab] Found 253 fields in daily_reports for HEAD OFFICE on 2026-07-05
2026-06-11 13:54:31 [INFO] Client.dashboard.managers.palawan_manager: [restore_palawan_tab] Found 253 fields in daily_reports for HEAD OFFICE on 2026-07-05
2026-06-11 13:54:31 [INFO] Client.dashboard.managers.palawan_manager: [restore_palawan_tab] Found 253 fields in daily_reports for HEAD OFFICE on 2026-07-05
2026-06-11 13:54:31 [INFO] Client.dashboard.managers.palawan_manager: [restore_palawan_tab] Found 253 fields in daily_reports for HEAD OFFICE on 2026-07-05
2026-06-11 13:54:31 [INFO] Client.dashboard.managers.palawan_manager: [restore_palawan_tab] Found 253 fields in daily_reports for HEAD OFFICE on 2026-07-05
2026-06-11 13:54:31 [INFO] Client.dashboard.managers.palawan_manager: [restore_palawan_tab] Found 253 fields in daily_reports for HEAD OFFICE on 2026-07-05
2026-06-11 13:54:32 [INFO] Client.dashboard.managers.palawan_manager: [restore_palawan_tab] Found 253 fields in daily_reports for HEAD OFFICE on 2026-07-05
2026-06-11 13:54:32 [INFO] Client.dashboard.managers.palawan_manager: [restore_palawan_tab] Found 253 fields in daily_reports for HEAD OFFICE on 2026-07-05
2026-06-11 13:54:34 [INFO] login: Logout requested - returning to login screen
2026-06-11 13:54:38 [INFO] RemoteDatabaseManager: API mode enabled — connecting via http://222.127.90.218:5000
2026-06-11 13:54:40 [INFO] AutoUpdater: Silent updater: Checking for updates...
2026-06-11 13:54:41 [INFO] AutoUpdater: Silent update status: Checking for updates...
2026-06-11 13:54:41 [INFO] AutoUpdater: Silent updater: Already on latest version (1.0.0)
2026-06-11 13:54:41 [INFO] AutoUpdater: Silent update status: Already up to date
2026-06-11 13:54:42 [INFO] APIDbManager: API token obtained from http://222.127.90.218:5000
2026-06-11 13:54:42 [WARNING] Client.dashboard.core: _connect_shared_fields error (non-fatal): [Errno 2] No such file or directory: 'C:\\Users\\Admin\\Operation-Report-System\\Client\\field_config.json'
2026-06-11 13:54:42 [INFO] Client.dashboard.managers.palawan_manager: [restore_palawan_tab] Found 253 fields in daily_reports for HEAD OFFICE on 2026-06-11
2026-06-11 13:54:46 [INFO] Client.dashboard.managers.palawan_manager: [restore_palawan_tab] Found 253 fields in daily_reports for HEAD OFFICE on 2026-06-12
2026-06-11 13:54:49 [INFO] Client.dashboard.managers.palawan_manager: [restore_palawan_tab] Found 15 fields in payable_tbl_brand_a for HEAD OFFICE on 2026-06-23
2026-06-11 13:54:51 [INFO] Client.dashboard.managers.palawan_manager: [restore_palawan_tab] Found 15 fields in payable_tbl_brand_a for HEAD OFFICE on 2026-06-24
2026-06-11 13:54:54 [INFO] Client.dashboard.managers.palawan_manager: [restore_palawan_tab] Found 15 fields in payable_tbl_brand_a for HEAD OFFICE on 2026-06-26
2026-06-11 13:54:56 [INFO] Client.dashboard.managers.palawan_manager: [restore_palawan_tab] Found 15 fields in payable_tbl_brand_a for HEAD OFFICE on 2026-07-01
2026-06-11 13:55:02 [INFO] login: Logout requested - returning to login screen
2026-06-11 13:55:06 [INFO] APIDbManager: API token obtained from http://222.127.90.218:5000
2026-06-11 13:58:17 [INFO] RemoteDatabaseManager: API mode enabled — connecting via http://222.127.90.218:5000
2026-06-11 13:58:20 [INFO] AutoUpdater: Silent updater: Checking for updates...
2026-06-11 13:58:20 [INFO] AutoUpdater: Silent update status: Checking for updates...
2026-06-11 13:58:21 [INFO] AutoUpdater: Silent updater: Already on latest version (1.0.0)
2026-06-11 13:58:21 [INFO] AutoUpdater: Silent update status: Already up to date
2026-06-11 13:58:26 [INFO] APIDbManager: API token obtained from http://222.127.90.218:5000
2026-06-11 13:58:26 [WARNING] Client.dashboard.core: _connect_shared_fields error (non-fatal): [Errno 2] No such file or directory: 'C:\\Users\\Admin\\Operation-Report-System\\Client\\field_config.json'
2026-06-11 13:58:27 [INFO] Client.dashboard.managers.palawan_manager: [restore_palawan_tab] Found 253 fields in daily_reports for HEAD OFFICE on 2026-06-11
2026-06-11 13:58:31 [INFO] Client.dashboard.managers.palawan_manager: [restore_palawan_tab] Found 253 fields in daily_reports for HEAD OFFICE on 2026-06-12
2026-06-11 13:58:33 [INFO] Client.dashboard.managers.palawan_manager: [restore_palawan_tab] Found 253 fields in daily_reports for HEAD OFFICE on 2026-06-13
2026-06-11 13:58:39 [INFO] Client.dashboard.managers.palawan_manager: [restore_palawan_tab] Found 253 fields in daily_reports for HEAD OFFICE on 2026-06-15
2026-06-11 13:58:42 [INFO] Client.dashboard.managers.palawan_manager: [restore_palawan_tab] Found 30 fields in payable_tbl_brand_a for HEAD OFFICE on 2026-06-18
2026-06-11 13:58:49 [INFO] Client.dashboard.managers.palawan_manager: [restore_palawan_tab] Found 24 fields in payable_tbl_brand_a for HEAD OFFICE on 2026-06-19
2026-06-11 13:58:52 [INFO] Client.dashboard.managers.palawan_manager: [restore_palawan_tab] Found 253 fields in daily_reports for HEAD OFFICE on 2026-07-05
2026-06-11 13:58:56 [INFO] Client.dashboard.managers.palawan_manager: [restore_palawan_tab] Found 30 fields in payable_tbl_brand_a for HEAD OFFICE on 2026-07-04
2026-06-11 13:58:59 [INFO] Client.dashboard.managers.palawan_manager: [restore_palawan_tab] Found 253 fields in daily_reports for HEAD OFFICE on 2026-07-05
2026-06-11 13:59:02 [INFO] Client.dashboard.managers.palawan_manager: [restore_palawan_tab] Found 253 fields in daily_reports for HEAD OFFICE on 2026-07-03
2026-06-11 13:59:04 [INFO] Client.dashboard.managers.palawan_manager: [restore_palawan_tab] Found 30 fields in payable_tbl_brand_a for HEAD OFFICE on 2026-07-04
2026-06-11 13:59:08 [INFO] Client.dashboard.managers.palawan_manager: [restore_palawan_tab] Found 253 fields in daily_reports for HEAD OFFICE on 2026-07-05
2026-06-11 13:59:27 [INFO] Client.palawan_details_tab: 🔵 PalawanDetailsTab.get_data() adjustments: inc=55.0, skid=5.0, skir=5.0, cancel=5.0
2026-06-11 13:59:27 [INFO] Client.palawan_details_tab: 🔵 PalawanDetailsTab.get_data() adjustments: inc=55.0, skid=5.0, skir=5.0, cancel=5.0
2026-06-11 13:59:27 [INFO] Client.dashboard.core: daily_reports_brand_a verified: Debit=100118.47, Credit=1222.00, Ending=98896.47
2026-06-11 13:59:27 [INFO] Client.dashboard.managers.palawan_manager: 🔵 save_palawan_to_payable: branch=HEAD OFFICE, date=2026-07-05, SO=5.0, PO=5.0, INT=55.0, Adj: inc=2.0, skid=2.0, skir=2.0, cancel=2.0
2026-06-11 13:59:27 [INFO] Client.dashboard.managers.palawan_manager: Saved palawan data to payable_tbl_brand_a for HEAD OFFICE on 2026-07-05 (result: 1)
2026-06-11 13:59:27 [INFO] Client.dashboard.core: FIX #13: Palawan data save completed for HEAD OFFICE on 2026-07-05
2026-06-11 13:59:27 [INFO] Client.dashboard.core: daily_reports verified: Debit=100220.62, Credit=1297.00, Ending=98923.62
2026-06-11 13:59:27 [INFO] Client.dashboard.managers.palawan_manager: 🔵 save_palawan_to_payable: branch=HEAD OFFICE, date=2026-07-05, SO=5.0, PO=5.0, INT=55.0, Adj: inc=2.0, skid=2.0, skir=2.0, cancel=2.0
2026-06-11 13:59:27 [INFO] Client.dashboard.managers.palawan_manager: Saved palawan data to payable_tbl_brand_a for HEAD OFFICE on 2026-07-05 (result: 1)
2026-06-11 13:59:27 [INFO] Client.dashboard.core: FIX #13: Palawan data save completed for HEAD OFFICE on 2026-07-05
2026-06-11 13:59:27 [INFO] Client.dashboard.core: Cash Float saved: 0.00
2026-06-11 13:59:28 [INFO] APIDbManager: API token obtained from http://222.127.90.218:5000
2026-06-11 13:59:28 [INFO] Client.dashboard.managers.palawan_manager: [restore_palawan_tab] Found 30 fields in payable_tbl_brand_a for HEAD OFFICE on 2026-07-05
2026-06-11 13:59:31 [INFO] Client.dashboard.managers.palawan_manager: [restore_palawan_tab] Found 30 fields in payable_tbl_brand_a for HEAD OFFICE on 2026-07-05
2026-06-11 13:59:38 [INFO] Client.dashboard.managers.palawan_manager: [restore_palawan_tab] Found 30 fields in payable_tbl_brand_a for HEAD OFFICE on 2026-07-04
2026-06-11 13:59:40 [INFO] Client.dashboard.managers.palawan_manager: [restore_palawan_tab] Found 253 fields in daily_reports for HEAD OFFICE on 2026-07-03
2026-06-11 13:59:42 [INFO] Client.dashboard.managers.palawan_manager: [restore_palawan_tab] Found 30 fields in payable_tbl_brand_a for HEAD OFFICE on 2026-07-02
2026-06-11 13:59:46 [INFO] Client.dashboard.managers.palawan_manager: [restore_palawan_tab] Found 30 fields in payable_tbl_brand_a for HEAD OFFICE on 2026-07-05
2026-06-11 14:01:22 [INFO] RemoteDatabaseManager: API mode enabled — connecting via http://222.127.90.218:5000
2026-06-11 14:01:25 [INFO] AutoUpdater: Silent updater: Checking for updates...
2026-06-11 14:01:25 [INFO] AutoUpdater: Silent update status: Checking for updates...
2026-06-11 14:01:26 [INFO] AutoUpdater: Silent updater: Already on latest version (1.0.0)
2026-06-11 14:01:26 [INFO] AutoUpdater: Silent update status: Already up to date
2026-06-11 14:01:26 [INFO] APIDbManager: API token obtained from http://222.127.90.218:5000
2026-06-11 14:01:27 [WARNING] Client.dashboard.core: _connect_shared_fields error (non-fatal): [Errno 2] No such file or directory: 'C:\\Users\\Admin\\Operation-Report-System\\Client\\field_config.json'
2026-06-11 14:01:27 [INFO] Client.dashboard.managers.palawan_manager: [restore_palawan_tab] Found 4 fields in payable_tbl_brand_a for HEAD OFFICE on 2026-06-11
2026-06-11 14:01:30 [INFO] Client.dashboard.managers.palawan_manager: [restore_palawan_tab] Found 34 fields in payable_tbl_brand_a for HEAD OFFICE on 2026-07-05
2026-06-11 14:04:06 [INFO] RemoteDatabaseManager: API mode enabled — connecting via http://222.127.90.218:5000
2026-06-11 14:04:09 [INFO] AutoUpdater: Silent updater: Checking for updates...
2026-06-11 14:04:09 [INFO] AutoUpdater: Silent update status: Checking for updates...
2026-06-11 14:04:09 [INFO] AutoUpdater: Silent updater: Already on latest version (1.0.0)
2026-06-11 14:04:09 [INFO] AutoUpdater: Silent update status: Already up to date
2026-06-11 14:04:10 [INFO] APIDbManager: API token obtained from http://222.127.90.218:5000
2026-06-11 14:04:10 [WARNING] Client.dashboard.core: _connect_shared_fields error (non-fatal): [Errno 2] No such file or directory: 'C:\\Users\\Admin\\Operation-Report-System\\Client\\field_config.json'
2026-06-11 14:04:10 [INFO] Client.dashboard.managers.palawan_manager: [restore_palawan_tab] Adjustments from payable_tbl_brand_a - inc=1.0, skid=1.0, skir=1.0, cancellation=1.0
2026-06-11 14:04:10 [INFO] Client.dashboard.managers.palawan_manager: [restore_palawan_tab] Found 4 fields in payable_tbl_brand_a for HEAD OFFICE on 2026-06-11
2026-06-11 14:04:13 [INFO] Client.dashboard.managers.palawan_manager: [restore_palawan_tab] Adjustments from payable_tbl_brand_a - inc=2.0, skid=2.0, skir=2.0, cancellation=2.0
2026-06-11 14:04:13 [INFO] Client.dashboard.managers.palawan_manager: [restore_palawan_tab] Found 34 fields in payable_tbl_brand_a for HEAD OFFICE on 2026-07-05
2026-06-11 14:19:06 [INFO] RemoteDatabaseManager: API mode enabled — connecting via http://222.127.90.218:5000
2026-06-11 14:19:08 [INFO] AutoUpdater: Silent updater: Checking for updates...
2026-06-11 14:19:08 [INFO] AutoUpdater: Silent update status: Checking for updates...
2026-06-11 14:19:09 [INFO] AutoUpdater: Silent updater: Already on latest version (1.0.0)
2026-06-11 14:19:09 [INFO] AutoUpdater: Silent update status: Already up to date
2026-06-11 14:19:10 [INFO] APIDbManager: API token obtained from http://222.127.90.218:5000
2026-06-11 14:19:10 [WARNING] Client.dashboard.core: _connect_shared_fields error (non-fatal): [Errno 2] No such file or directory: 'C:\\Users\\Admin\\Operation-Report-System\\Client\\field_config.json'
2026-06-11 14:19:10 [INFO] Client.dashboard.managers.palawan_manager: [restore_palawan_tab] Adjustments from payable_tbl_brand_a - inc=1.0, skid=1.0, skir=1.0, cancellation=1.0
2026-06-11 14:19:10 [INFO] Client.dashboard.managers.palawan_manager: [restore_palawan_tab] Found 4 fields in payable_tbl_brand_a for HEAD OFFICE on 2026-06-11
2026-06-11 14:19:13 [INFO] Client.dashboard.managers.palawan_manager: [restore_palawan_tab] Adjustments from payable_tbl_brand_a - inc=2.0, skid=2.0, skir=2.0, cancellation=2.0
2026-06-11 14:19:13 [INFO] Client.dashboard.managers.palawan_manager: [restore_palawan_tab] Found 34 fields in payable_tbl_brand_a for HEAD OFFICE on 2026-07-05
2026-06-11 15:06:30 [INFO] RemoteDatabaseManager: API mode enabled — connecting via http://222.127.90.218:5000
2026-06-11 15:06:33 [INFO] AutoUpdater: Silent updater: Checking for updates...
2026-06-11 15:06:33 [INFO] AutoUpdater: Silent update status: Checking for updates...
2026-06-11 15:06:34 [INFO] AutoUpdater: Silent updater: Already on latest version (1.0.0)
2026-06-11 15:06:34 [INFO] AutoUpdater: Silent update status: Already up to date
2026-06-11 15:06:35 [INFO] APIDbManager: API token obtained from http://222.127.90.218:5000
2026-06-11 15:06:35 [WARNING] Client.dashboard.core: _connect_shared_fields error (non-fatal): [Errno 2] No such file or directory: 'C:\\Users\\Admin\\Operation-Report-System\\Client\\field_config.json'
2026-06-11 15:06:35 [INFO] Client.dashboard.managers.palawan_manager: [restore_palawan_tab] Adjustments from payable_tbl_brand_a - inc=1.0, skid=1.0, skir=1.0, cancellation=1.0
2026-06-11 15:06:35 [INFO] Client.dashboard.managers.palawan_manager: [restore_palawan_tab] Found 4 fields in payable_tbl_brand_a for HEAD OFFICE on 2026-06-11
2026-06-11 15:06:42 [INFO] Client.dashboard.managers.palawan_manager: [restore_palawan_tab] Adjustments from payable_tbl_brand_a - inc=2.0, skid=2.0, skir=2.0, cancellation=2.0
2026-06-11 15:06:42 [INFO] Client.dashboard.managers.palawan_manager: [restore_palawan_tab] Found 34 fields in payable_tbl_brand_a for HEAD OFFICE on 2026-07-05
2026-06-11 15:17:19 [INFO] RemoteDatabaseManager: API mode enabled — connecting via http://222.127.90.218:5000
2026-06-11 15:17:22 [INFO] AutoUpdater: Silent updater: Checking for updates...
2026-06-11 15:17:22 [INFO] AutoUpdater: Silent update status: Checking for updates...
2026-06-11 15:17:23 [INFO] AutoUpdater: Silent updater: Already on latest version (1.0.0)
2026-06-11 15:17:23 [INFO] AutoUpdater: Silent update status: Already up to date
2026-06-11 15:17:24 [INFO] APIDbManager: API token obtained from http://222.127.90.218:5000
2026-06-11 15:17:24 [WARNING] Client.dashboard.core: _connect_shared_fields error (non-fatal): [Errno 2] No such file or directory: 'C:\\Users\\Admin\\Operation-Report-System\\Client\\field_config.json'
2026-06-11 15:17:24 [INFO] Client.dashboard.managers.palawan_manager: [restore_palawan_tab] Adjustments from payable_tbl_brand_a - inc=1.0, skid=1.0, skir=1.0, cancellation=1.0
2026-06-11 15:17:24 [INFO] Client.dashboard.managers.palawan_manager: [restore_palawan_tab] Found 4 fields in payable_tbl_brand_a for HEAD OFFICE on 2026-06-11
2026-06-11 15:17:31 [INFO] Client.dashboard.managers.palawan_manager: [restore_palawan_tab] Adjustments from payable_tbl_brand_a - inc=2.0, skid=2.0, skir=2.0, cancellation=2.0
2026-06-11 15:17:31 [INFO] Client.dashboard.managers.palawan_manager: [restore_palawan_tab] Found 34 fields in payable_tbl_brand_a for HEAD OFFICE on 2026-07-05
2026-06-11 15:17:36 [INFO] login: Logout requested - returning to login screen
2026-06-11 15:17:39 [INFO] APIDbManager: API token obtained from http://222.127.90.218:5000
2026-06-11 15:17:39 [WARNING] Client.dashboard.core: _connect_shared_fields error (non-fatal): [Errno 2] No such file or directory: 'C:\\Users\\Admin\\Operation-Report-System\\Client\\field_config.json'
2026-06-11 15:17:39 [INFO] Client.dashboard.managers.palawan_manager: [restore_palawan_tab] Adjustments from payable_tbl_brand_a - inc=1.0, skid=1.0, skir=1.0, cancellation=1.0
2026-06-11 15:17:39 [INFO] Client.dashboard.managers.palawan_manager: [restore_palawan_tab] Found 4 fields in payable_tbl_brand_a for HEAD OFFICE on 2026-06-11
2026-06-11 15:18:37 [INFO] Client.palawan_details_tab: 🔵 PalawanDetailsTab.get_data() adjustments: inc=8.0, skid=8.0, skir=88.0, cancel=8.0
2026-06-11 15:18:37 [INFO] Client.palawan_details_tab: 🔵 PalawanDetailsTab.get_data() adjustments: inc=8.0, skid=8.0, skir=88.0, cancel=8.0
2026-06-11 15:18:38 [INFO] Client.dashboard.core: daily_reports_brand_a verified: Debit=98898.47, Credit=7.00, Ending=98891.47
2026-06-11 15:18:38 [INFO] Client.dashboard.managers.palawan_manager: [get_brand_specific_palawan_adjustments] Brand A found in daily_reports_brand_a: skid=1.0, skir=1.0, cancel=1.0, inc=1.0
2026-06-11 15:18:38 [INFO] Client.dashboard.managers.palawan_manager: 🔵 save_palawan_to_payable (Brand A): branch=HEAD OFFICE, date=2026-07-06, SO=10.0, PO=2022.0, INT=23.0, Adj: inc=1.0, skid=1.0, skir=1.0, cancel=1.0
2026-06-11 15:18:38 [INFO] Client.dashboard.managers.palawan_manager: Saved Brand A palawan data to payable_tbl_brand_a for HEAD OFFICE on 2026-07-06 - inc=1.0, skid=1.0, skir=1.0, cancel=1.0
2026-06-11 15:18:38 [INFO] Client.dashboard.core: FIX #13: Palawan data save completed for HEAD OFFICE on 2026-07-06
2026-06-11 15:18:38 [INFO] Client.dashboard.core: daily_reports verified: Debit=99155.62, Credit=2134.00, Ending=97021.62
2026-06-11 15:18:38 [INFO] Client.dashboard.managers.palawan_manager: [get_brand_specific_palawan_adjustments] Brand B found in payable_tbl_brand_a: skid=1.0, skir=1.0, cancel=1.0, inc=1.0
2026-06-11 15:18:38 [INFO] Client.dashboard.managers.palawan_manager: 🔵 save_palawan_to_payable (Brand B): branch=HEAD OFFICE, date=2026-07-06, SO=10.0, PO=2022.0, INT=23.0, Adj: inc=1.0, skid=1.0, skir=1.0, cancel=1.0
2026-06-11 15:18:38 [INFO] Client.dashboard.managers.palawan_manager: Saved Brand B palawan data to payable_tbl_brand_a for HEAD OFFICE on 2026-07-06 - inc=1.0, skid=1.0, skir=1.0, cancel=1.0
2026-06-11 15:18:38 [INFO] Client.dashboard.core: FIX #13: Palawan data save completed for HEAD OFFICE on 2026-07-06
2026-06-11 15:18:38 [INFO] Client.dashboard.core: Cash Float saved: 0.00
2026-06-11 15:18:40 [INFO] APIDbManager: API token obtained from http://222.127.90.218:5000
2026-06-11 15:18:40 [INFO] Client.dashboard.managers.palawan_manager: [restore_palawan_tab] Adjustments from payable_tbl_brand_a - inc=1.0, skid=1.0, skir=1.0, cancellation=1.0
2026-06-11 15:18:40 [INFO] Client.dashboard.managers.palawan_manager: [restore_palawan_tab] Found 34 fields in payable_tbl_brand_a for HEAD OFFICE on 2026-07-06
2026-06-11 15:18:43 [INFO] Client.dashboard.managers.palawan_manager: [restore_palawan_tab] Adjustments from payable_tbl_brand_a - inc=1.00, skid=1.00, skir=1.00, cancellation=1.00
2026-06-11 15:18:43 [INFO] Client.dashboard.managers.palawan_manager: [restore_palawan_tab] Found 34 fields in payable_tbl_brand_a for HEAD OFFICE on 2026-07-06
2026-06-11 15:22:51 [INFO] RemoteDatabaseManager: API mode enabled — connecting via http://222.127.90.218:5000
2026-06-11 15:22:55 [INFO] AutoUpdater: Silent updater: Checking for updates...
2026-06-11 15:22:55 [INFO] AutoUpdater: Silent update status: Checking for updates...
2026-06-11 15:22:55 [INFO] AutoUpdater: Silent updater: Already on latest version (1.0.0)
2026-06-11 15:22:55 [INFO] AutoUpdater: Silent update status: Already up to date
2026-06-11 15:22:56 [INFO] APIDbManager: API token obtained from http://222.127.90.218:5000
2026-06-11 15:22:56 [WARNING] Client.dashboard.core: _connect_shared_fields error (non-fatal): [Errno 2] No such file or directory: 'C:\\Users\\Admin\\Operation-Report-System\\Client\\field_config.json'
2026-06-11 15:22:57 [INFO] Client.dashboard.managers.palawan_manager: [restore_palawan_tab] Adjustments from payable_tbl_brand_a - inc=1.0, skid=1.0, skir=1.0, cancellation=1.0
2026-06-11 15:22:57 [INFO] Client.dashboard.managers.palawan_manager: [restore_palawan_tab] Found 4 fields in payable_tbl_brand_a for HEAD OFFICE on 2026-06-11
2026-06-11 15:23:03 [INFO] Client.dashboard.managers.palawan_manager: [restore_palawan_tab] Adjustments from payable_tbl_brand_a - inc=1.0, skid=1.0, skir=1.0, cancellation=1.0
2026-06-11 15:23:03 [INFO] Client.dashboard.managers.palawan_manager: [restore_palawan_tab] Found 34 fields in payable_tbl_brand_a for HEAD OFFICE on 2026-07-06
2026-06-11 15:25:27 [INFO] RemoteDatabaseManager: API mode enabled — connecting via http://222.127.90.218:5000
2026-06-11 15:25:30 [INFO] AutoUpdater: Silent updater: Checking for updates...
2026-06-11 15:25:30 [INFO] AutoUpdater: Silent update status: Checking for updates...
2026-06-11 15:25:30 [INFO] AutoUpdater: Silent updater: Already on latest version (1.0.0)
2026-06-11 15:25:30 [INFO] AutoUpdater: Silent update status: Already up to date
2026-06-11 15:25:41 [INFO] APIDbManager: API token obtained from http://222.127.90.218:5000
2026-06-11 15:25:41 [WARNING] Client.dashboard.core: _connect_shared_fields error (non-fatal): [Errno 2] No such file or directory: 'C:\\Users\\Admin\\Operation-Report-System\\Client\\field_config.json'
2026-06-11 15:25:42 [INFO] Client.dashboard.managers.palawan_manager: [restore_palawan_tab] Adjustments from payable_tbl_brand_a - inc=1.0, skid=1.0, skir=1.0, cancellation=1.0
2026-06-11 15:25:42 [INFO] Client.dashboard.managers.palawan_manager: 🔴 [restore_palawan_tab] RETURNING from payable_tbl_brand_a with 4 fields: adjustments=1.0, 1.0, 1.0, 1.0
2026-06-11 15:25:52 [INFO] Client.dashboard.managers.palawan_manager: [restore_palawan_tab] Adjustments from payable_tbl_brand_a - inc=1.0, skid=1.0, skir=1.0, cancellation=1.0
2026-06-11 15:25:52 [INFO] Client.dashboard.managers.palawan_manager: 🔴 [restore_palawan_tab] RETURNING from payable_tbl_brand_a with 34 fields: adjustments=1.0, 1.0, 1.0, 1.0
2026-06-11 15:39:47 [INFO] Client.palawan_details_tab: 🔵 PalawanDetailsTab.get_data() adjustments: inc=29.0, skid=20.0, skir=202.0, cancel=20.0
2026-06-11 15:39:47 [INFO] Client.palawan_details_tab: 🔵 PalawanDetailsTab.get_data() adjustments: inc=29.0, skid=20.0, skir=202.0, cancel=20.0
2026-06-11 15:39:47 [INFO] Client.dashboard.core: daily_reports_brand_a verified: Debit=98893.47, Credit=5.00, Ending=98888.47
2026-06-11 15:39:47 [INFO] Client.dashboard.managers.palawan_manager: [get_brand_specific_palawan_adjustments] Brand A found in daily_reports_brand_a: skid=1.0, skir=1.0, cancel=1.0, inc=1.0
2026-06-11 15:39:47 [INFO] Client.dashboard.managers.palawan_manager: 🔵 save_palawan_to_payable (Brand A): branch=HEAD OFFICE, date=2026-07-07, SO=20.0, PO=20.0, INT=20.0, Adj: inc=1.0, skid=1.0, skir=1.0, cancel=1.0
2026-06-11 15:39:47 [INFO] Client.dashboard.managers.palawan_manager: Saved Brand A palawan data to payable_tbl_brand_a for HEAD OFFICE on 2026-07-07 - inc=1.0, skid=1.0, skir=1.0, cancel=1.0
2026-06-11 15:39:47 [INFO] Client.dashboard.core: FIX #13: Palawan data save completed for HEAD OFFICE on 2026-07-07
2026-06-11 15:39:47 [INFO] Client.dashboard.core: daily_reports verified: Debit=97063.62, Credit=291.00, Ending=96772.62
2026-06-11 15:39:47 [INFO] Client.dashboard.managers.palawan_manager: [get_brand_specific_palawan_adjustments] Brand B found in payable_tbl_brand_a: skid=1.0, skir=1.0, cancel=1.0, inc=1.0
2026-06-11 15:39:47 [INFO] Client.dashboard.managers.palawan_manager: 🔵 save_palawan_to_payable (Brand B): branch=HEAD OFFICE, date=2026-07-07, SO=20.0, PO=20.0, INT=20.0, Adj: inc=1.0, skid=1.0, skir=1.0, cancel=1.0
2026-06-11 15:39:47 [INFO] Client.dashboard.managers.palawan_manager: Saved Brand B palawan data to payable_tbl_brand_a for HEAD OFFICE on 2026-07-07 - inc=1.0, skid=1.0, skir=1.0, cancel=1.0
2026-06-11 15:39:47 [INFO] Client.dashboard.core: FIX #13: Palawan data save completed for HEAD OFFICE on 2026-07-07
2026-06-11 15:39:47 [INFO] Client.dashboard.core: Cash Float saved: 0.00
2026-06-11 15:39:49 [INFO] APIDbManager: API token obtained from http://222.127.90.218:5000
2026-06-11 15:39:49 [INFO] Client.dashboard.managers.palawan_manager: [restore_palawan_tab] Adjustments from payable_tbl_brand_a - inc=1.0, skid=1.0, skir=1.0, cancellation=1.0
2026-06-11 15:39:49 [INFO] Client.dashboard.managers.palawan_manager: 🔴 [restore_palawan_tab] RETURNING from payable_tbl_brand_a with 34 fields: adjustments=1.0, 1.0, 1.0, 1.0
2026-06-11 15:39:52 [INFO] Client.dashboard.managers.palawan_manager: [restore_palawan_tab] Adjustments from payable_tbl_brand_a - inc=1.00, skid=1.00, skir=1.00, cancellation=1.00
2026-06-11 15:39:52 [INFO] Client.dashboard.managers.palawan_manager: 🔴 [restore_palawan_tab] RETURNING from payable_tbl_brand_a with 34 fields: adjustments=1.0, 1.0, 1.0, 1.0
2026-06-11 16:23:13 [INFO] RemoteDatabaseManager: API mode enabled — connecting via http://222.127.90.218:5000
2026-06-11 16:23:16 [INFO] AutoUpdater: Silent updater: Checking for updates...
2026-06-11 16:23:17 [INFO] AutoUpdater: Silent update status: Checking for updates...
2026-06-11 16:23:17 [INFO] AutoUpdater: Silent updater: Already on latest version (1.0.0)
2026-06-11 16:23:17 [INFO] AutoUpdater: Silent update status: Already up to date
2026-06-11 16:23:19 [INFO] APIDbManager: API token obtained from http://222.127.90.218:5000
2026-06-11 16:23:19 [WARNING] Client.dashboard.core: _connect_shared_fields error (non-fatal): [Errno 2] No such file or directory: 'C:\\Users\\Admin\\Operation-Report-System\\Client\\field_config.json'
2026-06-11 16:23:20 [INFO] Client.dashboard.managers.palawan_manager: 🔵 [restore_palawan_tab] Querying payable_tbl_brand_a with params: ('2026-06-11', 'HEAD OFFICE', 'HEAD OFFICE')
2026-06-11 16:23:20 [INFO] Client.dashboard.managers.palawan_manager: 🔵 [restore_palawan_tab] payable_result: [{'id': 31857, 'corporation': 'HEAD OFFICE', 'branch': 'HEAD OFFICE', 'date': '2026-06-11', 'sendout_capital': 0.0, 'sendout_sc': 0.0, 'sendout_commission': 0.0, 'sendout_total': 0.0, 'payout_capital': 0.0, 'payout_sc': 0.0, 'payout_commission': 0.0, 'payout_total': 0.0, 'international_capital': 0.0, 'international_sc': 0.0, 'international_commission': 0.0, 'international_total': 0.0, 'skid': 1.0, 'skir': 1.0, 'cancellation': 1.0, 'inc': 1.0, 'created_at': '2026-06-09T14:48:40', 'updated_at': '2026-06-09T14:48:40', 'sendout_lotes': 0, 'payout_lotes': 0, 'international_lotes': 0}]
2026-06-11 16:23:20 [INFO] Client.dashboard.managers.palawan_manager: [restore_palawan_tab] Adjustments from payable_tbl_brand_a - inc=1.0, skid=1.0, skir=1.0, cancellation=1.0
2026-06-11 16:23:20 [INFO] Client.dashboard.managers.palawan_manager: 🔴 [restore_palawan_tab] RETURNING from payable_tbl_brand_a with 4 fields: adjustments=1.0, 1.0, 1.0, 1.0
2026-06-11 16:23:23 [INFO] Client.dashboard.managers.palawan_manager: 🔵 [restore_palawan_tab] Querying payable_tbl_brand_a with params: ('2026-07-08', 'HEAD OFFICE', 'HEAD OFFICE')
2026-06-11 16:23:23 [INFO] Client.dashboard.managers.palawan_manager: 🔵 [restore_palawan_tab] payable_result: []
2026-06-11 16:23:23 [INFO] Client.dashboard.managers.palawan_manager: 🟡 [restore_palawan_tab] FALLBACK to daily_reports - loading from daily_reports_brand_a and daily_reports
2026-06-11 16:23:23 [INFO] Client.dashboard.managers.palawan_manager: 🟡 [restore_palawan_tab] result_a: [], result_b: []
2026-06-11 16:24:03 [INFO] Client.palawan_details_tab: 🔵 PalawanDetailsTab.get_data() adjustments: inc=50.0, skid=50.0, skir=50.0, cancel=50.0
2026-06-11 16:24:03 [INFO] Client.palawan_details_tab: 🔵 PalawanDetailsTab.get_data() adjustments: inc=50.0, skid=50.0, skir=50.0, cancel=50.0
2026-06-11 16:24:03 [INFO] Client.dashboard.core: daily_reports_brand_a verified: Debit=98888.47, Credit=5.00, Ending=98883.47
2026-06-11 16:24:03 [INFO] Client.dashboard.core: daily_reports verified: Debit=96778.62, Credit=202.00, Ending=96576.62
2026-06-11 16:24:03 [INFO] Client.dashboard.managers.palawan_manager: [get_brand_specific_palawan_adjustments] Brand B found in daily_reports: skid=50.0, skir=50.0, cancel=50.0, inc=50.0
2026-06-11 16:24:03 [INFO] Client.dashboard.managers.palawan_manager: 🔵 save_palawan_to_payable (Brand B): branch=HEAD OFFICE, date=2026-07-08, SO=2.0, PO=2.0, INT=2.0, Adj: inc=50.0, skid=50.0, skir=50.0, cancel=50.0
2026-06-11 16:24:03 [INFO] Client.dashboard.managers.palawan_manager: Saved Brand B palawan data to payable_tbl_brand_a for HEAD OFFICE on 2026-07-08 - inc=50.0, skid=50.0, skir=50.0, cancel=50.0
2026-06-11 16:24:03 [INFO] Client.dashboard.core: ✅ Palawan Details B saved to payable_tbl_brand_a for HEAD OFFICE on 2026-07-08
2026-06-11 16:24:04 [INFO] Client.dashboard.core: Cash Float saved: 0.00
2026-06-11 16:24:05 [INFO] APIDbManager: API token obtained from http://222.127.90.218:5000
2026-06-11 16:24:05 [INFO] Client.dashboard.managers.palawan_manager: 🔵 [restore_palawan_tab] Querying payable_tbl_brand_a with params: ('2026-07-08', 'HEAD OFFICE', 'HEAD OFFICE')
2026-06-11 16:24:05 [INFO] Client.dashboard.managers.palawan_manager: 🔵 [restore_palawan_tab] payable_result: [{'id': 36990, 'corporation': 'HEAD OFFICE', 'branch': 'HEAD OFFICE', 'date': '2026-07-08', 'sendout_capital': 2.0, 'sendout_sc': 2.0, 'sendout_commission': 2.0, 'sendout_total': 6.0, 'payout_capital': 2.0, 'payout_sc': 2.0, 'payout_commission': 2.0, 'payout_total': 6.0, 'international_capital': 2.0, 'international_sc': 2.0, 'international_commission': 2.0, 'international_total': 6.0, 'skid': 50.0, 'skir': 50.0, 'cancellation': 50.0, 'inc': 50.0, 'created_at': '2026-06-11T16:24:06', 'updated_at': '2026-06-11T16:24:06', 'sendout_lotes': 2, 'payout_lotes': 2, 'international_lotes': 2}]
2026-06-11 16:24:05 [INFO] Client.dashboard.managers.palawan_manager: [restore_palawan_tab] Adjustments from payable_tbl_brand_a - inc=50.0, skid=50.0, skir=50.0, cancellation=50.0
2026-06-11 16:24:05 [INFO] Client.dashboard.managers.palawan_manager: 🔴 [restore_palawan_tab] RETURNING from payable_tbl_brand_a with 34 fields: adjustments=50.0, 50.0, 50.0, 50.0
2026-06-11 16:24:07 [INFO] Client.dashboard.managers.palawan_manager: 🔵 [restore_palawan_tab] Querying payable_tbl_brand_a with params: ('2026-07-08', 'HEAD OFFICE', 'HEAD OFFICE')
2026-06-11 16:24:07 [INFO] Client.dashboard.managers.palawan_manager: 🔵 [restore_palawan_tab] payable_result: [{'id': 36990, 'corporation': 'HEAD OFFICE', 'branch': 'HEAD OFFICE', 'date': '2026-07-08', 'sendout_capital': '2.00', 'sendout_sc': '2.00', 'sendout_commission': '2.00', 'sendout_total': '6.00', 'payout_capital': '2.00', 'payout_sc': '2.00', 'payout_commission': '2.00', 'payout_total': '6.00', 'international_capital': '2.00', 'international_sc': '2.00', 'international_commission': '2.00', 'international_total': '6.00', 'skid': '50.00', 'skir': '50.00', 'cancellation': '50.00', 'inc': '50.00', 'created_at': '2026-06-11 16:24:06', 'updated_at': '2026-06-11 16:24:06', 'sendout_lotes': 2, 'payout_lotes': 2, 'international_lotes': 2}]
2026-06-11 16:24:07 [INFO] Client.dashboard.managers.palawan_manager: [restore_palawan_tab] Adjustments from payable_tbl_brand_a - inc=50.00, skid=50.00, skir=50.00, cancellation=50.00
2026-06-11 16:24:07 [INFO] Client.dashboard.managers.palawan_manager: 🔴 [restore_palawan_tab] RETURNING from payable_tbl_brand_a with 34 fields: adjustments=50.0, 50.0, 50.0, 50.0
